 lon     lat      ve     vn    sdve  sdvn   ve_p   vn_p stat source
-112.183 33.431  -3.96   1.96  0.18  0.11   2.15  -0.35 59WE #
-114.759 37.595  -3.62   3.11  0.25  0.18   1.03  -1.21 7OAK #
-117.093 34.116 -16.81  15.71  0.18  0.18   1.01   2.20 7ODM #
-113.573 50.016   2.49   2.19  0.36  0.33  -1.77  -1.38 ABCH #
-112.835 49.706   3.14   1.77  0.31  0.28  -1.76  -1.26 ABLT #
-110.697 50.022   2.61   1.85  0.27  0.35  -1.58  -1.07 ABMH #
-106.494 34.957  -1.27   1.93  0.16  0.14   0.64  -0.09 ABQ5 #
-106.494 34.957  -1.36   1.97  0.17  0.15   0.64  -0.08 ABQ6 #
-120.100 42.761   0.63   7.45  0.18  0.21  -2.60  -2.30 ABRN #
-117.445 33.274 -27.24  27.40  0.22  0.19  -0.29   2.33 ACSB #
-117.445 33.274 -27.10  27.12  0.27  0.25  -0.28   2.56 ACSX #
-120.007 42.196  -1.01   7.49  0.41  0.41  -2.24  -2.15 ADLL #
-111.918 33.689  -3.58   1.98  0.10  0.25   1.71  -0.52 ADOB #
-117.124 32.807 -27.93  27.96  0.29  0.32  -0.67   1.76 AERO #
-116.429 34.594  -8.52   9.31  0.14  0.13   1.90  -1.11 AGMT #
-112.059 34.248  -3.27   2.72  0.22  0.21   1.66  -0.49 AGUA #
-111.064 42.773   0.66   1.78  0.16  0.11  -1.18  -0.85 AHID #
-117.862 33.849 -23.71  25.06  0.58  0.46  -0.75   2.12 AIAH #
-123.487 48.390   6.83   7.58  0.34  0.29  -1.20  -1.40 AL2H #
-115.158 37.358  -4.23   3.46  0.17  0.13   1.18  -1.19 ALAM #
-123.488 48.390   6.78   7.36  0.75  0.71  -1.20  -1.39 ALB4 #
-123.487 48.390   7.27   7.49  0.14  0.11  -1.22  -1.39 ALBH #
-118.695 34.824 -19.10  19.13  0.18  0.17   2.80  -0.27 ALPP #
-111.620 40.584   0.01   2.19  0.18  0.17  -0.44  -0.62 ALUT #
-104.525 38.803  -0.34   1.49  0.13  0.12  -0.11  -0.02 AMC2 #
-104.525 38.803  -0.55   1.52  0.40  0.37  -0.02  -0.01 AMC4 #
-119.363 34.015 -27.83  31.77  0.16  0.21  -1.69   1.96 ANA1 #
-117.135 46.133   3.32   4.14  0.17  0.18  -2.19  -1.88 ANAT #
-117.371 39.848  -4.72   4.74  0.14  0.14   1.42  -2.21 ANTB #
-118.167 40.146  -3.97   5.13  0.13  0.14  -0.73  -1.60 ANTE #
-120.281 39.643  -9.04   9.77  0.43  0.32   0.09  -2.45 ANTV #
-118.830 34.157 -26.23  28.55  0.26  0.21  -1.77   2.59 AOA1 #
-114.932 36.319  -4.42   3.68  0.23  0.18   1.71  -1.20 APEX #
-114.485 32.679  -5.01   4.16  0.40  0.37   2.56  -0.72 AQUA #
-117.325 33.342 -26.70  26.86  0.21  0.20  -0.18   2.16 AR27 #
-117.477 33.381 -26.66  27.04  0.21  0.20  -0.27   2.46 AR53 #
-109.757 38.880  -0.55   2.11  0.24  0.23   0.13  -0.27 ARCH #
-117.522 36.050  -9.91   9.60  0.24  0.17   2.64  -1.12 ARGU #
-122.142 48.174   6.29   6.54  0.17  0.15  -2.08  -1.92 ARLI #
-120.183 45.708   4.05   5.99  0.21  0.18  -2.52  -2.43 ARLN #
-118.438 38.498  -5.88   7.92  0.16  0.14   0.49  -2.32 ARMY #
-112.623 43.667   0.20   1.61  0.17  0.14  -1.65  -1.26 ARNG #
-119.409 39.000  -6.92   9.75  0.19  0.13   0.25  -2.34 ARTE #
-106.027 49.633   1.97   0.73  0.86  0.87  -1.32  -0.73 ASBL #
-122.670 42.181   0.06  11.62  0.24  0.16  -2.21  -2.93 ASHL #
-116.139 36.346  -5.06   4.58  0.16  0.14   2.23  -1.54 ASHM #
-106.014 49.642   2.50   1.18  0.29  0.23  -1.30  -0.75 ASSI #
-117.308 39.390  -4.88   4.92  0.20  0.17   0.96  -2.16 AST1 #
-117.309 39.390  -4.85   4.92  0.19  0.17   0.98  -2.20 AST2 #
-112.972 35.937  -3.72   2.91  0.25  0.25   1.46  -0.66 AUBR #
-117.154 34.468 -13.44  14.05  0.16  0.14   1.36   0.89 AVRY #
-111.205 32.477  -3.36   3.10  0.34  0.29   1.36  -0.51 AZ36 #
-111.292 32.086  -3.14   2.36  0.53  0.41   1.29  -0.56 AZ3P #
-111.892 33.774  -3.16   2.82  0.42  0.33   1.49  -0.42 AZAH #
-111.557 33.415  -4.07   1.97  0.21  0.18   1.63  -0.53 AZAJ #
-111.071 31.730  -2.53   2.90  0.19  0.17   1.07  -0.49 AZAM #
-112.154 34.057  -3.52   2.64  0.34  0.38   1.85  -0.45 AZBC #
-114.605 35.107  -5.06   3.74  0.19  0.16   2.37  -1.39 AZBH #
-112.620 33.370  -3.84   2.48  0.15  0.13   2.04  -0.58 AZBK #
-110.801 32.259  -2.47   2.80  0.20  0.20   1.25  -0.50 AZBR #
-110.927 32.501  -3.29   2.54  0.33  0.31   1.33  -0.50 AZCA #
-111.728 32.880  -3.00   3.07  0.36  0.30   1.65  -0.59 AZCG #
-111.944 33.832  -3.75   2.77  0.18  0.18   1.74  -0.52 AZCK #
-111.515 32.984  -2.74   3.00  0.24  0.25   1.29  -0.42 AZCL #
-107.911 36.840  -1.38   2.59  0.20  0.18   0.48  -0.07 AZCN #
-109.929 31.391  -2.29   2.64  0.18  0.16   0.96  -0.29 AZCO #
-109.553 31.345  -2.56   2.43  0.24  0.24   0.96  -0.23 AZDG #
-114.359 35.533  -5.26   3.48  0.24  0.20   1.99  -1.22 AZDS #
-110.771 31.960  -3.11   3.02  0.34  0.40   1.18  -0.47 AZDT #
-111.657 35.177  -3.23   2.29  0.17  0.17   1.44  -0.45 AZFL #
-114.595 34.852  -5.29   3.55  0.17  0.16   2.50  -1.53 AZFM #
-112.715 32.947  -3.18   2.92  0.20  0.17   1.94  -0.63 AZGA #
-110.771 33.395  -3.91   2.67  0.18  0.17   1.43  -0.42 AZGB #
-112.354 33.453  -4.33   3.84  0.28  0.24   1.82  -0.59 AZGE #
-111.727 33.313  -3.62   3.04  0.28  0.24   1.62  -0.51 AZGI #
-110.833 33.443  -2.84   2.77  0.23  0.25   1.43  -0.44 AZGL #
-114.254 35.254  -5.59   3.38  0.21  0.17   2.20  -1.19 AZGV #
-114.053 35.190  -5.26   3.10  0.42  0.34   2.87  -1.16 AZKG #
-114.347 34.508  -5.18   4.21  0.18  0.23   2.40  -1.35 AZLH #
-112.056 33.028  -3.17   4.23  0.20  0.24   1.76  -0.60 AZM1 #
-114.154 35.371  -3.95   4.21  0.39  0.39   1.95  -1.34 AZMP #
-114.596 32.676  -3.02   4.76  0.36  0.45   2.00  -0.32 AZNE #
-112.278 33.693  -3.32   2.85  0.17  0.19   1.83  -0.58 AZPA #
-111.463 36.909  -2.74   1.81  0.17  0.17   0.90  -0.44 AZPG #
-114.292 34.145  -4.79   3.78  0.22  0.20   2.40  -1.29 AZPK #
-112.461 34.609  -3.96   2.66  0.20  0.17   1.74  -0.57 AZPS #
-112.318 34.588  -3.56   2.99  0.36  0.58   1.61  -0.42 AZPV #
-112.047 33.499  -3.87   2.31  0.20  0.19   1.75  -0.58 AZPX #
-114.227 33.666  -4.98   4.12  0.34  0.31   2.25  -1.09 AZQZ #
-109.281 34.132  -2.68   2.14  0.21  0.18   1.12  -0.26 AZRV #
-116.630 33.540 -21.60  21.49  0.15  0.13   1.19   2.09 AZRY #
-109.711 32.802  -2.89   2.62  0.52  0.42   1.32  -0.41 AZSA #
-111.923 33.492  -4.74   3.19  0.48  0.30   1.46  -0.46 AZSC #
-109.712 32.802  -2.37   2.68  0.18  0.17   1.15  -0.36 AZSF #
-112.886 35.329  -4.57   2.55  0.42  0.31   2.25  -0.68 AZSG #
-111.635 33.168  -3.25   2.83  0.18  0.20   1.66  -0.57 AZST #
-111.241 34.265  -3.28   2.21  0.19  0.21   1.59  -0.42 AZSV #
-112.874 33.492  -3.96   3.16  0.20  0.17   2.10  -0.63 AZTH #
-110.964 32.190  -3.23   2.57  0.14  0.12   1.41  -0.48 AZTN #
-111.938 33.446  -3.13   2.76  0.17  0.18   1.88  -0.56 AZTP #
-117.896 34.126 -23.46  21.94  0.14  0.13  -1.16   1.83 AZU1 #
-111.620 33.481  -3.47   2.90  0.19  0.17   1.68  -0.53 AZUP #
-110.770 31.954  -2.84   2.92  0.19  0.15   1.14  -0.46 AZVA #
-112.662 33.859  -4.02   2.42  0.20  0.17   2.10  -0.60 AZWA #
-112.745 33.958  -3.99   2.04  0.36  0.41   1.70  -0.52 AZWK #
-114.147 34.879  -4.88   3.36  0.23  0.18   2.26  -1.20 AZYC #
-114.527 32.658  -4.42   3.75  0.16  0.15   2.78  -0.78 AZYU #
-114.642 32.684  -4.45   4.64  0.31  0.28   2.73  -0.82 AZYW #
-117.205 40.413  -3.72   4.38  0.14  0.12   0.49  -2.06 BAMO #
-119.030 33.480 -29.23  32.87  0.17  0.12  -0.98   2.15 BAR1 #
-116.512 36.403  -5.33   4.66  0.30  0.25   2.31  -1.34 BATM #
-117.209 40.516  -3.02   3.97  0.14  0.18   0.02  -1.97 BATT #
-119.982 34.582 -26.33  31.07  0.20  0.15  -2.36   1.75 BBDM #
-111.526 44.185   0.39   1.30  0.16  0.17  -1.80  -1.76 BBID #
-116.884 34.264 -13.27  13.98  0.14  0.14   1.61   2.28 BBRY #
-118.295 41.439  -2.25   5.15  0.46  0.40  -1.37  -1.67 BBUT #
-122.330 49.052   6.47   5.74  0.25  0.28  -2.19  -1.96 BCAB #
-123.000 49.251   6.58   6.65  0.30  0.30  -2.09  -1.84 BCBU #
-117.653 49.312   3.68   3.47  0.18  0.17  -2.06  -1.76 BCCG #
-122.003 49.147   4.66   4.75  0.23  0.23  -2.25  -1.97 BCCH #
-122.791 49.279   6.38   6.45  0.31  0.31  -2.14  -1.91 BCCQ #
-124.984 49.700   6.94   8.32  0.41  0.43  -1.40  -1.30 BCCY #
-123.069 49.032   6.74   7.22  0.38  0.33  -1.97  -1.81 BCDT #
-123.429 48.429   7.46   7.13  0.20  0.17  -1.29  -1.46 BCES #
-121.441 49.379   5.26   5.72  0.37  0.32  -2.25  -1.98 BCHO #
-119.495 49.885   4.42   4.81  0.29  0.30  -2.05  -1.86 BCKW #
-122.657 49.104   6.30   6.61  0.21  0.23  -2.16  -1.89 BCLC #
-123.147 49.115   7.59   6.88  0.19  0.20  -2.01  -1.79 BCLI #
-122.539 49.221   6.34   5.64  0.19  0.22  -2.21  -1.93 BCMR #
-123.953 49.184   7.21   8.09  0.37  0.36  -1.69  -1.47 BCNA #
-123.451 48.648   7.69   7.32  0.21  0.19  -1.52  -1.52 BCNS #
-119.592 49.499   3.20   4.34  0.42  0.41  -2.10  -1.89 BCPI #
-123.763 49.472   7.26   7.13  0.30  0.34  -1.89  -1.71 BCSC #
-122.860 49.192   6.78   6.47  0.17  0.18  -2.12  -1.85 BCSF #
-119.644 49.565   3.87   4.62  0.17  0.17  -2.15  -1.89 BCSL #
-123.800 48.559   8.84   7.84  0.27  0.23  -1.12  -1.25 BCSM #
-123.154 49.699   5.94   7.14  0.47  0.48  -2.05  -1.92 BCSQ #
-119.682 49.602   5.26   5.09  0.41  0.34  -2.13  -1.87 BCSU #
-114.886 49.733   3.19   2.44  0.39  0.30  -1.87  -1.49 BCSW #
-123.083 49.006   6.86   6.49  0.40  0.34  -1.97  -1.82 BCTS #
-123.089 49.276   7.06   6.58  0.21  0.22  -2.07  -1.84 BCVC #
-123.392 48.481   7.40   7.49  0.33  0.36  -1.40  -1.47 BCVI #
-119.406 34.920 -21.40  22.06  0.14  0.12  -0.82   0.60 BCWR #
-122.955 50.131   5.64   5.32  0.35  0.34  -2.04  -1.92 BCWS #
-113.406 44.316   1.07   2.18  0.15  0.15  -1.61  -1.18 BCYI #
-117.350 48.987   3.45   3.64  0.16  0.17  -2.09  -1.76 BDRY #
-114.080 37.518  -3.48   2.82  0.23  0.22   0.96  -1.03 BDSP #
-116.621 37.040  -4.89   4.63  0.14  0.12   1.62  -1.55 BEAT #
-119.828 39.825  -7.01   8.63  0.16  0.17  -0.16  -2.29 BEDE #
-117.783 35.558 -11.31  13.15  0.18  0.17   3.05  -0.82 BEER #
-117.709 39.267  -4.16   4.71  0.17  0.17   0.60  -1.87 BEES #
-122.479 48.755   6.62   6.08  0.16  0.17  -2.17  -1.86 BELI #
-115.998 34.001  -8.77   7.14  0.14  0.12   3.31  -0.81 BEMT #
-121.315 44.057   3.66   8.02  0.17  0.15  -3.14  -2.92 BEND #
-118.074 35.878 -11.28  12.31  0.15  0.12   2.36  -0.47 BEPK #
-120.448 39.602  -8.34  10.04  1.04  0.76   0.14  -2.49 BERR #
-122.125 47.617   6.98   6.69  0.19  0.18  -1.83  -1.95 BFIR #
-119.829 40.729  -4.22   7.84  0.15  0.12  -1.09  -2.06 BFLO #
-119.676 38.854  -8.82  11.35  0.16  0.16   0.45  -2.38 BFLT #
-118.160 33.967 -26.11  25.45  0.16  0.14  -1.27   2.36 BGIS #
-120.118 39.379  -9.02  10.45  0.09  0.09   0.27  -2.42 BHIL #
-118.989 47.933   4.17   4.33  0.17  0.17  -2.26  -1.96 BIGD #
-118.338 37.168  -8.13  11.41  0.92  0.73   0.60  -1.74 BIGP #
-116.825 39.286  -3.84   4.33  0.15  0.17   0.69  -2.15 BIGS #
-107.996 45.971   1.94   1.06  0.15  0.14  -1.32  -0.59 BIL5 #
-107.997 45.971   2.51   1.42  0.15  0.17  -1.32  -0.59 BIL6 #
-117.065 33.578 -24.38  24.00  0.13  0.12   0.46   2.46 BILL #
-124.253 47.539  11.45  13.46  0.39  0.41   2.30  -1.12 BILS #
-115.429 35.958  -4.99   3.87  0.23  0.18   2.13  -1.59 BIRD #
-116.080 35.287  -6.00   5.30  0.14  0.13   2.48  -2.60 BKAP #
-118.095 33.962 -27.56  26.80  0.16  0.16  -1.18   2.13 BKMS #
-119.295 39.796  -5.65   7.58  0.14  0.13  -0.20  -2.17 BLAC #
-118.504 37.758  -5.81  10.26  0.16  0.19   0.98  -2.29 BLIN #
-106.792 34.660  -1.20   2.27  0.28  0.24   0.78  -0.07 BLN1 #
-121.850 44.246   4.16   9.89  0.68  0.57  -2.99  -3.10 BLNP #
-119.093 40.770  -3.21   6.07  0.28  0.30  -1.35  -1.78 BLRK #
-118.029 33.800 -26.89  26.52  0.17  0.13  -0.82   2.43 BLSA #
-118.047 40.949  -2.73   4.82  0.13  0.15  -1.27  -1.62 BLUM #
-122.183 47.599   5.74   7.49  0.38  0.44  -1.91  -1.91 BLVU #
-109.558 42.767   0.79   2.33  0.13  0.11  -1.04  -0.55 BLW2 #
-121.049 42.407  -0.10   8.55  0.20  0.18  -2.66  -2.44 BLY1 #
-122.928 48.016   6.99   7.52  0.32  0.33  -1.46  -1.75 BLYN #
-114.715 33.610  -4.90   3.91  0.13  0.12   2.19  -1.29 BLYT #
-116.053 34.251  -7.92   6.61  0.14  0.13   4.15  -1.34 BMHL #
-116.985 33.963 -16.71  17.77  0.25  0.19   1.19   3.21 BMRY #
-121.308 44.089   3.88   8.38  0.30  0.28  -3.07  -2.92 BNDM #
-117.236 33.258 -27.15  27.14  0.31  0.27  -0.21   2.10 BNSL #
-116.982 39.448  -3.97   4.48  0.15  0.18   0.90  -2.20 BOBS #
-120.045 39.411  -9.12   9.88  0.24  0.20   0.25  -2.36 BOCA #
-118.969 38.216  -8.69  10.91  0.09  0.12   0.79  -2.39 BODI #
-119.382 40.272  -4.45   6.93  0.11  0.08  -0.80  -2.08 BOIL #
-117.177 37.225  -4.85   5.77  0.17  0.13   1.26  -2.11 BONI #
-120.428 39.531  -8.88  10.09  0.52  0.29   0.20  -2.48 BONT #
-119.956 39.476  -7.91  10.24  0.21  0.25   0.19  -2.34 BOOM #
-114.788 35.907  -4.87   3.78  0.22  0.15   1.92  -1.33 BOUL #
-120.327 46.883   4.32   5.49  0.20  0.25  -2.34  -2.21 BPKT #
-111.824 33.372  -4.13   3.48  0.23  0.23   1.89  -0.57 BRA1 #
-119.051 39.777  -5.39   7.19  0.19  0.16  -0.14  -2.14 BRAD #
-118.277 34.185 -24.04  23.89  0.15  0.12  -1.76   2.34 BRAN #
-115.522 32.978  -7.90   9.09  0.27  0.30   1.20  -1.56 BRAW #
-120.109 41.230  -3.05   7.88  0.43  0.27  -1.51  -2.06 BRBR #
-119.683 48.132   3.98   4.62  0.13  0.12  -2.37  -1.96 BREW #
-122.153 37.919 -17.23  21.22  0.18  0.18   1.89  -3.54 BRIB #
-119.311 38.207 -10.41  12.50  0.18  0.16   0.82  -2.41 BRID #
-123.016 49.270   7.14   6.80  0.32  0.37  -2.09  -1.89 BRN3 #
-123.022 49.275   6.45   6.35  0.28  0.24  -2.27  -1.80 BRNB #
-118.191 44.440   2.06   4.65  0.38  0.40  -2.38  -2.21 BRNT #
-117.943 39.169  -4.03   4.93  0.12  0.15   0.35  -1.74 BROK #
-118.577 34.682 -20.05  21.11  0.15  0.13   0.57   0.81 BRPK #
-120.041 38.494 -10.12  13.01  0.38  0.32   0.90  -2.42 BRVL #
-112.531 44.740   1.45   1.93  0.26  0.24  -1.63  -1.18 BSNC #
-112.863 44.578   1.60   1.90  0.23  0.20  -1.64  -1.17 BSPC #
-117.012 34.919  -9.61  11.89  0.14  0.12   1.34  -0.27 BSRY #
-122.132 47.554   6.41   7.66  0.17  0.14  -1.78  -1.95 BSUM #
-118.188 34.293 -22.62  22.29  0.16  0.15  -1.66   1.98 BTDM #
-122.797 45.486   5.74  10.62  0.23  0.18  -1.42  -2.66 BTON #
-120.196 34.613 -29.47  33.15  0.37  0.31  -2.54   1.40 BUEG #
-112.628 44.696   1.16   1.47  0.28  0.27  -1.60  -1.19 BUEH #
-117.266 40.361  -4.16   4.41  0.13  0.14   0.74  -2.16 BUFF #
-116.872 36.918  -5.26   5.05  0.20  0.18   1.81  -1.63 BULL #
-104.353 41.188   0.78   1.63  0.19  0.21  -0.52  -0.11 BUR5 #
-117.844 42.780   0.25   4.54  0.13  0.11  -2.00  -1.88 BURN #
-119.839 40.519  -4.99   8.16  0.12  0.14  -0.90  -2.11 BURR #
-116.451 36.745  -5.25   4.42  0.21  0.16   1.97  -1.43 BUST #
-118.555 37.346  -8.26  11.39  0.13  0.12   0.60  -1.99 BUTM #
-119.841 41.479  -2.29   7.29  0.16  0.16  -1.68  -1.99 BUTT #
-120.237 39.565  -8.37   9.59  0.35  0.28   0.13  -2.44 BVAL #
-119.348 35.157 -20.41  19.12  0.15  0.11   2.94  -2.52 BVPP #
-118.554 34.413 -22.88  21.89  0.22  0.20  -1.71   2.32 CA00 #
-116.052 34.136  -8.35   7.61  0.34  0.38   3.60  -0.70 CA29 #
-120.654 35.471 -24.52  35.06  0.41  0.35  -3.59   0.13 CAAT #
-116.073 35.276  -7.37   5.82  0.37  0.31   4.72  -2.69 CAB5 #
-117.283 34.104 -19.90  18.11  0.31  0.27   0.34   3.85 CABD #
-124.563 42.836   8.04  18.00  0.14  0.12  -2.12  -2.26 CABL #
-117.050 34.894  -9.60  13.08  0.32  0.33   1.79   0.83 CABS #
-114.610 33.609  -4.86   4.83  0.45  0.35   2.20  -1.26 CABY #
-116.406 33.799 -15.69  15.27  0.26  0.22   1.88   0.80 CAC1 #
-117.989 35.100 -12.30  15.92  0.27  0.17   3.37   0.06 CAC2 #
-124.184 41.746   0.22  18.78  0.21  0.21   1.01  -4.65 CACC #
-121.805 39.714 -10.60  12.15  0.32  0.24   0.51  -2.99 CACH #
-116.944 32.746 -28.17  27.52  0.40  0.38  -0.74   2.28 CACJ #
-116.475 32.625 -28.34  28.19  0.28  0.24  -1.32   1.04 CACM #
-121.229 40.310  -9.20  11.63  0.64  0.37  -0.30  -2.62 CACR #
-115.990 33.655 -12.07  10.18  0.14  0.13   2.29   0.45 CACT #
-115.527 32.672 -17.61  25.00  0.25  0.23   0.73  -0.75 CACX #
-122.505 37.728 -21.09  30.92  0.26  0.24  -0.19  -0.42 CADY #
-115.230 34.751  -5.74   4.09  0.20  0.18   2.97  -2.06 CAE1 #
-115.230 34.751  -5.80   4.01  0.19  0.18   2.97  -1.98 CAE2 #
-115.565 32.791 -19.32  21.09  0.23  0.19   0.83  -1.67 CAEC #
-120.703 40.422  -6.08   9.65  0.30  0.39  -0.53  -2.36 CAEL #
-124.136 40.805  -2.26  23.88  0.40  0.35   2.48  -3.16 CAEU #
-121.431 41.018  -4.67  10.15  0.41  0.32  -1.02  -2.49 CAFM #
-121.925 37.470 -21.82  27.91  0.42  0.34   1.53  -2.65 CAFT #
-117.827 34.128 -22.93  22.41  0.17  0.27  -1.00   1.82 CAGD #
-114.943 32.712  -5.54   4.39  0.27  0.28   2.35  -0.87 CAGW #
-122.490 37.506 -23.94  34.15  0.21  0.20  -1.29   1.21 CAHB #
-117.127 32.575 -28.51  28.87  0.21  0.20  -0.98   1.80 CAIB #
-118.487 35.603 -12.81  13.25  0.34  0.30   2.34  -0.83 CAIS #
-118.242 34.108 -24.79  23.52  0.24  0.28  -1.37   2.60 CAL5 #
-118.872 34.806 -20.27  20.96  0.33  0.34   1.24   0.18 CAL8 #
-118.129 38.596  -4.90   6.43  0.14  0.25   0.32  -1.95 CALA #
-117.714 33.635 -26.23  26.90  0.28  0.24  -0.42   2.50 CALK #
-116.774 39.688  -4.09   4.43  0.15  0.15   0.94  -2.08 CALL #
-118.147 34.649 -17.00  19.38  0.24  0.26   2.02   0.22 CALS #
-119.073 38.792  -6.68   9.95  0.19  0.19   0.18  -2.44 CAMB #
-122.314 41.314  -4.75  11.04  0.38  0.38  -0.97  -2.73 CAMS #
-121.820 36.580 -28.23  34.64  0.16  0.17  -0.41   1.52 CAMT #
-120.434 35.939 -10.95  23.68  0.45  0.38  -0.14  -2.22 CAND #
-115.517 33.237  -7.46   3.08  0.36  0.36   1.39  -1.13 CANI #
-115.292 32.933  -5.19   4.87  0.25  0.20   1.45  -1.14 CAOR #
-117.378 33.198 -27.24  27.09  0.20  0.18  -0.35   2.36 CAOS #
-119.174 34.191 -27.44  30.20  0.51  0.34  -1.75   2.46 CAOX #
-122.222 37.714 -20.94  28.70  0.21  0.19   1.47  -2.71 CAP1 #
-122.150 37.395 -22.68  30.32  0.36  0.36   0.25  -0.79 CAP6 #
-118.280 33.747 -26.53  28.77  0.19  0.17  -1.05   2.44 CAPE #
-121.902 37.696 -15.61  19.45  0.22  0.27   1.95  -3.15 CAPL #
-120.824 38.697 -10.92  13.80  0.40  0.32   0.84  -2.57 CAPV #
-116.867 33.043 -27.07  26.64  0.20  0.22  -0.37   1.59 CARA #
-111.319 38.515  -1.31   2.55  0.24  0.20   0.35  -0.43 CARE #
-121.313 38.790 -11.24  12.29  0.17  0.16   1.06  -2.91 CARK #
-120.431 35.888 -21.04  32.93  0.38  0.26  -0.24  -2.13 CARR #
-119.799 39.145  -8.65  10.88  0.23  0.21   0.34  -2.33 CARS #
-117.913 33.759 -26.45  26.45  0.47  0.31  -0.71   2.14 CAS4 #
-117.122 32.814 -28.17  27.82  0.19  0.17  -0.82   2.00 CASD #
-117.404 33.455 -25.85  26.59  0.22  0.19  -0.15   2.48 CASE #
-119.237 40.833  -3.66   6.47  0.29  0.32  -1.35  -1.84 CASI #
-116.971 33.807 -19.41  20.82  0.22  0.18   0.87   2.21 CASJ #
-118.472 34.018 -25.49  27.34  0.19  0.20  -1.46   2.43 CASM #
-119.845 34.416 -27.42  31.34  0.21  0.19  -2.21   1.75 CASN #
-122.747 38.441 -18.52  30.54  0.21  0.19   1.56  -3.53 CASR #
-110.677 39.191  -0.56   2.00  0.12  0.11   0.05  -0.35 CAST #
-122.055 36.959 -26.68  34.14  0.23  0.24  -0.52   1.65 CASZ #
-118.334 33.312 -28.68  31.07  0.13  0.11  -0.78   2.36 CAT2 #
-118.483 33.446 -28.67  31.16  0.14  0.11  -0.76   2.42 CAT3 #
-117.178 33.514 -26.29  24.99  0.24  0.22   0.10   2.42 CATE #
-123.367 46.197   6.44  11.10  0.20  0.21  -0.28  -2.27 CATH #
-120.170 39.336  -8.66  11.69  0.51  0.29   0.20  -2.31 CATK #
-117.323 34.511 -14.25  15.26  0.19  0.17   1.57   0.63 CAVI #
-115.735 33.070 -13.79  20.95  0.48  0.44   0.80  -0.71 CAWS #
-118.833 34.159 -26.19  28.70  0.22  0.21  -1.69   2.43 CAWV #
-117.318 33.121 -27.38  28.28  0.17  0.17  -0.37   2.05 CBAD #
-118.630 34.139 -25.56  27.58  0.14  0.12  -1.71   2.44 CBHS #
-122.191 47.614   6.51   7.62  0.20  0.18  -1.78  -1.94 CBLV #
-117.671 35.565 -11.05  12.40  0.15  0.12   2.67  -0.49 CCCC #
-118.211 33.876 -23.39  28.36  0.23  0.17  -1.21   2.54 CCCO #
-117.865 33.863 -26.06  25.87  0.20  0.22  -0.74   2.53 CCCS #
-117.979 46.321   4.03   4.14  0.29  0.31  -2.28  -1.99 CCPW #
-122.400 37.749 -21.87  30.55  0.28  0.21   0.70  -1.77 CCSF #
-119.013 34.806 -22.25  20.86  0.18  0.20   0.34   0.23 CCST #
-105.245 38.438  -0.40   1.60  0.22  0.23   0.01  -0.03 CCTY #
-115.039 36.110  -4.40   3.28  0.23  0.21   1.94  -1.54 CCWR #
-119.348 39.102  -6.40   9.55  0.13  0.14   0.16  -2.29 CCYN #
-116.336 34.829  -7.55   7.52  0.14  0.12   1.72  -3.00 CDMT #
-112.860 40.681  -2.31   2.06  0.14  0.11  -0.52  -0.77 CEDA #
-114.041 35.465  -4.19   3.43  0.14  0.14   1.88  -1.03 CERB #
-117.821 36.536  -8.58   9.48  0.10  0.08   2.43  -2.09 CERR #
-117.965 34.244 -22.69  21.34  0.19  0.20  -1.24   1.74 CGDM #
-107.977 30.365  -1.88   3.25  0.51  0.43   0.77  -0.21 CGIG #
-122.119 37.724 -17.20  24.03  0.19  0.20   1.80  -3.39 CHAB #
-122.776 48.011   7.12   7.33  0.16  0.15  -1.57  -1.83 CHCM #
-112.717 44.648   1.36   1.40  0.28  0.29  -1.63  -1.21 CHCN #
-119.990 47.832   4.74   4.72  0.17  0.16  -2.37  -2.01 CHEL #
-121.786 43.224   2.36   9.32  0.18  0.18  -3.27  -2.92 CHEM #
-104.810 41.118   0.37   1.38  0.20  0.18  -0.51  -0.12 CHEY #
-118.207 37.838  -5.77   8.31  0.14  0.14   0.92  -2.32 CHIA #
-106.087 28.662  -0.90   1.86  0.32  0.27   0.53  -0.19 CHIH #
-118.026 34.333 -21.74  21.62  0.14  0.12  -1.29   1.71 CHIL #
-109.366 32.006  -2.37   2.63  0.23  0.21   1.03  -0.34 CHIR #
-116.766 36.747  -5.42   4.95  0.22  0.17   2.06  -1.51 CHLO #
-121.995 49.144   6.30   7.47  0.47  0.43  -2.24  -1.96 CHLW #
-117.828 34.640 -15.37  17.73  0.16  0.15   2.19  -0.08 CHMS #
-117.062 39.720  -4.18   4.42  0.19  0.20   1.17  -2.16 CHNA #
-121.665 39.433 -10.21  12.23  0.18  0.16   0.57  -3.11 CHO5 #
-121.665 39.433 -10.36  11.92  0.17  0.14   0.59  -3.12 CHO6 #
-120.735 35.333 -26.11  36.12  0.28  0.24  -2.72   0.40 CHOR #
-122.910 46.612   5.65   8.92  0.52  0.47  -0.85  -2.08 CHST #
-121.954 49.153   6.19   5.63  0.30  0.33  -2.28  -2.02 CHW2 #
-122.008 49.157   5.97   5.59  0.14  0.13  -2.30  -1.96 CHWK #
-123.978 45.487   8.18  13.19  0.17  0.14   0.16  -2.02 CHZZ #
-116.666 31.871 -29.84  30.38  0.27  0.18  -0.05   1.59 CIC1 #
-116.667 31.871 -29.51  29.59  0.51  0.41  -0.15   1.36 CICE #
-118.885 39.805  -5.16   6.87  0.26  0.22  -0.13  -2.11 CINN #
-118.937 34.110 -26.84  29.50  0.14  0.12  -1.72   2.29 CIRX #
-118.127 34.137 -23.01  23.21  0.16  0.13  -1.57   2.21 CIT1 #
-117.424 34.271 -14.67  18.25  0.55  0.34   0.53   1.27 CJMG #
-117.479 34.314 -17.72  18.11  0.16  0.14   0.47   1.59 CJMS #
-118.144 34.530 -20.34  21.80  0.33  0.31   0.36   1.12 CJVG #
-112.091 34.787  -3.45   2.71  0.24  0.18   1.62  -0.51 CLA3 #
-117.897 39.665  -4.15   5.24  0.22  0.21   0.04  -2.43 CLAN #
-117.709 34.110 -22.72  21.82  0.14  0.13  -0.90   2.31 CLAR #
-117.311 33.135 -27.41  27.40  0.18  0.17  -0.40   2.12 CLBD #
-109.417 32.846  -2.46   2.45  0.21  0.17   1.12  -0.32 CLIF #
-120.549 39.768  -9.04  10.67  0.52  0.37   0.02  -2.51 CLIO #
-114.874 40.558  -2.90   2.81  0.15  0.13  -0.38  -1.29 CLOV #
-124.131 48.820   7.76   7.74  0.18  0.17  -1.26  -1.10 CLRS #
-115.258 36.215  -5.32   4.30  0.20  0.21   2.05  -1.50 CLV1 #
-115.271 36.318  -5.34   3.01  0.49  0.39   3.31  -1.23 CLV2 #
-115.350 36.182  -4.82   3.91  0.38  0.31   2.71  -1.36 CLV3 #
-120.386 38.034 -11.51  12.71  0.15  0.13   1.37  -2.52 CMBB #
-124.396 40.442  -8.97  35.72  0.17  0.17   1.89  -2.52 CME5 #
-124.396 40.441  -9.12  36.48  0.21  0.21   2.13  -2.58 CME6 #
-118.411 34.353 -23.06  22.90  0.14  0.12  -1.81   2.27 CMP9 #
-116.527 32.687 -27.81  26.89  0.32  0.40  -0.95   0.98 CMPO #
-108.790 40.077   0.47   1.74  0.20  0.21  -0.27  -0.25 CNC1 #
-121.749 48.539   5.76   5.83  0.17  0.18  -2.31  -1.96 CNCR #
-106.625 35.076  -1.62   2.05  0.26  0.21   0.65  -0.08 CNM1 #
-117.609 33.858 -23.80  24.50  0.14  0.12  -0.37   2.49 CNPP #
-106.855 39.196  -0.06   1.59  0.20  0.21  -0.08  -0.09 COA3 #
-105.876 37.460  -0.95   1.99  0.34  0.42   0.33  -0.02 COA5 #
-115.123 32.863  -4.14   4.83  0.22  0.21   1.98  -1.23 COAG #
-118.346 40.250  -3.72   5.34  0.10  0.14  -1.20  -1.64 COAL #
-105.203 40.064  -0.47   1.38  0.22  0.20  -0.30  -0.08 COBD #
-104.332 40.639   0.28   1.92  0.34  0.33  -0.41  -0.08 COBE #
-106.048 39.530  -0.03   1.56  0.39  0.31  -0.14  -0.06 COBK #
-104.218 39.708  -0.07   1.53  0.35  0.31  -0.22  -0.03 COBY #
-104.298 39.038  -0.38   1.68  0.20  0.19  -0.14  -0.03 COCA #
-105.298 39.540  -0.14   1.46  0.33  0.32  -0.18  -0.05 COCF #
-119.241 39.605  -6.05   7.91  0.18  0.15  -0.02  -2.19 COF1 #
-105.160 40.593   0.28   1.54  0.18  0.16  -0.42  -0.10 COFC #
-103.825 40.268   0.01   1.43  0.24  0.18  -0.36  -0.06 COFG #
-104.804 40.079   0.09   1.62  0.35  0.46  -0.29  -0.06 COFN #
-104.704 40.378  -0.06   1.51  0.21  0.20  -0.37  -0.09 COGR #
-104.887 39.610  -0.10   1.59  0.20  0.23  -0.22  -0.05 COGW #
-115.729 32.851 -21.81  23.80  0.28  0.21   0.39  -1.27 COKG #
-117.851 39.411  -5.09   4.51  0.17  0.16   1.43  -1.68 COLD #
-105.105 40.402  -0.23   1.76  0.31  0.29  -0.35  -0.08 COLN #
-118.054 38.089  -5.38   6.61  0.14  0.15   0.85  -2.10 COLU #
-117.903 48.545   3.75   3.51  0.16  0.16  -2.19  -1.82 COLV #
-120.181 45.238   3.31   6.33  0.19  0.18  -2.60  -2.52 COND #
-119.172 38.125 -10.21  12.42  0.14  0.13   0.89  -2.38 CONW #
-111.518 32.977  -3.25   2.81  0.20  0.19   1.58  -0.55 COOL #
-112.121 40.653  -1.58   2.07  0.15  0.14  -0.50  -0.65 COON #
-118.197 39.915  -4.95   5.25  0.10  0.13  -0.00  -1.54 COPP #
-119.880 34.415 -27.91  30.72  0.14  0.17  -2.25   1.78 COPR #
-104.614 38.272  -0.54   1.27  0.18  0.18   0.02  -0.01 COPU #
-123.305 44.586   5.78  11.82  0.14  0.15  -1.38  -2.96 CORV #
-117.248 32.415 -29.46  29.99  0.21  0.19  -0.52   2.31 CORX #
-111.882 33.569  -3.14   3.62  0.20  0.19   1.60  -0.48 COSA #
-104.781 38.960  -0.28   1.83  0.25  0.22  -0.09  -0.02 COSG #
-117.881 36.063  -8.56  10.52  0.15  0.14   2.96  -0.13 COSJ #
-103.226 40.620  -0.05   1.97  0.29  0.29  -0.40  -0.06 COSL #
-110.972 32.224  -2.77   2.99  0.16  0.13   1.02  -0.42 COT1 #
-110.831 32.237  -3.14   3.10  0.17  0.19   1.11  -0.44 COT2 #
-116.387 33.732 -16.95  17.16  0.17  0.15   1.84   1.07 COTD #
-119.342 41.591  -1.84   6.47  0.16  0.18  -1.70  -1.92 COTT #
-122.261 46.059   5.67   7.87  0.23  0.23  -1.70  -2.49 COUG #
-122.686 48.217   7.42   7.78  0.18  0.16  -1.76  -1.82 COUP #
-124.996 49.690   8.01   7.77  0.22  0.27  -1.39  -1.29 COUR #
-112.844 38.624  -2.59   1.72  0.22  0.23   0.41  -0.73 COVE #
-105.786 39.917   0.00   1.41  0.29  0.22  -0.27  -0.08 COWI #
-114.621 32.701  -4.45   4.34  0.35  0.34   2.54  -0.80 COYA #
-117.573 35.072 -10.81  14.60  0.12  0.10   2.60  -0.27 CPBN #
-120.314 47.430   5.03   5.10  0.22  0.20  -2.39  -2.06 CPUD #
-122.257 46.840   6.52   8.15  0.17  0.14  -1.52  -2.21 CPXF #
-122.257 46.840   6.04   8.24  0.16  0.12  -1.50  -2.26 CPXX #
-115.769 49.522   3.43   2.75  0.24  0.21  -1.94  -1.57 CRA4 #
-116.818 37.081  -4.90   5.01  0.15  0.12   1.57  -1.68 CRAM #
-116.569 36.808  -4.99   4.55  0.23  0.18   1.91  -1.48 CRAT #
-112.635 43.830   0.26   1.45  0.15  0.14  -1.70  -1.30 CRBG #
-120.751 35.792 -21.40  36.60  0.15  0.13  -1.85  -0.27 CRBT #
-117.100 34.039 -18.08  17.74  0.13  0.14   0.82   3.04 CRFP #
-119.725 35.242 -19.73  21.89  0.25  0.22   0.21  -0.71 CRGG #
-118.273 33.824 -26.42  27.38  0.18  0.17  -1.16   2.37 CRHS #
-115.669 49.600   4.13   2.17  1.30  0.82  -2.01  -1.54 CRNB #
-110.257 31.348  -2.42   2.69  0.28  0.21   0.99  -0.34 CRND #
-122.913 46.275   5.06   9.46  0.21  0.17  -0.92  -2.29 CROK #
-117.503 38.734  -3.85   4.78  0.16  0.18   0.34  -1.98 CRPL #
-115.735 33.070 -14.38  19.34  0.13  0.13   1.00  -0.60 CRRS #
-119.785 34.029 -28.46  34.02  0.14  0.12  -1.74   1.72 CRU1 #
-120.010 39.249  -9.25  10.66  0.27  0.25   0.33  -2.37 CRYS #
-119.039 34.168 -27.11  30.14  0.14  0.11  -1.84   2.18 CSCI #
-118.257 33.861 -26.89  27.18  0.15  0.11  -1.19   2.40 CSDH #
-121.732 46.871   4.82   7.87  0.49  0.43  -1.90  -2.20 CSHQ #
-121.732 46.871   5.06   7.29  0.45  0.40  -1.99  -2.16 CSHR #
-121.860 37.319 -21.55  28.55  0.19  0.18   1.75  -2.36 CSJB #
-122.236 47.381   5.47   7.51  0.18  0.14  -1.62  -1.96 CSKI #
-118.524 34.254 -24.08  25.92  0.14  0.12  -1.93   2.51 CSN1 #
-119.371 34.408 -26.40  26.37  0.14  0.13  -2.40   1.93 CSST #
-117.658 49.258   3.61   3.71  0.23  0.24  -2.05  -1.76 CST1 #
-118.613 34.517 -21.69  21.32  0.14  0.12  -1.63   1.98 CTDM #
-107.756 37.153  -2.22   1.61  0.19  0.19   0.45  -0.10 CTI4 #
-105.193 39.722  -0.13   1.44  0.22  0.19  -0.25  -0.06 CTMC #
-116.370 34.124 -10.08  10.81  0.14  0.13   3.43   1.23 CTMS #
-122.894 42.377   0.74  12.39  0.20  0.14  -2.41  -3.10 CTPT #
-119.674 34.943 -22.52  28.12  0.37  0.34  -2.30   1.93 CUHS #
-121.687 47.975   5.24   6.19  0.38  0.40  -2.13  -1.97 CULM #
-123.220 47.423   7.18   8.90  0.19  0.19  -0.57  -1.83 CUSH #
-117.902 34.082 -24.62  22.93  0.18  0.13  -1.17   2.17 CVHS #
-122.496 45.611   5.72  10.11  0.19  0.14  -1.69  -2.60 CVO1 #
-115.419 32.225 -25.68  28.36  0.28  0.20  -0.65   1.12 DAEX #
-118.397 34.334 -24.49  21.08  0.52  0.39  -1.97   2.25 DAM1 #
-118.397 34.335 -23.00  22.80  0.24  0.17  -1.92   2.48 DAM2 #
-118.397 34.334 -23.68  22.59  0.24  0.19  -1.75   2.33 DAM3 #
-120.772 35.254 -25.81  36.06  0.23  0.22  -2.68   0.53 DAPK #
-120.578 39.956  -7.47   9.66  0.23  0.38  -0.11  -2.47 DAVI #
-120.419 42.791   0.33   7.38  0.17  0.18  -2.74  -2.37 DBLO #
-120.845 35.212 -26.37  36.72  0.20  0.22  -2.65   0.58 DCAN #
-123.342 43.211   2.98  12.99  0.19  0.17  -2.68  -3.54 DCSO #
-111.528 40.413   0.17   2.27  0.23  0.19  -0.38  -0.62 DCUT #
-123.244 43.119   2.88  12.71  0.15  0.12  -2.72  -3.47 DDSN #
-122.480 48.753   6.44   5.95  0.41  0.35  -2.31  -1.82 DEA2 #
-119.091 38.051 -10.98  12.25  0.21  0.16   0.85  -2.30 DECH #
-123.926 47.469   9.64  11.01  0.23  0.22   0.75  -1.63 DEEJ #
-118.047 37.343  -6.54   9.33  0.12  0.11   0.82  -2.85 DEEP #
-116.642 32.830 -27.88  27.16  0.15  0.14  -0.73   1.25 DESC #
-114.484 35.917  -4.47   2.82  0.21  0.18   1.83  -1.20 DETR #
-116.280 36.438  -5.41   4.49  0.11  0.08   2.30  -1.39 DEVL #
-115.788 33.390 -13.04  10.74  0.15  0.12   1.66   0.13 DHLG #
-121.916 37.879 -13.56  16.96  0.15  0.14   1.92  -3.42 DIAB #
-120.473 40.204  -7.09   9.49  0.25  0.21  -0.41  -2.39 DIAM #
-110.380 37.914  -1.30   2.12  0.23  0.21   0.45  -0.30 DIRT #
-118.210 39.540  -4.61   4.62  0.57  0.62  -0.38  -0.65 DIXI #
-123.015 49.134   7.00   6.57  0.26  0.32  -2.03  -1.83 DLTA #
-117.307 33.431 -26.66  26.46  0.18  0.17  -0.11   2.45 DLUZ #
-117.217 32.928 -27.26  27.59  0.38  0.42  -0.52   1.89 DMAR #
-117.164 48.137   3.46   3.30  0.18  0.18  -2.11  -1.78 DMND #
-118.766 38.050  -7.77  11.02  0.26  0.21   1.22  -1.96 DOBI #
-119.690 37.264 -12.52  12.18  0.27  0.20   1.15  -2.75 DOND #
-119.018 36.692 -10.81  12.90  0.25  0.23   0.85  -2.42 DONO #
-119.763 39.156  -8.25  10.08  0.27  0.20   0.30  -2.35 DOT1 #
-120.147 40.026  -7.26   9.13  0.13  0.13  -0.29  -2.30 DOYL #
-119.625 49.323   3.91   4.83  0.27  0.26  -2.17  -1.88 DR2O #
-119.625 49.322   4.43   4.77  0.21  0.23  -2.17  -1.89 DRA3 #
-119.624 49.323   4.20   4.49  0.22  0.23  -2.17  -1.88 DRA4 #
-119.625 49.323   3.91   4.07  0.12  0.12  -2.30  -1.88 DRAO #
-117.330 38.607  -3.96   4.50  0.12  0.11   0.52  -2.04 DRYC #
-119.852 40.401  -5.71   8.21  0.11  0.11  -0.76  -2.14 DRYV #
-116.791 35.248  -7.41   9.46  0.30  0.26   2.52  -1.25 DS13 #
-118.349 34.024 -25.23  26.41  0.27  0.22  -1.62   2.53 DSHS #
-117.250 33.036 -27.64  27.45  0.14  0.12  -0.43   2.12 DSME #
-105.261 39.991  -0.16   1.30  0.15  0.13  -0.31  -0.07 DSRC #
-116.712 33.733 -18.04  18.87  0.16  0.13   1.37   2.24 DSSC #
-117.846 35.267 -11.24  14.59  0.29  0.25   2.98   0.08 DTPG #
-117.309 37.314  -5.03   5.91  0.23  0.17   1.08  -2.30 DUNF #
-119.770 38.764 -10.11  11.70  0.24  0.24   0.58  -2.39 DVAL #
-114.039 44.383   0.99   2.99  0.35  0.31  -1.88  -1.37 DVCG #
-117.001 33.701 -23.39  22.75  0.25  0.19   0.80   2.81 DVLE #
-117.067 33.658 -24.39  23.16  0.20  0.18   0.57   2.55 DVLW #
-116.994 33.694 -23.45  22.50  0.37  0.29   0.78   2.63 DVNE #
-117.860 34.413 -19.88  20.59  0.16  0.17  -0.15   1.02 DVPB #
-118.148 47.656   3.72   4.01  0.15  0.16  -2.25  -1.94 DVPT #
-122.080 47.774   8.43   6.04  0.35  0.39  -2.10  -1.54 DWH1 #
-118.039 37.743  -5.41   7.40  0.23  0.17   0.83  -2.36 DYER #
-118.127 33.938 -26.55  25.21  0.23  0.21  -1.17   2.15 DYH2 #
-118.126 33.938 -28.83  25.32  0.22  0.22  -1.40   2.57 DYHS #
-116.367 36.192  -6.30   4.89  0.11  0.11   2.41  -1.38 EAGL #
-119.816 38.548 -10.74  12.63  0.39  0.39   0.68  -2.35 EBBS #
-122.284 37.815 -20.21  29.40  0.16  0.14   1.51  -2.96 EBMD #
-106.848 39.652  -0.22   1.27  0.16  0.17  -0.18  -0.11 EC01 #
-118.329 33.887 -25.64  28.03  0.37  0.27  -1.34   2.60 ECCO #
-117.412 33.648 -25.01  25.30  0.14  0.12  -0.04   2.58 ECFS #
-114.264 37.916  -3.68   2.83  0.13  0.11   0.82  -1.02 ECHO #
-117.315 40.901  -3.23   5.21  0.38  0.29  -0.92  -2.00 EDNA #
-118.830 34.946 -19.59  18.57  0.14  0.14   3.16  -0.77 EDPP #
-114.939 39.345  -3.38   2.81  0.14  0.12   0.29  -1.32 EGAN #
-120.787 43.031   1.47   8.25  0.21  0.17  -2.97  -2.54 EGLI #
-114.522 37.355  -3.69   2.93  0.62  0.68   1.13  -1.19 ELGI #
-117.928 45.565   3.68   4.66  0.36  0.24  -2.33  -2.04 ELGN #
-115.817 40.915  -3.08   3.34  0.12  0.10  -0.60  -1.46 ELKO #
-118.208 34.030 -24.70  23.66  0.14  0.12  -1.41   2.23 ELSC #
-117.426 33.649 -25.93  25.79  0.27  0.26  -0.07   2.65 ELSG #
-122.761 47.498   6.48   7.65  0.16  0.14  -1.24  -1.88 ELSR #
-118.426 34.703 -18.47  18.13  0.24  0.29   2.06   0.59 ELTN #
-118.454 34.599 -17.63  21.90  0.34  0.35  -0.14   1.34 ELTS #
-116.228 43.559   0.56   3.42  0.28  0.27  -1.97  -1.66 EM01 #
-112.927 44.074   0.92   1.69  0.20  0.17  -1.71  -1.27 EMIG #
-120.537 39.462  -9.84  11.18  0.47  0.43   0.31  -2.51 ENGL #
-117.288 45.431   2.96   3.81  0.18  0.18  -2.27  -1.93 ENTR #
-121.956 47.206   5.38   7.47  0.18  0.18  -1.78  -2.07 ENUM #
-119.770 34.451 -30.28  29.48  0.41  0.36  -2.38   1.79 EOCG #
-111.929 41.253   0.00   1.97  0.16  0.13  -0.75  -0.71 EOUT #
-117.881 37.920  -4.84   6.19  0.14  0.15   0.79  -2.26 EPAS #
-119.545 47.329   4.08   4.72  0.15  0.15  -2.36  -2.07 EPHR #
-107.568 40.513   0.32   1.87  0.18  0.19  -0.40  -0.20 EPP1 #
-115.823 33.116 -17.86  17.64  0.22  0.22   0.84  -0.92 ERRG #
-117.118 33.129 -27.10  27.07  0.26  0.21  -0.31   1.92 ESCN #
-116.994 33.675 -22.77  23.27  0.19  0.18   0.68   2.14 ESE2 #
-117.067 33.682 -23.83  23.06  0.22  0.19   0.56   2.35 ESRW #
-120.583 41.865  -2.01   8.20  0.27  0.25  -2.04  -2.21 EVER #
-118.638 38.693  -5.84   8.41  0.17  0.18   0.09  -2.51 EWLK #
-117.526 34.104 -22.04  21.82  0.14  0.12  -0.43   2.28 EWPP #
-120.580 43.147   1.74   7.92  0.39  0.39  -2.93  -2.51 FAND #
-123.001 37.697 -24.83  36.80  0.14  0.11  -2.09   2.29 FARB #
-118.734 40.513  -3.45   5.84  0.17  0.14  -1.37  -1.71 FARR #
-120.308 40.077  -6.60   9.96  0.21  0.33  -0.31  -2.36 FERI #
-112.455 35.342  -3.51   2.77  0.13  0.11   1.59  -0.46 FERN #
-118.259 34.051 -23.90  27.70  0.56  0.65  -1.43   2.30 FGNW #
-118.259 34.051 -28.10  26.25  0.41  0.51  -1.32   2.43 FGSE #
-120.009 34.733 -27.55  30.75  0.15  0.12  -2.48   1.80 FGST #
-118.259 34.051 -24.23  24.50  0.53  0.48  -1.28   2.44 FGSW #
-116.936 34.094 -15.40  15.41  0.21  0.23   1.51   2.02 FHOG #
-118.208 38.776  -5.44   6.29  0.24  0.26   1.16  -1.86 FING #
-119.090 39.904  -5.16   7.00  0.25  0.26  -0.33  -2.15 FIRE #
-118.006 37.567  -5.13   8.49  0.13  0.11   0.87  -2.77 FISH #
-118.093 40.332  -3.25   4.94  0.23  0.27  -1.35  -1.37 FITT #
-120.589 42.022  -1.35   7.80  0.23  0.19  -2.21  -2.22 FITZ #
-105.103 40.165  -0.02   1.57  0.21  0.20  -0.32  -0.08 FLA2 #
-111.649 35.202  -2.99   3.08  0.24  0.25   1.44  -0.44 FLAG #
-119.820 40.158  -5.71   8.31  0.18  0.19  -0.52  -2.20 FLAN #
-118.463 38.304  -5.75   8.33  0.10  0.10   0.77  -2.27 FLAT #
-120.280 40.418  -5.67   8.77  0.16  0.15  -0.69  -2.26 FLEM #
-118.764 39.467  -5.65   6.93  0.15  0.14   0.19  -2.13 FLN1 #
-118.894 34.410 -24.05  24.59  0.14  0.18  -2.26   2.19 FMTP #
-118.884 34.356 -25.46  28.40  0.13  0.14  -2.11   2.16 FMVT #
-104.700 38.683  -0.12   1.54  0.20  0.19  -0.06  -0.03 FNT1 #
-113.805 39.369  -3.17   2.51  0.12  0.11   0.16  -0.94 FOOT #
-111.440 49.476   2.71   1.63  0.18  0.18  -1.68  -1.12 FOR3 #
-111.380 40.512  -0.11   2.15  0.15  0.14  -0.42  -0.59 FORE #
-120.792 41.109  -4.05   8.93  0.15  0.16  -1.23  -2.29 FOST #
-120.688 43.364   1.89   7.44  0.19  0.18  -3.01  -2.60 FOUR #
-118.241 34.734 -17.09  18.99  0.20  0.20   2.92   0.27 FOXG #
-119.472 40.575  -4.28   7.02  0.13  0.14  -1.06  -2.00 FOXR #
-112.499 36.988  -2.42   2.45  0.12  0.10   1.00  -0.51 FRED #
-120.222 39.884  -7.83   9.68  0.25  0.40  -0.15  -2.38 FREN #
-121.960 47.008   5.11   7.50  0.43  0.33  -1.75  -2.22 FRFX #
-118.637 39.357  -5.68   7.89  0.21  0.19   0.01  -2.30 FRG2 #
-123.018 48.535   7.38   6.90  0.26  0.28  -1.88  -1.66 FRID #
-115.800 32.945 -21.23  23.48  0.18  0.17   0.51  -1.05 FSHB #
-122.288 49.138   5.96   5.77  1.84  0.81  -2.41  -1.94 FSRH #
-123.956 46.205   9.40  12.64  0.14  0.12   0.77  -2.08 FTS5 #
-123.956 46.205   9.12  12.44  0.16  0.13   0.79  -2.10 FTS6 #
-117.936 33.662 -26.31  28.94  0.14  0.28  -0.53   2.75 FVPK #
-117.222 44.292   1.81   3.94  0.18  0.19  -2.20  -1.90 FWBD #
-118.359 34.081 -27.15  24.34  0.22  0.19  -1.63   2.44 FXHS #
-118.893 34.800 -21.15  20.76  0.16  0.14   0.93   0.21 FZHS #
-117.916 38.970  -3.78   4.92  0.21  0.16  -0.03  -1.64 GABB #
-114.739 36.219  -4.77   3.58  0.20  0.15   1.77  -1.24 GALE #
-119.356 40.417  -3.96   6.91  0.12  0.10  -0.97  -2.02 GARC #
-114.941 36.161  -4.65   3.74  0.19  0.16   1.86  -1.35 GARD #
-119.355 40.417  -3.70   7.08  0.14  0.11  -0.96  -2.01 GARL #
-118.979 40.626  -3.37   6.06  0.13  0.08  -1.30  -1.77 GARR #
-122.716 39.655 -11.45  12.74  0.33  0.35   1.23  -3.61 GASB #
-112.064 43.986   0.40   1.34  0.15  0.15  -1.75  -1.45 GBIG #
-121.439 44.565   3.99   8.68  0.37  0.39  -2.91  -2.92 GBN1 #
-121.565 44.559   4.25   9.00  0.40  0.55  -2.90  -2.93 GBN2 #
-121.713 44.548   4.62   8.87  0.45  0.46  -2.86  -2.97 GBN3 #
-122.102 44.568   5.02   9.79  0.39  0.43  -2.67  -3.06 GBN4 #
-122.236 44.602   5.41   9.87  0.37  0.58  -2.60  -3.05 GBN5 #
-121.423 44.425   4.41   7.66  0.36  0.38  -2.98  -2.91 GBN6 #
-112.129 36.048  -3.22   2.45  0.27  0.28   1.32  -0.47 GCES #
-102.180 37.775   0.11   2.10  0.21  0.19  -0.09   0.01 GDAC #
-119.864 35.189 -21.85  25.73  0.14  0.13  -1.94   1.28 GDEC #
-119.701 39.384  -6.49   9.55  0.48  0.37   0.20  -2.29 GEIG #
-117.298 37.745  -4.62   5.53  0.14  0.18   0.84  -2.20 GEMF #
-117.162 39.089  -3.44   4.38  0.38  0.32   0.43  -2.15 GEND #
-116.688 38.222  -3.85   4.62  0.19  0.16   0.76  -2.02 GEOR #
-119.361 40.650  -3.93   6.45  0.25  0.20  -1.15  -1.95 GERL #
-117.398 34.204 -18.58  18.21  0.23  0.17   0.14   2.16 GHRP #
-105.076 41.158   0.36   1.47  0.21  0.18  -0.52  -0.13 GILC #
-118.509 38.673  -5.54   8.12  0.15  0.16   0.14  -2.49 GILL #
-120.005 39.628  -7.63  10.02  0.29  0.33   0.08  -2.33 GIRL #
-117.218 34.069 -18.95  19.65  0.27  0.23   0.53   2.06 GISA #
-111.621 37.036  -1.94   2.34  0.23  0.21   0.86  -0.43 GLCA #
-121.289 46.020   4.97   6.66  0.52  0.38  -2.39  -2.47 GLNW #
-115.521 33.275  -7.20   4.25  0.14  0.11   1.55  -1.01 GLRS #
-121.289 46.020   4.56   7.22  0.24  0.21  -2.25  -2.51 GLWD #
-116.383 34.291  -9.30  10.27  0.26  0.23   3.36   0.62 GMAG #
-114.827 33.051  -4.18   4.40  0.15  0.12   1.76  -0.68 GMPK #
-115.660 34.784  -6.23   4.79  0.14  0.14   3.20  -2.45 GMRC #
-114.189 34.309  -4.35   4.01  0.14  0.13   2.44  -1.06 GNPS #
-114.068 36.527  -3.46   3.38  0.24  0.17   1.45  -0.98 GOAT #
-120.815 45.839   4.29   6.76  0.14  0.12  -2.49  -2.49 GOBS #
-116.889 35.425  -7.39   9.78  0.14  0.13   2.48  -1.25 GOL2 #
-116.889 35.425  -7.50   9.72  0.14  0.13   2.38  -1.13 GOLD #
-117.600 40.462  -2.99   4.66  0.17  0.21  -0.84  -1.80 GOLM #
-120.802 45.829   4.29   6.79  0.16  0.15  -2.43  -2.51 GOLY #
-112.364 33.465  -4.42   3.36  0.33  0.35   1.90  -0.56 GOO1 #
-114.180 40.640  -2.58   2.45  0.14  0.11  -0.48  -1.08 GOSH #
-111.897 39.914  -1.94   2.76  0.21  0.18  -0.18  -0.63 GOUT #
-120.416 36.399 -10.05  16.32  0.20  0.18   1.06  -2.99 GR8R #
-119.049 40.087  -4.81   6.86  0.17  0.14  -0.62  -2.06 GRAN #
-120.605 41.350  -3.26   8.75  0.20  0.15  -1.54  -2.22 GRAV #
-117.665 48.144   3.71   3.71  0.16  0.18  -2.18  -1.84 GRCK #
-119.692 38.912  -9.33  10.08  0.20  0.17   0.42  -2.38 GRDV #
-115.524 33.278  -8.04   3.58  0.37  0.35   1.50  -1.36 GRES #
-123.023 46.795   6.37   9.52  0.18  0.19  -0.67  -2.04 GRMD #
-122.127 48.195   5.51   6.49  0.34  0.26  -2.22  -1.89 GRP4 #
-111.422 42.938   0.17   1.64  0.19  0.18  -1.27  -0.99 GRRG #
-120.787 45.364   3.92   7.06  0.18  0.17  -2.58  -2.63 GRSV #
-107.328 39.547  -0.34   1.72  0.16  0.16  -0.15  -0.12 GSC1 #
-111.404 37.799  -1.76   2.28  0.18  0.18   0.58  -0.44 GSES #
-123.297 42.434   0.84  13.30  0.18  0.15  -2.11  -3.40 GTPS #
-113.241 43.244  -0.51   2.11  0.12  0.10  -1.63  -1.20 GTRG #
-119.483 42.016  -1.36   6.51  0.30  0.35  -2.00  -1.98 GUAN #
-118.290 28.884 -37.54  36.25  0.23  0.19  -0.25   1.18 GUAX #
-113.802 37.290  -3.02   3.02  0.20  0.17   1.07  -0.92 GUNL #
-118.113 34.047 -24.83  24.07  0.15  0.12  -1.37   2.22 GVRS #
-121.328 45.783   5.20   7.33  0.19  0.15  -2.38  -2.55 GWN5 #
-121.327 45.783   4.85   7.06  0.18  0.16  -2.38  -2.55 GWN6 #
-121.788 47.291   5.25   7.35  0.22  0.19  -1.91  -2.07 HAHD #
-117.100 44.872   2.47   3.99  0.18  0.19  -2.24  -1.90 HALF #
-114.173 46.195   3.29   2.70  0.33  0.35  -1.88  -1.41 HAML #
-118.348 38.974  -3.79   7.13  0.23  0.18  -0.42  -2.58 HAND #
-116.898 38.098  -4.27   4.75  0.24  0.20   0.80  -2.07 HANN #
-117.299 35.012  -9.65  13.82  0.28  0.22   2.17   0.10 HAR7 #
-113.269 33.347  -3.75   3.55  0.21  0.20   2.10  -0.67 HARQ #
-120.682 34.469 -28.88  35.74  0.19  0.22  -2.17   1.06 HARV #
-119.048 39.587  -5.99   7.27  0.25  0.24   0.04  -2.12 HAZE #
-118.286 33.784 -25.25  28.71  0.21  0.14  -1.02   2.56 HBCO #
-116.430 34.755  -8.18   8.24  0.14  0.12   1.15  -2.32 HCMN #
-121.470 40.816  -5.87   9.88  0.16  0.13  -0.63  -2.56 HCRO #
-120.729 40.783  -5.17   9.52  0.53  0.30  -0.90  -2.33 HEAV #
-111.373 40.514  -0.04   2.09  0.27  0.22  -0.45  -0.51 HEBE #
-119.023 36.679 -10.33  14.77  0.26  0.34   0.85  -2.45 HELB #
-116.979 36.724  -5.73   5.59  0.33  0.30   2.08  -1.47 HELL #
-120.534 39.518  -9.60  10.68  0.43  0.36   0.23  -2.49 HENN #
-117.326 34.510 -13.92  15.40  0.48  0.35   1.58   0.42 HFVV #
-122.921 47.019   5.37   7.75  0.33  0.36  -0.82  -1.95 HGP1 #
-118.531 38.841  -4.74   8.02  0.27  0.15  -0.21  -2.57 HIDD #
-116.153 36.283  -5.26   4.40  0.18  0.15   2.22  -1.35 HIGH #
-115.177 37.697  -3.87   3.22  0.16  0.19   1.03  -1.34 HIKO #
-120.462 35.271 -24.69  33.63  0.22  0.26  -2.72   0.69 HIMT #
-117.799 34.760 -14.48  17.03  0.19  0.15   2.40  -0.20 HIVI #
-105.004 40.575  -0.24   1.68  0.20  0.18  -0.40  -0.09 HIX1 #
-114.414 43.563   0.56   2.36  0.18  0.18  -1.92  -1.45 HLID #
-123.109 44.378   5.10  11.14  0.25  0.24  -1.91  -3.14 HLSY #
-117.002 33.708 -22.88  22.39  0.22  0.21   0.59   2.35 HMTG #
-117.716 33.650 -25.97  27.44  0.29  0.36  -0.42   2.25 HNA1 #
-115.635 33.705  -7.51   5.10  0.15  0.14   2.41  -1.04 HNPS #
-116.839 38.503  -3.98   4.57  0.26  0.20   0.67  -2.02 HNTS #
-117.845 34.458 -18.55  19.51  0.16  0.13   0.49   0.83 HOL3 #
-117.845 34.458 -18.98  19.75  0.32  0.27   0.39   0.84 HOLC #
-118.168 33.925 -26.16  25.58  0.14  0.12  -1.20   2.33 HOLP #
-117.924 38.459  -4.59   6.26  0.56  0.59   1.09  -2.38 HOLT #
-114.901 35.048  -5.17   4.03  0.15  0.12   2.45  -1.59 HOME #
-119.937 40.080  -6.26   8.44  0.16  0.23  -0.41  -2.26 HONY #
-116.785 33.105 -24.66  25.48  0.56  0.52  -0.18   1.45 HOOT #
-123.075 38.995 -19.31  27.64  0.17  0.13   1.13  -4.09 HOPB #
-120.495 40.592  -5.39   9.63  0.24  0.25  -0.82  -2.31 HORS #
-117.474 41.154  -2.17   5.25  0.25  0.21  -1.08  -1.88 HOTS #
-113.100 43.713   0.04   1.91  0.20  0.18  -1.71  -1.27 HPIG #
-117.608 43.866   0.99   4.03  0.36  0.32  -2.23  -1.99 HRPR #
-119.564 42.247  -0.87   6.81  0.40  0.36  -2.15  -2.06 HRTM #
-122.369 37.592 -21.92  30.50  0.34  0.26  -0.00  -0.70 HSIB #
-120.966 47.192   5.29   4.95  0.55  0.57  -2.31  -2.14 HTCH #
-114.019 35.739  -4.25   3.48  0.14  0.19   1.79  -1.00 HUAL #
-119.754 39.689  -7.19   8.72  0.20  0.17  -0.07  -2.28 HUNG #
-113.575 37.064  -2.97   3.20  0.24  0.22   1.11  -0.67 HURR #
-119.188 34.441 -25.28  24.50  0.14  0.13  -2.44   1.91 HVYS #
-116.757 39.425  -3.98   4.04  0.18  0.31   0.79  -2.17 HW50 #
-113.513 37.671  -3.45   2.60  0.36  0.43   0.85  -0.83 HW56 #
-114.845 34.065  -5.49   3.52  0.24  0.19   2.56  -2.05 HW62 #
-120.340 39.556  -8.98  10.21  0.21  0.16   0.14  -2.43 HW89 #
-116.945 37.193  -4.53   5.44  0.14  0.12   1.36  -1.88 HW95 #
-113.097 43.927   0.61   1.92  0.18  0.17  -1.69  -1.27 HWFG #
-119.148 42.118  -0.84   6.25  0.36  0.35  -1.95  -1.96 HWKV #
-111.565 41.607   0.51   2.12  0.15  0.12  -0.84  -0.72 HWUT #
-115.911 34.727  -6.68   5.65  0.13  0.12   3.27  -2.87 I40A #
-116.368 35.848  -5.74   5.19  0.35  0.29   2.42  -1.47 IBEX #
-106.066 28.647  -1.81   3.42  0.34  0.40   0.49  -0.21 ICHI #
-112.941 44.330   1.01   1.87  0.19  0.18  -1.66  -1.22 ICIG #
-117.737 38.882  -3.61   4.57  0.25  0.21   0.04  -1.82 ICKY #
-117.298 37.466  -4.78   6.06  0.14  0.11   0.97  -2.25 ICOR #
-112.839 42.944  -0.53   2.37  0.29  0.27  -1.46  -1.14 IDAB #
-111.455 44.082   0.03   1.25  0.24  0.26  -1.69  -1.62 IDAS #
-112.481 43.199  -0.45   2.43  0.52  0.69  -1.54  -1.21 IDB1 #
-112.042 43.482   0.11   1.31  0.14  0.13  -1.55  -1.28 IDBB #
-112.354 43.193  -0.28   1.81  0.24  0.23  -1.51  -1.16 IDBF #
-116.319 43.612   0.73   3.54  0.25  0.23  -2.01  -1.73 IDBO #
-111.784 43.820   0.29   0.93  0.14  0.14  -1.69  -1.43 IDBY #
-116.797 47.742   3.35   3.63  0.27  0.29  -2.10  -1.80 IDCA #
-114.220 44.515   1.73   2.52  0.25  0.23  -1.83  -1.37 IDCH #
-111.110 43.746   0.20   0.85  0.15  0.13  -1.45  -1.23 IDDR #
-112.126 42.423  -1.09   1.78  0.32  0.28  -1.22  -0.96 IDDY #
-116.916 44.009   2.05   3.98  0.24  0.24  -2.16  -1.85 IDFL #
-114.313 43.518   0.07   2.64  0.44  0.47  -1.92  -1.38 IDHA #
-116.202 43.909   0.75   3.44  0.29  0.25  -2.09  -1.80 IDHD #
-112.052 43.519  -0.14   1.08  0.14  0.14  -1.57  -1.26 IDIF #
-111.297 43.409   0.56   1.32  0.24  0.23  -1.41  -1.14 IDIR #
-113.343 44.665   1.69   2.50  0.24  0.23  -1.63  -1.16 IDLD #
-117.026 46.409   3.70   4.05  0.28  0.25  -2.20  -1.87 IDLW #
-116.387 43.606   1.13   3.45  0.43  0.39  -2.17  -2.02 IDM1 #
-113.603 43.907   0.76   2.41  0.30  0.26  -1.82  -1.24 IDMA #
-115.670 43.138   0.23   2.57  0.28  0.34  -1.82  -1.59 IDMH #
-116.701 43.706   0.71   4.16  0.40  0.40  -2.12  -1.82 IDMN #
-116.570 43.582   0.99   3.42  0.24  0.24  -2.05  -1.75 IDNA #
-113.009 43.548  -0.10   1.95  0.21  0.21  -1.64  -1.22 IDNL #
-116.121 45.940   2.92   3.71  0.15  0.17  -2.15  -1.73 IDNP #
-116.750 43.205   0.45   3.26  0.52  0.56  -1.99  -1.75 IDNR #
-116.222 33.797 -13.39  12.84  0.18  0.17   2.27  -0.10 IDOG #
-112.449 42.873  -0.66   2.01  0.31  0.28  -1.38  -1.08 IDP1 #
-112.432 42.866  -0.85   1.55  0.16  0.14  -1.41  -1.05 IDPO #
-111.936 42.209  -0.65   1.69  0.30  0.24  -1.13  -0.91 IDPR #
-116.239 33.768 -14.49  14.30  0.17  0.20   2.16  -0.01 IDQG #
-113.746 42.661  -0.84   2.10  0.40  0.38  -1.54  -1.29 IDRU #
-113.897 45.192   2.16   2.38  0.19  0.16  -1.80  -1.35 IDSN #
-111.584 42.686  -0.73   2.09  0.19  0.17  -1.22  -0.93 IDSS #
-114.475 42.580  -1.26   2.17  0.42  0.47  -1.60  -1.41 IDT1 #
-116.283 43.653   0.57   3.41  0.15  0.15  -2.05  -1.67 IDTD #
-114.448 42.536  -0.43   2.75  0.32  0.29  -1.48  -1.32 IDTF #
-110.961 29.068  -2.56   3.52  0.57  0.53   0.74  -0.07 IHER #
-115.032 32.706  -5.88   5.28  0.18  0.14   2.46  -1.03 IID2 #
-116.616 31.862 -29.38  29.98  0.20  0.18  -1.41   1.27 IMIE #
-115.145 34.158  -6.04   4.17  0.14  0.12   2.94  -1.76 IMPS #
-118.247 36.798  -8.61  11.26  0.17  0.12   1.05  -1.01 INDE #
-118.304 38.650  -4.90   7.13  0.17  0.20   0.21  -2.25 INDI #
-117.017 38.736  -4.33   4.49  0.12  0.13   0.47  -2.04 INKH #
-119.971 39.252  -9.68  10.95  0.23  0.21   0.33  -2.35 INV1 #
-116.930 47.714   3.80   3.13  0.29  0.30  -2.23  -1.78 INW1 #
-118.474 35.662 -12.24  13.15  0.17  0.13   2.38  -0.73 ISLK #
-115.410 35.727  -5.13   4.25  0.17  0.10   2.21  -1.70 IVAN #
-115.507 32.829 -13.99  21.73  0.35  0.25   0.87   0.38 IVCO #
-124.039 46.306   9.72  12.34  0.42  0.31   1.08  -1.96 IWAC #
-118.187 39.663  -5.87   5.86  0.19  0.12   0.85  -2.18 IXLC #
-116.844 40.866  -2.31   3.81  0.38  0.40  -0.71  -1.73 IZZN #
-118.406 38.114  -5.75   9.05  0.16  0.17   0.92  -2.23 JACK #
-117.063 41.152  -2.39   5.35  0.33  0.31  -1.04  -1.85 JAKE #
-120.723 39.735  -9.49  10.70  0.25  0.36   0.12  -2.59 JAMI #
-116.988 32.828 -28.11  27.54  0.36  0.31  -0.61   2.25 JAS1 #
-115.178 35.851  -4.77   4.09  0.17  0.17   2.06  -1.50 JEAN #
-117.438 40.278  -4.49   4.77  0.18  0.18   1.09  -2.43 JERS #
-122.991 45.523   5.86  11.73  0.19  0.15  -1.15  -2.59 JIME #
-120.833 35.873 -24.02  35.84  0.39  0.28  -2.12  -0.42 JLN5 #
-117.955 34.449 -18.98  20.78  0.25  0.23   0.06   0.69 JNHG #
-122.437 48.562   6.03   6.38  0.27  0.22  -2.08  -1.88 JOBO #
-116.099 36.459  -5.08   4.26  0.22  0.17   2.09  -1.52 JOHN #
-114.202 37.152  -3.13   2.94  0.17  0.16   1.17  -1.04 JONE #
-124.054 48.433   7.79   8.68  0.50  0.54  -0.62  -0.91 JORD #
-118.174 34.202 -23.46  23.42  0.39  0.46  -1.51   1.82 JPL4 #
-118.178 34.202 -23.68  24.48  0.06  0.06  -1.54   1.95 JPLF #
-118.173 34.205 -23.69  23.22  0.14  0.14  -1.65   2.12 JPLM #
-118.178 34.202 -23.66  22.99  0.27  0.29  -1.36   2.62 JPLQ #
-118.178 34.202 -23.51  23.71  0.34  0.40  -1.50   1.83 JPLT #
-118.174 34.202 -23.55  22.72  0.17  0.17  -1.48   2.33 JPLV #
-122.227 37.406 -22.57  31.03  0.20  0.18  -0.04  -0.15 JRSC #
-118.078 43.744   1.88   4.61  0.42  0.35  -2.28  -2.05 JUN1 #
-118.412 40.908  -2.73   5.17  0.13  0.16  -1.45  -1.59 JUNG #
-119.068 40.323  -4.22   6.53  0.17  0.13  -0.94  -1.97 JUNI #
-118.557 46.641   4.25   4.69  0.40  0.40  -2.40  -2.05 KAHL #
-113.461 35.195  -4.11   3.04  0.16  0.13   1.86  -0.77 KAYO #
-119.008 34.399 -24.42  24.03  0.18  0.17  -2.26   2.08 KBRC #
-119.457 49.876   3.79   3.33  0.35  0.42  -2.07  -1.86 KEL1 #
-122.896 46.118   6.83  10.91  0.26  0.23  -1.15  -2.33 KELS #
-114.465 35.612  -4.53   3.30  0.18  0.20   2.02  -1.20 KEMP #
-119.159 46.198   3.60   4.78  0.16  0.17  -2.40  -2.22 KENI #
-118.201 36.036 -12.17  11.91  0.15  0.15   3.02  -0.14 KENN #
-121.784 42.224  -0.44   9.71  0.21  0.18  -2.56  -2.61 KFRC #
-114.002 35.231  -4.20   2.46  0.25  0.21   2.04  -1.07 KGMN #
-114.041 35.197  -4.33   3.55  0.17  0.15   2.04  -0.98 KING #
-119.851 38.961  -9.62  10.73  0.29  0.22   0.45  -2.40 KINS #
-117.912 40.063  -4.17   5.00  0.14  0.11  -0.25  -1.68 KITT #
-119.458 49.877   3.53   5.04  0.30  0.51  -2.06  -1.84 KLO3 #
-118.558 46.643   3.40   5.02  0.23  0.24  -2.33  -2.09 KLTS #
-111.989 37.520  -1.89   2.44  0.20  0.20   0.74  -0.52 KODA #
-116.810 47.771   3.79   4.12  0.16  0.21  -2.15  -1.78 KOOT #
-122.321 47.803   8.75   7.65  0.24  0.22  -1.90  -1.88 KRMT #
-101.755 37.979   0.11   1.43  0.28  0.26  -0.05   0.02 KSSY #
-122.795 47.547   6.84   7.80  0.14  0.13  -1.23  -1.83 KTBW #
-118.970 40.444  -3.65   6.42  0.17  0.19  -1.13  -1.85 KUMI #
-117.855 40.401  -2.88   4.64  0.15  0.24  -1.42  -1.40 KYLE #
-116.173 33.925 -10.97   9.60  0.15  0.13   3.04   0.57 KYVW #
-120.442 39.458 -10.17  10.83  0.39  0.37   0.25  -2.51 LACE #
-115.704 40.851  -2.88   3.29  0.14  0.14  -0.56  -1.48 LACR #
-119.375 39.936  -5.29   7.69  0.30  0.22  -0.36  -2.18 LAKE #
-104.372 49.919   2.12   0.56  0.30  0.23  -1.23  -0.69 LAN5 #
-120.473 35.900 -20.82  33.88  0.44  0.38  -0.48  -1.80 LAND #
-106.304 35.883  -1.10   2.02  0.34  0.31   0.58  -0.06 LANM #
-119.489 38.515  -9.68  11.60  0.16  0.12   0.62  -2.43 LANT #
-118.575 34.182 -24.99  27.18  0.13  0.12  -1.77   2.47 LAPC #
-118.304 39.394  -5.19   6.97  0.14  0.13   0.35  -2.87 LAPL #
-121.506 43.665   2.86   8.52  0.18  0.16  -3.25  -2.93 LAPN #
-118.307 33.928 -25.45  26.87  0.26  0.19  -1.40   2.53 LASC #
-118.181 37.029  -8.10  10.38  0.12  0.10   1.28  -2.22 LAVA #
-118.292 37.393  -6.69   9.66  0.11  0.11   0.86  -2.52 LAWS #
-118.137 33.832 -25.76  26.95  0.21  0.17  -1.00   2.36 LBC1 #
-118.173 33.792 -25.93  27.52  0.17  0.16  -0.99   2.44 LBC2 #
-118.203 33.788 -26.98  28.23  0.24  0.17  -1.04   2.41 LBCH #
-117.238 32.881 -28.87  27.63  0.42  0.37  -0.57   2.83 LBNO #
-117.230 32.886 -28.40  27.80  0.33  0.47  -0.56   2.14 LBRF #
-117.238 32.881 -28.66  27.55  0.42  0.36  -0.56   2.82 LBSE #
-117.238 32.881 -28.68  27.65  0.41  0.34  -0.54   2.87 LBSW #
-117.879 46.820   3.10   3.91  0.38  0.34  -2.19  -2.04 LCR1 #
-123.107 44.634   5.94  11.53  0.20  0.17  -1.65  -2.97 LCSO #
-116.433 34.267  -9.80  10.23  0.13  0.12   3.37   1.03 LDES #
-116.209 34.699  -7.29   6.99  0.15  0.13   2.71  -3.10 LDSW #
-117.946 36.920  -7.91  10.24  0.57  0.49   1.76  -2.87 LEAD #
-118.872 34.825 -22.64  19.43  0.48  0.46   1.79  -0.18 LEBC #
-118.322 34.135 -24.88  24.34  0.15  0.13  -1.74   2.38 LEEP #
-120.308 39.581  -9.05  10.13  0.26  0.26   0.15  -2.45 LEMO #
-112.601 49.592   3.69   1.51  2.61  0.83  -1.80  -1.22 LETH #
-124.108 43.984   6.22  13.78  0.18  0.16   0.14  -2.65 LFLO #
-118.413 34.095 -25.13  25.11  0.14  0.11  -1.68   2.38 LFRS #
-117.764 33.641 -26.47  27.01  0.18  0.17  -0.49   2.40 LGWD #
-116.401 36.857  -4.93   4.39  0.30  0.25   1.79  -1.32 LICE #
-120.443 41.228  -3.67   8.85  0.16  0.17  -1.46  -2.20 LIKE #
-119.058 36.360 -10.64  14.40  0.25  0.18   1.20  -2.46 LIND #
-120.539 47.000   4.11   5.68  0.15  0.13  -2.39  -2.17 LINH #
-118.139 34.662 -17.41  19.09  0.14  0.13   2.03   0.52 LINJ #
-121.903 44.179   3.32  11.04  0.46  0.62  -3.02  -3.08 LINL #
-116.308 36.746  -5.02   4.27  0.21  0.17   1.92  -1.42 LITT #
-121.702 37.703 -13.65  17.55  0.11  0.09   1.98  -3.20 LIVM #
-118.868 34.808 -20.71  20.33  0.19  0.18   1.37   0.06 LJRN #
-121.831 47.944   5.97   6.40  0.15  0.14  -2.12  -1.98 LKCP #
-116.759 33.236 -25.42  25.52  0.47  0.30   0.04   1.70 LKHG #
-115.742 40.860  -2.69   2.94  0.39  0.29  -0.56  -1.41 LKN1 #
-120.347 42.172  -2.16   7.03  0.27  0.21  -2.29  -2.21 LKVW #
-117.835 34.485 -17.99  19.29  0.14  0.13   0.72   0.80 LL01 #
-117.838 34.586 -16.27  18.18  0.15  0.13   1.52   0.17 LLAS #
-112.933 43.723   0.21   1.72  0.21  0.20  -1.66  -1.25 LLRG #
-117.391 33.744 -24.10  24.16  0.24  0.22   0.00   2.54 LMHG #
-120.285 46.369   4.31   5.93  0.20  0.18  -2.38  -2.31 LMID #
-119.813 39.539  -7.69   9.54  0.23  0.26   0.11  -2.30 LMRR #
-117.445 33.817 -23.53  24.07  0.25  0.21  -0.08   2.32 LMSG #
-111.928 40.261  -1.82   2.15  0.15  0.13  -0.33  -0.64 LMUT #
-121.350 38.847 -11.35  12.44  0.15  0.13   1.06  -2.99 LNC1 #
-121.351 38.847 -11.29  12.43  0.15  0.14   1.06  -2.96 LNC2 #
-122.703 49.058   6.45   6.04  0.25  0.22  -2.13  -1.89 LNG2 #
-122.758 47.219   6.02   8.53  0.17  0.13  -1.08  -1.95 LNGB #
-119.752 41.785  -1.66   7.19  0.15  0.16  -1.86  -2.00 LNGV #
-116.940 35.090  -8.64  10.86  0.15  0.12   1.94  -0.82 LNMT #
-118.710 41.477  -2.21   5.33  0.20  0.22  -1.51  -1.70 LNRD #
-114.097 46.763   3.07   2.44  0.25  0.23  -1.92  -1.41 LOLO #
-120.447 34.691 -29.54  35.50  0.25  0.24  -2.61   1.10 LOMP #
-120.615 40.661  -5.00   9.86  0.31  0.31  -0.83  -2.35 LONC #
-118.003 34.112 -23.91  23.24  0.22  0.20  -1.46   2.19 LONG #
-118.115 36.553  -9.54  11.28  0.12  0.11   1.62  -0.75 LONP #
-117.754 34.133 -22.69  21.88  0.14  0.11  -1.00   2.13 LORS #
-119.774 41.074  -3.26   7.50  0.11  0.09  -1.35  -1.97 LOST #
-118.010 39.524  -4.40   5.28  0.36  0.23   0.21  -1.96 LOUD #
-117.546 34.315 -17.57  18.40  0.25  0.22   0.41   1.20 LPCG #
-117.957 34.027 -25.71  24.85  0.22  0.20  -1.07   2.23 LPHS #
-123.090 44.051   5.12  11.53  0.17  0.14  -2.21  -3.30 LPSB #
-122.244 37.875 -17.83  20.78  0.40  0.73   1.72  -3.17 LRA2 #
-122.240 37.878 -15.65  19.82  0.28  0.32   1.80  -3.26 LRA5 #
-122.286 37.913 -21.14  27.73  0.71  0.93   1.80  -3.17 LRA6 #
-113.499 44.242   1.05   2.42  0.23  0.23  -1.63  -1.21 LRID #
-118.030 34.527 -18.62  19.35  0.25  0.25   0.74   0.92 LRRG #
-121.690 47.695   5.80   6.86  0.17  0.18  -2.09  -2.02 LSIG #
-117.164 47.282   3.41   3.69  0.15  0.17  -2.18  -1.85 LTAH #
-112.833 49.694   3.24   1.92  0.19  0.19  -1.77  -1.28 LTHB #
-112.247 41.592  -0.70   1.59  0.15  0.13  -0.88  -0.83 LTUT #
-118.769 38.424  -7.54   9.29  0.14  0.12   0.55  -2.43 LUCK #
-119.285 38.988  -6.77   9.50  0.16  0.15   0.16  -2.31 LUDW #
-120.501 39.629  -9.54  10.60  0.32  0.39   0.16  -2.51 LUNC #
-113.475 38.008  -3.41   2.67  0.21  0.20   0.70  -0.84 LUND #
-121.865 37.287 -21.07  28.27  0.14  0.11   1.70  -2.22 LUTZ #
-119.232 40.515  -3.86   6.78  0.28  0.25  -1.08  -1.94 LUXO #
-119.378 41.070  -3.05   6.78  0.30  0.33  -1.46  -1.84 LVIL #
-119.104 34.734 -22.13  21.96  0.15  0.12  -1.77   1.11 LVMS #
-115.191 36.159  -4.26   3.62  0.31  0.29   1.83  -1.36 LVWD #
-124.054 46.278   9.21  13.69  0.24  0.22   1.14  -2.03 LWCK #
-117.002 46.373   3.21   3.35  0.16  0.15  -2.22  -1.89 LWST #
-120.185 39.669  -8.60   8.56  0.50  0.41   0.14  -2.40 LYAL #
-120.436 41.035  -4.16   8.72  0.25  0.20  -1.24  -2.21 MADE #
-118.437 40.707  -2.76   4.98  0.15  0.18  -1.55  -1.43 MAJU #
-113.122 34.390  -4.14   3.22  0.22  0.19   1.90  -0.70 MALP #
-117.181 38.503  -4.04   4.81  0.25  0.23   0.64  -2.06 MANH #
-109.718 40.996   0.47   1.74  0.20  0.17  -0.57  -0.42 MANI #
-111.780 36.450  -2.50   2.48  0.26  0.23   1.08  -0.44 MARB #
-119.801 38.677 -10.22  11.69  0.36  0.27   0.62  -2.44 MARK #
-119.548 41.605  -1.97   6.75  0.14  0.14  -1.73  -1.95 MASC #
-119.163 39.074  -6.98   9.50  0.10  0.08   0.07  -2.30 MASO #
-119.127 38.893  -6.74   9.78  0.22  0.18   0.13  -2.41 MASV #
-117.437 33.857 -23.10  23.71  0.13  0.11  -0.06   2.57 MAT2 #
-117.437 33.857 -24.03  23.79  0.35  0.28   0.17   2.95 MATH #
-106.187 41.904   0.60   1.55  0.20  0.18  -0.74  -0.18 MBWW #
-108.528 39.091  -1.03   1.33  0.13  0.12   0.01  -0.17 MC01 #
-108.974 38.684  -0.43   2.17  0.15  0.16   0.14  -0.17 MC04 #
-108.073 38.740  -0.33   1.69  0.16  0.15   0.07  -0.13 MC05 #
-108.558 38.243  -1.50   2.13  0.19  0.21   0.24  -0.16 MC09 #
-107.878 38.456  -0.50   2.00  0.27  0.23   0.15  -0.11 MC10 #
-122.880 38.145 -21.97  32.81  0.58  0.37  -0.19   0.04 MCCM #
-117.784 40.209  -3.93   4.69  0.12  0.13  -0.41  -1.56 MCKI #
-117.590 40.118  -4.95   4.89  0.18  0.19   1.26  -2.43 MCOY #
-109.465 49.978   2.70   1.18  0.42  0.24  -1.51  -0.97 MCRK #
-122.956 44.974   5.67  11.21  0.20  0.19  -1.60  -2.85 MCSO #
-110.724 50.009   3.10   1.70  0.21  0.26  -1.63  -1.07 MDHT #
-121.222 42.418   0.12   8.65  0.15  0.15  -2.71  -2.48 MDMT #
-121.130 44.664   3.86   7.99  0.19  0.18  -2.86  -2.84 MDRS #
-106.613 34.987  -1.18   2.19  0.40  0.41   0.72  -0.01 MDS1 #
-114.083 36.086  -4.37   3.49  0.15  0.19   1.64  -1.01 MEAD #
-110.674 50.039   3.08   1.60  0.22  0.21  -1.62  -1.07 MED1 #
-110.714 50.056   2.33   2.34  0.48  0.41  -1.61  -1.09 MED2 #
-120.759 36.187 -10.64  14.91  0.16  0.17   0.14  -1.57 MEE1 #
-120.767 36.181 -28.29  35.58  0.15  0.15   0.10  -1.54 MEE2 #
-115.979 36.633  -4.83   4.08  0.14  0.12   1.93  -1.50 MERC #
-115.704 35.694  -5.43   4.65  0.15  0.10   2.36  -1.82 MESQ #
-105.194 39.948  -0.35   1.52  0.34  0.35  -0.30  -0.07 MFLE #
-105.194 39.949  -0.05   1.12  0.20  0.17  -0.29  -0.07 MFTC #
-105.194 39.949  -0.11   1.13  0.19  0.18  -0.30  -0.07 MFTN #
-105.194 39.949   0.11   1.31  0.18  0.15  -0.31  -0.07 MFTS #
-105.194 39.949   0.06   1.31  0.18  0.17  -0.29  -0.07 MFTW #
-124.697 49.000   7.93   8.24  0.49  0.42  -1.17  -0.85 MGRB #
-121.643 37.342 -13.95  16.61  0.14  0.13   2.13  -2.69 MHCB #
-122.494 37.842 -20.88  30.00  0.23  0.18   0.67  -1.69 MHDL #
-118.244 33.939 -24.28  26.47  0.22  0.18  -1.26   2.24 MHMS #
-121.711 45.329   4.95   8.19  0.22  0.20  -2.39  -2.75 MHTL #
-118.911 38.522  -7.23  10.06  0.13  0.14   0.44  -2.47 MICH #
-120.459 35.922 -10.10  24.87  0.56  0.39  -0.31  -1.99 MIDA #
-111.907 40.621  -0.72   1.90  0.23  0.19  -0.49  -0.64 MIDV #
-120.351 34.038 -29.09  36.30  0.15  0.14  -1.68   1.31 MIG1 #
-113.155 38.307  -2.45   2.29  0.53  1.70   0.55  -0.86 MILF #
-118.126 34.137 -23.60  23.69  0.20  0.18  -1.42   1.91 MILK #
-118.064 40.652  -2.69   4.80  0.20  0.26  -1.56  -1.26 MILL #
-121.834 37.449 -18.28  22.30  0.21  0.19   1.92  -2.84 MILP #
-117.442 38.120  -4.20   5.26  0.16  0.34   0.78  -2.25 MILR #
-118.155 38.420  -4.98   6.39  0.12  0.11   0.64  -1.95 MINA #
-116.096 40.148  -3.29   3.54  0.12  0.11   0.29  -1.60 MINE #
-122.288 49.159   6.34   5.54  0.22  0.25  -2.20  -1.97 MIS1 #
-114.245 37.687  -3.71   2.90  0.17  0.25   0.94  -1.04 MISE #
-117.550 33.714 -25.64  25.80  0.17  0.14  -0.14   2.83 MJPK #
-124.589 48.371   9.33   9.00  0.21  0.20   0.50   0.01 MKAH #
-117.318 33.918 -22.31  22.82  0.13  0.11   0.16   2.49 MLFP #
-119.274 47.131   4.21   4.59  0.25  0.23  -2.31  -2.08 MLKE #
-120.401 39.625  -8.82  10.48  0.23  0.18   0.10  -2.44 MNDS #
-122.443 38.879 -11.70  18.88  0.20  0.19   1.26  -3.79 MNRC #
-120.303 41.902  -1.52   7.57  0.16  0.14  -2.05  -2.13 MODB #
-119.926 39.525  -6.78   8.84  0.45  0.79   0.05  -2.31 MOGL #
-120.604 39.684  -9.82  10.45  0.30  0.24   0.12  -2.61 MOHA #
-118.245 38.246  -5.59   7.45  0.23  0.26   0.83  -2.08 MOHO #
-115.412 40.711  -2.89   3.10  0.15  0.15  -0.44  -1.38 MOIL #
-122.420 37.947 -19.98  28.31  0.47  0.40   1.47  -3.18 MOLA #
-123.604 46.983   7.27   9.98  0.32  0.19   0.23  -1.82 MON3 #
-121.806 36.572 -27.74  35.26  0.13  0.09  -0.38   1.48 MON6 #
-121.867 37.485 -17.00  21.45  0.14  0.11   2.01  -3.00 MONB #
-116.716 39.148  -3.84   4.33  0.24  0.18   0.61  -1.96 MONI #
-119.120 37.898 -11.13  14.20  0.41  0.25   0.94  -2.30 MONO #
-116.422 32.892 -27.64  27.04  0.14  0.13   0.17   1.38 MONP #
-117.708 38.078  -4.52   5.41  0.09  0.11   0.73  -2.24 MONT #
-120.065 40.447  -5.16   8.56  0.10  0.11  -0.74  -2.18 MORG #
-117.070 40.303  -3.55   4.11  0.23  0.15   0.76  -2.00 MOUN #
-111.666 41.046   0.41   2.44  0.26  0.26  -0.65  -0.70 MOUT #
-109.468 49.990   2.59   1.73  1.22  0.71  -1.54  -0.94 MPCK #
-111.634 40.016  -0.59   2.10  0.21  0.16  -0.23  -0.58 MPUT #
-118.878 34.296 -25.67  28.47  0.13  0.12  -2.04   2.23 MPWD #
-117.882 34.175 -23.18  21.89  0.19  0.18  -1.15   1.72 MRDM #
-123.914 49.467   6.66   6.98  0.36  0.38  -1.80  -1.64 MRIB #
-121.742 46.785   5.06   7.45  0.25  0.21  -1.96  -2.23 MRSD #
-116.648 34.039 -13.94  14.78  0.19  0.17   2.27   2.03 MSC1 #
-121.925 37.556 -17.18  22.39  0.25  0.21   1.98  -3.02 MSHP #
-119.274 47.131   3.60   4.09  0.26  0.26  -2.38  -2.08 MSLK #
-117.210 34.231 -16.63  15.55  0.16  0.17   0.91   1.96 MSOB #
-114.109 46.929   2.97   2.54  0.13  0.13  -1.97  -1.42 MSOL #
-118.245 34.055 -26.12  23.86  0.13  0.09  -1.47   2.10 MTA1 #
-120.147 44.565   3.08   6.82  0.28  0.27  -2.76  -2.58 MTCL #
-112.316 48.643   2.95   2.12  0.38  0.35  -1.80  -1.21 MTCU #
-111.994 46.589   3.07   1.90  0.20  0.21  -1.73  -0.98 MTDT #
-108.600 45.746   2.08   1.20  0.13  0.14  -1.30  -0.58 MTEI #
-114.327 48.227   3.31   2.24  0.16  0.15  -1.97  -1.44 MTFV #
-116.647 33.199 -27.44  25.78  0.41  0.31   0.08   1.39 MTGG #
-106.793 48.370   1.83   1.38  0.38  0.33  -1.34  -0.70 MTGW #
-112.510 45.938   2.38   2.07  0.22  0.20  -1.68  -1.05 MTHC #
-108.780 48.546   2.33   0.90  0.41  0.37  -1.47  -0.85 MTHM #
-107.342 45.312   0.59   2.11  0.39  0.33  -1.24  -0.58 MTLG #
-110.505 47.951   2.69   1.98  0.33  0.36  -1.63  -0.93 MTLO #
-109.443 47.054   2.44   1.52  0.18  0.18  -1.46  -0.71 MTLW #
-105.797 46.447   1.40   1.28  0.38  0.39  -1.21  -0.56 MTMI #
-109.687 48.541   2.53   1.39  0.14  0.16  -1.57  -0.88 MTMS #
-112.336 48.071   2.72   2.09  0.40  0.35  -1.78  -1.20 MTPJ #
-111.045 45.661   2.15   1.77  0.15  0.17  -1.38  -0.30 MTSU #
-113.472 46.950   2.42   2.35  0.32  0.22  -1.90  -1.31 MTUM #
-122.100 37.417 -22.24  30.71  0.12  0.20   1.05  -1.70 MTVW #
-114.694 36.394  -4.57   3.43  0.14  0.12   1.67  -1.21 MUDD #
-119.648 39.878  -6.56   8.30  0.17  0.18  -0.24  -2.22 MULL #
-119.309 37.170 -10.63  13.28  0.14  0.13   0.79  -2.56 MUSB #
-119.096 34.262 -27.44  30.13  0.53  0.38  -2.45   2.29 MUSD #
-116.525 33.211 -25.72  24.39  0.15  0.13   0.62   1.63 MVFD #
-115.474 32.644 -16.18  23.75  0.51  0.48   0.98  -0.81 MXS1 #
-110.049 40.103   0.53   2.85  0.14  0.13  -0.27  -0.38 MYT2 #
-110.048 40.103   0.02   2.87  0.15  0.14  -0.28  -0.36 MYT5 #
-119.219 39.997  -5.03   7.11  0.12  0.11  -0.47  -2.14 NACH #
-112.230 41.016  -0.84   1.82  0.13  0.12  -0.67  -0.72 NAIU #
-123.938 49.164   8.01   8.19  0.20  0.26  -1.70  -1.49 NANA #
-123.897 49.107   7.58   7.59  0.28  0.32  -1.67  -1.46 NANI #
-124.086 49.295   7.77   7.54  0.12  0.12  -1.75  -1.48 NANO #
-119.283 39.255  -6.38   8.78  0.17  0.13   0.10  -2.23 NARR #
-110.532 36.687  -1.96   2.27  0.21  0.20   0.83  -0.29 NAVA #
-115.296 32.324 -16.44  26.12  0.26  0.23   1.55   0.33 NAYX #
-123.720 48.824   7.65   7.37  0.24  0.21  -1.52  -1.42 NCOW #
-114.619 34.768  -5.31   3.54  0.15  0.14   2.53  -1.47 NDAP #
-102.744 46.885   1.99   0.89  0.29  0.29  -1.07  -0.46 NDDI #
-101.330 48.416   1.54   0.90  0.16  0.18  -1.06  -0.49 NDMB #
-124.625 48.298  10.13   9.30  0.15  0.14   1.06   0.23 NEAH #
-101.531 40.061   0.65   1.76  0.28  0.24  -0.33  -0.03 NEBK #
-102.073 41.051   0.30   1.86  0.34  0.32  -0.46  -0.07 NEBS #
-101.644 40.508   0.49   1.09  0.25  0.30  -0.40  -0.05 NEIM #
-114.796 35.714  -5.30   2.83  0.14  0.13   2.02  -1.37 NELS #
-101.713 41.123   0.65   1.59  0.22  0.22  -0.49  -0.07 NEOG #
-103.661 41.827   0.64   0.95  0.15  0.16  -0.62  -0.13 NESC #
-116.310 36.850  -4.82   4.40  0.17  0.14   1.82  -1.51 NEVA #
-124.062 44.585   7.80  13.77  0.25  0.20   0.42  -1.93 NEWP #
-117.509 39.686  -5.02   4.46  0.13  0.11   1.45  -2.03 NEWS #
-118.711 39.422  -6.51   7.38  0.52  0.34   0.24  -2.15 NFLN #
-119.405 42.306  -0.79   6.46  0.34  0.25  -2.14  -2.04 NGWN #
-119.141 34.499 -24.21  23.31  0.14  0.12  -2.52   1.84 NHRG #
-121.797 47.495   5.22   6.68  0.21  0.24  -1.99  -2.03 NINT #
-120.538 35.091 -26.68  35.93  0.24  0.25  -2.57   0.81 NIPO #
-105.263 39.995  -0.02   1.66  0.30  0.30  -0.29  -0.07 NISA #
-105.263 39.995  -0.07   1.52  0.19  0.19  -0.30  -0.07 NIST #
-105.262 39.995  -0.20   1.65  0.30  0.29  -0.32  -0.05 NISU #
-106.776 34.643  -1.04   1.94  0.21  0.20   0.74  -0.11 NMBL #
-104.228 32.376  -1.12   3.00  0.33  0.34   0.55  -0.12 NMCB #
-107.758 32.266  -1.45   1.78  0.39  0.35   0.93  -0.20 NMD1 #
-107.726 32.267  -1.81   2.21  0.16  0.16   0.94  -0.20 NMDE #
-107.930 35.217  -1.60   2.22  0.16  0.15   0.77  -0.12 NMGR #
-103.127 32.705  -0.96   2.33  0.21  0.19   0.45  -0.08 NMHB #
-107.162 32.666  -2.09   2.05  0.39  0.33   0.80  -0.17 NMHT #
-106.725 35.611  -1.66   2.10  0.35  0.26   0.62  -0.08 NMJZ #
-106.755 32.280  -1.72   2.43  0.23  0.18   0.80  -0.17 NMLC #
-107.372 35.040  -1.67   1.81  0.19  0.19   0.76  -0.12 NMLG #
-106.043 34.992  -0.91   1.66  0.16  0.17   0.64  -0.05 NMMY #
-104.589 33.395  -1.25   2.03  0.14  0.13   0.52  -0.08 NMRO #
-106.685 35.311  -1.57   1.52  0.30  0.28   0.70  -0.09 NMRR #
-106.020 35.638  -1.44   2.04  0.28  0.21   0.52  -0.06 NMSA #
-105.959 35.674  -0.88   1.89  0.15  0.14   0.50  -0.05 NMSF #
-106.745 32.274  -1.76   2.21  0.21  0.17   0.79  -0.16 NMSU #
-117.570 33.920 -23.07  23.60  0.14  0.12  -0.33   2.64 NOCO #
-111.630 45.597   2.42   1.56  0.15  0.15  -1.57  -0.58 NOMT #
-115.985 35.969  -5.38   4.66  0.17  0.14   2.34  -1.70 NOPE #
-118.348 33.980 -24.45  26.59  0.19  0.17  -1.41   2.48 NOPK #
-119.320 38.886  -7.36   9.88  0.12  0.10   0.23  -2.37 NORD #
-117.536 39.582  -4.97   4.39  0.15  0.15   1.45  -1.96 NPAS #
-112.828 43.597   0.21   1.72  0.23  0.26  -1.66  -1.28 NPRG #
-116.973 32.579 -28.24  28.18  0.13  0.11  -0.22   1.96 NSSS #
-122.246 37.963 -15.85  28.30  0.48  0.73   1.87  -3.78 NUNE #
-116.464 36.448  -5.15   5.48  0.40  0.37   2.95  -2.06 NVAG #
-115.159 37.370  -3.98   3.38  0.18  0.17   1.23  -1.26 NVAL #
-123.107 49.322   6.50   6.22  0.35  0.31  -2.07  -1.84 NVAN #
-114.854 35.973  -5.21   3.16  0.43  0.37   3.42  -1.21 NVB1 #
-114.854 35.973  -5.41   2.82  0.47  0.39   3.47  -1.23 NVBC #
-115.158 35.970  -5.15   3.18  0.15  0.14   2.19  -1.57 NVBM #
-115.172 36.220  -5.42   3.46  0.17  0.14   2.10  -1.47 NVCA #
-119.765 39.181  -7.68  11.51  0.48  0.38   0.11  -2.26 NVCC #
-114.892 36.795  -3.60   3.53  0.29  0.23   1.49  -1.22 NVCO #
-115.288 36.077  -5.98   3.74  0.41  0.37   3.71  -1.32 NVDB #
-118.798 39.475  -4.88   8.00  0.36  0.33   0.10  -2.17 NVFN #
-115.021 36.112  -5.23   3.79  0.36  0.34   2.42  -1.27 NVFW #
-114.523 36.673  -3.74   2.43  0.34  0.34   1.47  -1.33 NVGL #
-114.983 36.030  -5.67   3.15  0.41  0.41   3.38  -1.25 NVH1 #
-115.100 35.977  -5.73   3.24  0.48  0.35   3.63  -1.31 NVH2 #
-115.646 36.578  -4.28   3.74  0.28  0.26   1.92  -1.38 NVIS #
-114.927 36.390  -5.48   3.12  0.51  0.39   2.73  -1.13 NVKP #
-115.190 36.097  -5.22   3.25  0.40  0.34   3.56  -1.28 NVL1 #
-114.580 35.171  -4.87   3.29  0.17  0.15   2.34  -1.51 NVLA #
-114.813 36.070  -4.91   3.11  0.16  0.14   1.97  -1.37 NVLM #
-115.185 36.084  -5.88   4.01  0.35  0.30   3.23  -1.31 NVLV #
-114.091 36.810  -3.89   2.95  0.96  0.46   1.92  -0.84 NVM1 #
-114.411 36.533  -3.31   3.06  0.34  0.28   1.72  -1.03 NVMV #
-115.126 36.212  -5.42   3.36  0.47  0.37   3.29  -1.22 NVNL #
-114.448 36.542  -4.47   3.37  0.44  0.39   2.45  -0.97 NVOV #
-114.451 37.937  -3.96   2.93  0.17  0.16   0.84  -1.15 NVPI #
-115.496 35.956  -5.56   4.85  0.21  0.18   2.31  -1.52 NVPO #
-114.922 36.025  -4.97   3.23  0.32  0.28   2.81  -1.25 NVRM #
-114.921 35.466  -4.95   3.93  0.18  0.18   2.35  -1.54 NVSL #
-119.702 39.529  -6.93  10.13  0.36  0.29  -0.04  -2.22 NVSP #
-114.403 38.917  -3.28   2.90  0.19  0.15   0.43  -1.19 NVSV #
-115.329 36.099  -5.12   3.58  0.15  0.14   2.19  -1.56 NVTP #
-114.716 36.725  -4.70   3.51  0.26  0.25   1.64  -1.16 NVWS #
-122.976 45.300   6.22  11.34  0.18  0.15  -1.40  -2.74 NWBG #
-122.942 49.200   6.93   5.37  0.23  0.28  -2.08  -1.86 NWE3 #
-105.591 40.055   0.15   1.51  0.34  0.26  -0.30  -0.09 NWOT #
-117.048 48.178   3.75   3.09  0.24  0.28  -2.21  -1.76 NWPT #
-115.159 35.491  -5.10   3.85  0.14  0.13   2.24  -1.64 NYOR #
-116.068 34.141  -8.50   7.09  0.13  0.12   3.82  -1.05 OAES #
-122.445 43.738   4.32  10.78  0.20  0.17  -3.07  -3.28 OAKR #
-116.791 37.037  -4.90   5.11  0.10  0.15   1.61  -1.75 OASI #
-118.601 34.330 -23.87  24.96  0.36  0.33  -2.05   2.11 OAT2 #
-123.098 44.066   4.63  11.63  0.21  0.16  -2.16  -3.30 OBEC #
-117.245 32.745 -28.30  28.64  0.27  0.24  -0.74   1.89 OBRC #
-121.815 46.900   6.42   6.99  0.37  0.29  -1.87  -2.21 OBSR #
-120.157 40.735  -4.25   8.57  0.34  0.47  -1.00  -2.12 OBSV #
-124.160 46.952  12.04  15.15  0.19  0.19   1.46  -1.47 OCEN #
-117.347 33.241 -27.25  27.79  0.21  0.22  -0.32   2.21 OCSD #
-123.001 44.897   5.64  11.10  0.23  0.20  -1.58  -2.94 ODOT #
-118.713 47.329   4.20   4.55  0.33  0.30  -2.25  -2.02 ODSA #
-117.744 33.766 -26.10  26.47  0.15  0.15  -0.42   2.61 OEOC #
-117.042 33.131 -26.89  27.01  0.30  0.22   0.51   2.81 OGHS #
-122.273 38.006 -16.39  23.32  0.15  0.14   1.93  -3.47 OHLN #
-101.479 36.675  -0.02   1.38  0.17  0.19   0.06   0.01 OKGM #
-119.552 48.373   4.09   4.48  0.20  0.18  -2.26  -1.95 OKNG #
-122.908 46.961   5.47   9.02  0.27  0.22  -0.82  -2.01 OLAR #
-119.545 49.180   4.10   4.67  0.20  0.20  -2.17  -1.91 OLI1 #
-122.895 47.045   6.68   9.29  0.28  0.21  -0.83  -2.01 OLMP #
-117.904 36.210  -9.77  10.35  0.12  0.18   2.42  -0.92 OLNC #
-124.075 44.515   6.93  13.61  0.23  0.16   0.52  -2.13 ONAB #
-120.268 40.964  -4.00   8.41  0.20  0.15  -1.22  -2.17 ONLY #
-116.938 44.023   1.34   4.29  0.30  0.27  -2.17  -1.87 ONT1 #
-115.918 34.370  -7.40   5.83  0.15  0.14   4.33  -1.99 OPBL #
-116.305 34.428  -8.20   8.61  0.15  0.13   3.56  -0.70 OPCL #
-116.083 34.367  -7.66   6.65  0.21  0.19   4.36  -1.59 OPCP #
-116.149 34.430  -7.42   6.85  0.14  0.13   4.19  -1.58 OPCX #
-116.292 34.533  -8.40   7.95  0.17  0.14   3.09  -1.38 OPRD #
-120.203 45.719   4.04   6.37  0.27  0.27  -2.49  -2.45 ORAL #
-121.302 44.094   4.00   8.12  0.30  0.27  -3.08  -2.89 ORBN #
-120.476 34.849 -28.32  35.99  0.78  0.54  -2.32   1.05 ORC4 #
-120.181 45.227   2.92   6.38  0.33  0.26  -2.60  -2.54 ORCD #
-120.481 34.850 -27.22  35.17  0.39  0.39  -2.48   1.12 ORCU #
-122.816 45.234   6.06  10.85  0.33  0.26  -1.52  -2.69 ORDO #
-120.279 34.739 -26.04  34.55  0.18  0.16  -2.44   1.39 ORES #
-123.162 44.045   4.66  11.75  0.39  0.28  -2.04  -3.27 OREU #
-124.111 43.986   5.17  14.72  0.51  0.26   0.25  -2.52 ORFL #
-122.416 45.498   5.41   9.56  0.32  0.26  -1.78  -2.67 ORGR #
-123.154 44.290   5.70  11.54  0.41  0.30  -1.82  -3.15 ORHA #
-123.025 45.519   6.04  11.27  0.34  0.27  -1.11  -2.58 ORHI #
-119.321 45.805   3.39   5.67  0.31  0.27  -2.46  -2.27 ORHM #
-119.565 45.361   3.29   5.95  0.31  0.29  -2.51  -2.44 ORHP #
-117.453 37.253  -5.36   6.35  0.82  0.53   1.30  -2.42 ORIE #
-121.669 42.289  -0.31   8.95  0.20  0.20  -2.62  -2.55 ORK5 #
-121.670 42.289  -0.78   9.02  0.21  0.20  -2.62  -2.58 ORK6 #
-121.809 42.143  -0.51  10.33  0.34  0.30  -2.44  -2.59 ORKF #
-121.141 44.602   3.45   8.05  0.39  0.31  -2.84  -2.83 ORM1 #
-122.884 42.380   0.39  12.22  0.34  0.27  -2.39  -3.08 ORMF #
-122.602 45.154   5.03  12.13  0.37  0.29  -1.81  -2.81 ORMO #
-116.815 34.675  -9.73  11.21  0.16  0.14   0.48   0.33 ORMT #
-123.209 45.188   6.15  11.66  0.28  0.33  -1.06  -2.62 ORMV #
-124.061 44.675   7.57  13.73  0.41  0.27   0.49  -1.87 ORNW #
-122.485 43.746   3.94  11.11  0.37  0.31  -3.00  -3.25 OROR #
-118.850 45.671   3.23   5.31  0.30  0.27  -2.39  -2.25 ORPE #
-122.673 45.507   5.59  11.04  0.26  0.21  -1.53  -2.64 ORPO #
-123.349 43.298   2.55  12.86  0.35  0.31  -2.53  -3.50 ORRB #
-119.059 44.164   2.23   5.49  0.19  0.17  -2.63  -2.23 ORS1 #
-119.058 44.164   2.32   5.43  0.19  0.18  -2.65  -2.25 ORS2 #
-124.049 44.625   8.66  13.72  0.29  0.20   0.43  -2.00 ORSB #
-122.728 44.398   5.00  10.70  0.34  0.31  -2.27  -3.16 ORSH #
-122.955 44.973   7.78  10.76  0.40  0.26  -1.54  -2.84 ORSL #
-123.111 44.558   5.68  11.73  0.38  0.30  -1.63  -2.98 ORTA #
-123.846 45.486   7.52  12.79  0.47  0.30  -0.02  -2.12 ORTI #
-121.500 39.555  -9.95  11.98  0.14  0.11   0.42  -2.97 ORVB #
-120.687 45.586   4.27   6.74  0.27  0.25  -2.50  -2.56 ORWA #
-116.932 32.608 -27.44  27.86  0.45  0.46  -0.90   1.61 OTAY #
-119.168 46.823   3.19   5.36  0.18  0.20  -2.36  -2.12 OTHL #
-122.337 48.418   5.43   6.46  0.36  0.25  -2.28  -1.79 OTIS #
-119.142 34.327 -25.34  27.59  0.14  0.14  -2.19   2.01 OVLS #
-118.055 36.743  -8.36   9.53  0.15  0.13   1.85  -1.83 OWEN #
-122.424 37.499 -23.86  33.42  0.20  0.17  -0.97   0.82 OXMT #
-118.207 34.129 -24.34  23.70  0.15  0.12  -1.64   2.24 OXYC #
-122.205 47.475   5.95   7.04  0.17  0.15  -1.70  -1.95 OYLR #
-119.353 34.683 -24.34  23.88  0.14  0.14  -2.63   1.70 OZST #
-112.802 31.949  -3.40   3.02  0.15  0.13   1.53  -0.71 P001 #
-117.187 39.521  -4.42   4.63  0.14  0.13   1.09  -2.24 P002 #
-114.005 32.723  -4.29   3.51  0.14  0.13   2.27  -0.61 P003 #
-112.152 34.784  -3.61   2.49  0.16  0.16   1.66  -0.48 P004 #
-115.279 39.910  -3.30   3.05  0.15  0.13   0.11  -1.44 P005 #
-114.457 36.154  -4.10   3.71  0.16  0.14   1.75  -1.14 P006 #
-114.820 41.724  -1.82   2.66  0.17  0.14  -1.13  -1.31 P007 #
-111.130 36.143  -2.50   2.18  0.15  0.12   1.13  -0.35 P008 #
-112.223 38.480  -2.09   2.31  0.19  0.16   0.39  -0.60 P009 #
-113.731 34.667  -4.53   3.04  0.15  0.14   2.14  -1.00 P010 #
-109.519 36.150  -1.91   2.01  0.14  0.12   0.85  -0.18 P011 #
-109.334 38.097  -1.10   1.78  0.14  0.12   0.30  -0.20 P012 #
-117.330 41.429  -1.68   4.31  0.14  0.13  -1.26  -1.86 P013 #
-111.099 31.973  -2.80   3.03  0.17  0.14   1.18  -0.50 P014 #
-110.009 34.264  -2.56   2.34  0.13  0.13   1.21  -0.29 P015 #
-112.361 40.078  -2.44   2.20  0.14  0.14  -0.24  -0.71 P016 #
-119.936 41.276  -2.80   7.49  0.17  0.13  -1.50  -2.02 P017 #
-117.065 42.982   0.07   3.90  0.14  0.13  -1.93  -1.80 P018 #
-115.312 43.300  -0.14   2.85  0.15  0.14  -1.81  -1.53 P019 #
-118.566 47.002   3.55   4.44  0.12  0.12  -2.32  -2.03 P020 #
-118.730 48.675   3.84   4.42  0.13  0.17  -2.23  -1.89 P021 #
-118.014 45.232   2.82   4.43  0.17  0.14  -2.41  -2.06 P022 #
-116.103 44.898   2.48   3.46  0.15  0.13  -2.11  -1.72 P023 #
-115.842 47.562   3.37   3.04  0.18  0.15  -2.04  -1.69 P024 #
-116.288 48.731   3.54   3.07  0.14  0.14  -2.06  -1.67 P025 #
-107.195 32.659  -1.82   2.12  0.16  0.16   0.82  -0.17 P026 #
-105.804 32.802  -1.27   2.22  0.15  0.13   0.69  -0.12 P027 #
-107.908 36.032  -1.51   1.91  0.13  0.12   0.66  -0.10 P028 #
-110.513 41.750   0.69   2.16  0.15  0.12  -0.84  -0.59 P030 #
-107.256 41.742   0.72   1.63  0.13  0.12  -0.70  -0.26 P032 #
-107.388 43.953   1.97   1.44  0.14  0.12  -1.17  -0.41 P033 #
-106.459 34.946  -1.18   2.00  0.14  0.12   0.61  -0.08 P034 #
-105.184 34.601  -1.09   2.02  0.13  0.12   0.51  -0.06 P035 #
-105.294 36.420  -0.88   1.65  0.18  0.14   0.34  -0.02 P036 #
-105.105 38.422  -0.27   1.56  0.13  0.12  -0.01  -0.02 P037 #
-103.407 34.147  -1.09   1.89  0.13  0.12   0.39  -0.06 P038 #
-103.154 36.448  -0.59   1.78  0.13  0.12   0.16   0.00 P039 #
-102.687 38.071  -0.24   1.64  0.13  0.11  -0.06   0.00 P040 #
-105.194 39.949  -0.08   1.35  0.14  0.12  -0.31  -0.06 P041 #
-104.911 42.052   0.73   1.40  0.13  0.12  -0.69  -0.16 P042 #
-104.186 43.881   1.36   1.45  0.13  0.12  -0.93  -0.28 P043 #
-103.222 40.172   0.23   1.50  0.12  0.11  -0.37  -0.04 P044 #
-112.617 45.383   2.19   1.89  0.14  0.14  -1.63  -1.09 P045 #
-113.332 47.030   3.17   2.11  0.14  0.13  -1.91  -1.30 P046 #
-113.220 48.421   3.47   1.97  0.22  0.17  -1.89  -1.30 P047 #
-111.204 45.653   2.20   1.99  0.14  0.13  -1.45  -0.33 P048 #
-110.906 47.350   2.67   1.69  0.14  0.13  -1.65  -0.87 P049 #
-111.248 48.809   3.12   1.70  0.14  0.14  -1.71  -1.06 P050 #
-108.546 45.807   2.08   1.53  0.13  0.12  -1.33  -0.58 P051 #
-107.019 47.375   2.24   1.49  0.13  0.12  -1.33  -0.64 P052 #
-107.725 48.726   2.49   1.18  0.13  0.12  -1.42  -0.77 P053 #
-104.441 45.846   1.70   1.39  0.13  0.14  -1.11  -0.44 P054 #
-104.685 47.117   2.08   1.36  0.13  0.13  -1.19  -0.54 P055 #
-112.623 41.757  -1.06   1.89  0.13  0.12  -0.99  -0.91 P057 #
-124.075 40.876  -1.76  22.53  0.15  0.13   3.39  -3.49 P058 #
-123.726 38.928 -23.99  36.69  0.15  0.13  -1.31   0.98 P059 #
-122.415 40.998  -6.12  11.44  0.17  0.15  -0.26  -2.89 P060 #
-124.014 42.967   4.26  15.71  0.23  0.17  -1.55  -3.58 P061 #
-121.091 43.112   1.56   8.20  0.15  0.14  -3.14  -2.65 P062 #
-120.946 44.923   3.84   7.25  0.15  0.13  -2.82  -2.74 P063 #
-123.488 47.970   8.07   7.88  0.21  0.25  -0.66  -1.49 P064 #
-120.933 46.844   4.93   6.27  0.17  0.15  -2.25  -2.23 P065 #
-116.170 32.617 -27.59  28.10  0.15  0.12  -0.42   0.95 P066 #
-121.003 35.552 -25.46  37.94  0.17  0.15  -2.43   0.50 P067 #
-117.985 39.306  -5.33   5.29  0.15  0.13   1.42  -2.10 P068 #
-117.605 39.288  -4.29   4.65  0.16  0.13   0.70  -2.00 P069 #
-104.698 36.045  -0.95   1.84  0.14  0.13   0.34  -0.01 P070 #
-117.401 39.347  -4.34   4.68  0.15  0.13   0.86  -2.15 P071 #
-116.741 39.521  -4.19   4.24  0.15  0.14   0.86  -2.12 P072 #
-116.424 39.501  -3.95   4.01  0.14  0.13   0.70  -1.97 P073 #
-116.050 39.546  -3.68   3.69  0.15  0.14   0.54  -1.78 P074 #
-115.889 39.374  -3.78   3.61  0.15  0.14   0.51  -1.72 P075 #
-115.513 39.536  -3.52   3.24  0.15  0.12   0.37  -1.52 P076 #
-115.432 39.389  -3.73   3.16  0.14  0.13   0.40  -1.53 P077 #
-117.880 40.433  -3.03   4.67  0.15  0.12  -1.42  -1.47 P078 #
-114.692 39.255  -3.32   3.10  0.17  0.16   0.32  -1.26 P079 #
-114.277 39.119  -3.43   2.70  0.17  0.15   0.31  -1.14 P080 #
-113.871 39.067  -3.41   2.64  0.15  0.13   0.29  -1.00 P081 #
-113.505 39.269  -3.12   2.45  0.14  0.12   0.17  -0.92 P082 #
-117.468 40.321  -4.37   4.96  0.18  0.14   0.86  -2.41 P083 #
-113.054 40.494  -2.52   2.14  0.13  0.12  -0.42  -0.85 P084 #
-116.736 40.495  -3.23   3.53  0.15  0.13   0.02  -1.70 P085 #
-112.282 40.649  -1.67   1.93  0.17  0.15  -0.50  -0.75 P086 #
-116.279 40.363  -3.33   3.58  0.14  0.14   0.13  -1.58 P087 #
-111.723 40.772  -0.07   2.03  0.14  0.13  -0.54  -0.66 P088 #
-111.415 40.807   0.02   2.44  0.33  0.26  -0.49  -0.53 P089 #
-119.800 39.573  -7.25   9.28  0.17  0.15   0.06  -2.29 P090 #
-117.532 36.614  -7.45   7.83  0.15  0.14   2.40  -2.16 P091 #
-117.407 36.804  -6.48   7.11  0.15  0.13   2.02  -2.03 P092 #
-117.994 36.606  -9.21  10.13  0.16  0.14   2.04  -1.75 P093 #
-117.704 37.201  -5.91   7.54  0.14  0.13   1.12  -2.61 P094 #
-119.537 39.698  -6.53   8.61  0.16  0.14  -0.07  -2.22 P095 #
-119.306 39.796  -5.71   7.63  0.17  0.15  -0.20  -2.21 P096 #
-118.874 39.839  -5.46   6.86  0.15  0.13  -0.20  -2.12 P097 #
-118.684 39.889  -5.05   6.45  0.15  0.13  -0.27  -2.09 P098 #
-118.159 39.212  -4.29   7.07  0.14  0.12   0.11  -2.98 P099 #
-113.294 41.857  -1.91   2.22  0.15  0.16  -1.08  -1.04 P100 #
-111.236 41.692   0.54   2.10  0.14  0.13  -0.86  -0.70 P101 #
-115.556 39.925  -3.46   3.28  0.15  0.14   0.21  -1.49 P102 #
-113.042 39.345  -3.05   2.23  0.16  0.14   0.11  -0.83 P103 #
-112.717 39.186  -2.78   2.32  0.14  0.12   0.14  -0.74 P104 #
-112.504 39.388  -2.90   2.52  0.14  0.16   0.07  -0.70 P105 #
-112.262 39.459  -2.82   2.32  0.15  0.13   0.01  -0.65 P106 #
-107.880 35.132  -1.71   1.96  0.15  0.13   0.77  -0.11 P107 #
-111.945 39.589  -1.97   2.35  0.14  0.12  -0.05  -0.60 P108 #
-111.651 39.597  -1.11   2.28  0.22  0.13  -0.05  -0.55 P109 #
-111.571 39.715  -1.08   2.82  0.17  0.16  -0.10  -0.55 P110 #
-113.012 41.817  -1.72   2.06  0.14  0.12  -1.06  -0.99 P111 #
-111.450 39.817  -0.61   2.18  0.14  0.13  -0.16  -0.54 P112 #
-113.278 40.671  -2.53   2.17  0.13  0.12  -0.50  -0.93 P113 #
-112.528 40.634  -2.06   1.98  0.17  0.13  -0.49  -0.77 P114 #
-112.428 40.474  -2.24   2.02  0.16  0.15  -0.42  -0.75 P115 #
-112.014 40.434  -1.87   1.91  0.15  0.13  -0.40  -0.67 P116 #
-111.751 40.435  -1.77   1.62  0.17  0.14  -0.40  -0.60 P117 #
-111.350 40.635  -0.07   2.11  0.14  0.13  -0.47  -0.59 P118 #
-111.258 40.732   0.06   2.15  0.15  0.14  -0.50  -0.59 P119 #
-105.626 35.007  -1.15   2.04  0.14  0.13   0.54  -0.05 P120 #
-112.698 41.803  -1.40   1.88  0.13  0.12  -0.99  -0.91 P121 #
-112.332 41.635  -0.72   1.65  0.13  0.12  -0.92  -0.85 P122 #
-105.911 36.635  -1.09   1.66  0.14  0.12   0.36  -0.02 P123 #
-111.957 41.558  -0.15   2.22  0.20  0.23  -0.85  -0.79 P124 #
-111.899 41.589  -0.56   1.70  0.19  0.15  -0.87  -0.79 P125 #
-111.781 41.583   0.37   2.03  0.17  0.14  -0.85  -0.77 P126 #
-119.600 39.499  -6.79   8.99  0.16  0.14   0.10  -2.24 P127 #
-119.069 39.486  -5.92   7.80  0.15  0.13   0.09  -2.13 P128 #
-118.450 39.134  -4.17   7.61  0.15  0.14  -0.56  -2.79 P129 #
-118.938 39.268  -5.53   8.04  0.15  0.14  -0.01  -2.16 P130 #
-118.351 39.455  -5.67   7.11  0.15  0.14   0.51  -2.69 P131 #
-118.005 38.729  -4.30   5.56  0.14  0.13   0.19  -1.81 P132 #
-118.460 38.725  -5.01   7.91  0.14  0.14   0.05  -2.46 P133 #
-118.930 38.981  -5.93   8.98  0.15  0.12  -0.09  -2.38 P134 #
-119.015 38.705  -6.72  10.15  0.20  0.17   0.23  -2.50 P135 #
-119.459 38.761  -8.15  10.80  0.19  0.15   0.41  -2.39 P136 #
-119.477 40.780  -3.76   6.83  0.18  0.15  -1.24  -1.97 P137 #
-119.010 40.242  -4.28   6.69  0.18  0.14  -0.90  -2.01 P138 #
-119.722 39.908  -6.34   8.59  0.18  0.14  -0.26  -2.24 P139 #
-120.693 38.829 -10.81  11.97  0.15  0.13   0.84  -2.63 P140 #
-120.386 39.047 -10.24  11.78  0.17  0.15   0.58  -2.50 P141 #
-119.811 39.124  -8.85  10.84  0.23  0.17   0.35  -2.34 P142 #
-119.765 38.760  -9.90  11.50  0.20  0.15   0.58  -2.40 P143 #
-120.893 39.467 -10.28  11.32  0.16  0.14   0.39  -2.67 P144 #
-119.624 41.358  -2.65   6.91  0.15  0.14  -1.59  -1.94 P145 #
-120.537 39.337  -9.56  11.24  0.17  0.15   0.41  -2.52 P146 #
-120.284 39.937  -7.62   9.67  0.16  0.14  -0.19  -2.37 P147 #
-120.806 40.419  -6.37   9.64  0.16  0.16  -0.53  -2.43 P148 #
-120.105 39.602  -8.37   9.75  0.21  0.16   0.09  -2.38 P149 #
-120.034 39.292  -9.29  10.45  0.19  0.17   0.31  -2.38 P150 #
-120.077 40.289  -5.99   8.57  0.16  0.14  -0.56  -2.25 P151 #
-123.360 41.807  -1.60  14.14  0.17  0.16  -0.72  -3.44 P154 #
-123.189 41.272  -4.61  13.39  0.17  0.15   0.48  -3.34 P155 #
-123.906 40.024 -21.70  29.97  0.19  0.18   1.78  -3.91 P156 #
-124.308 40.248 -21.15  37.73  0.15  0.15   2.13  -3.23 P157 #
-124.107 40.422  -9.29  28.58  0.15  0.17   3.44  -3.63 P158 #
-124.283 40.505  -5.37  31.45  0.15  0.18   2.51  -2.91 P159 #
-124.133 40.551  -5.81  26.51  0.15  0.12   3.12  -3.44 P160 #
-124.213 40.637  -2.45  26.85  0.15  0.14   3.17  -3.19 P161 #
-124.237 40.691  -0.84  26.24  0.14  0.12   3.26  -3.07 P162 #
-124.057 40.220 -17.45  30.00  0.16  0.16   2.77  -3.61 P163 #
-123.693 40.119 -16.49  21.48  0.14  0.14   1.60  -3.86 P164 #
-123.853 40.246 -13.72  23.83  0.16  0.16   1.73  -3.79 P165 #
-123.863 40.435  -8.32  22.39  0.15  0.15   2.14  -3.95 P166 #
-123.880 40.544  -6.35  21.55  0.14  0.15   2.32  -3.92 P167 #
-123.881 40.669  -4.00  20.75  0.15  0.15   2.52  -3.89 P168 #
-123.968 40.791  -2.66  21.62  0.13  0.12   3.07  -3.76 P169 #
-123.863 40.880  -4.61  18.31  0.17  0.15   3.03  -3.92 P170 #
-121.793 36.486 -28.06  35.74  0.15  0.16  -0.56   1.48 P171 #
-121.767 36.228 -28.23  36.47  0.17  0.16  -1.05   1.31 P172 #
-121.290 35.946 -27.20  36.43  0.16  0.15  -1.41   0.41 P173 #
-121.051 36.302 -28.15  36.71  0.16  0.14  -0.05  -0.90 P174 #
-121.135 36.426 -28.32  36.93  0.16  0.13   0.15  -0.86 P175 #
-122.357 37.472 -23.90  32.28  0.17  0.15  -0.66   0.44 P176 #
-122.495 37.528 -24.05  33.92  0.17  0.17  -1.24   1.07 P177 #
-122.332 37.535 -22.41  30.42  0.19  0.13  -0.05  -0.46 P178 #
-123.686 42.099  -0.37  15.07  0.19  0.16  -1.02  -3.81 P179 #
-121.403 36.293 -27.70  36.57  0.17  0.14  -0.64   0.27 P180 #
-122.377 37.915 -20.72  29.25  0.14  0.13   1.56  -3.00 P181 #
-123.181 38.495 -20.91  34.90  0.15  0.13  -0.86  -0.49 P182 #
-123.069 38.314 -21.65  35.23  0.14  0.12  -1.00   0.28 P183 #
-123.709 39.117 -23.79  33.19  0.16  0.14  -0.12  -0.46 P184 #
-123.749 39.261 -23.86  32.78  0.15  0.12   0.50  -1.54 P185 #
-123.518 39.150 -22.64  30.79  0.17  0.15   1.19  -2.54 P186 #
-123.603 39.352 -23.91  29.38  0.19  0.17   1.62  -3.15 P187 #
-123.230 38.668 -20.08  34.09  0.17  0.15  -0.29  -2.17 P188 #
-123.348 38.987 -21.29  31.62  0.14  0.13   0.84  -2.96 P189 #
-123.204 39.242 -19.52  23.97  0.18  0.14   1.61  -3.70 P190 #
-123.632 42.275   0.23  14.60  0.18  0.16  -1.45  -3.71 P191 #
-123.105 39.320 -17.06  20.81  0.15  0.14   1.64  -3.84 P192 #
-122.908 38.123 -22.48  34.37  0.15  0.13  -0.58   0.50 P193 #
-122.816 38.186 -20.68  31.91  0.16  0.13   0.70  -1.38 P194 #
-122.959 38.665 -18.71  32.05  0.19  0.17   1.21  -3.83 P195 #
-122.743 38.298 -19.36  30.78  0.14  0.12   1.68  -3.10 P196 #
-122.767 38.429 -18.40  31.46  0.17  0.15   1.74  -3.63 P197 #
-122.607 38.260 -18.85  28.98  0.17  0.14   1.94  -3.40 P198 #
-122.503 38.264 -17.03  25.94  0.15  0.14   1.98  -3.56 P199 #
-122.452 38.240 -17.16  25.29  0.15  0.15   2.07  -3.63 P200 #
-122.658 38.560 -14.92  24.50  0.16  0.14   1.72  -3.90 P201 #
-122.496 38.424 -16.13  23.87  0.18  0.15   1.93  -3.76 P202 #
-122.917 38.866 -16.28  22.91  0.27  0.16   1.10  -4.00 P203 #
-122.711 38.666 -14.05  24.72  0.17  0.14   1.49  -3.96 P204 #
-122.963 39.398 -16.28  19.44  0.20  0.20   1.43  -3.77 P205 #
-122.576 38.778 -13.02  21.53  0.17  0.15   1.37  -3.90 P206 #
-122.719 39.260 -13.36  13.36  0.19  0.19   1.28  -3.83 P207 #
-122.304 39.109 -11.41  13.02  0.15  0.13   1.12  -3.64 P208 #
-122.127 37.069 -25.90  33.82  0.16  0.15  -0.87   1.53 P209 #
-121.732 36.816 -28.20  33.74  0.14  0.12   0.38   0.87 P210 #
-121.698 36.879 -27.91  33.39  0.15  0.14   0.88   0.25 P211 #
-121.863 36.962 -27.17  32.84  0.15  0.15   0.60   0.99 P212 #
-121.991 37.202 -22.59  30.42  0.16  0.13   0.63  -0.51 P213 #
-121.797 37.001 -26.06  32.06  0.19  0.17   1.19   0.12 P214 #
-121.763 37.049 -24.23  29.28  0.17  0.16   1.64  -0.64 P215 #
-121.726 37.002 -24.77  30.12  0.16  0.14   1.60  -0.47 P216 #
-121.651 37.104 -22.34  26.35  0.15  0.14   2.14  -1.61 P217 #
-121.714 37.204 -22.34  26.91  0.18  0.16   1.99  -2.10 P218 #
-122.285 37.342 -22.79  32.35  0.41  0.21  -0.91   0.89 P219 #
-122.214 37.330 -23.45  31.81  0.17  0.17  -0.45   0.39 P220 #
-122.099 37.337 -22.08  30.29  0.17  0.15   0.51  -0.83 P221 #
-122.083 37.539 -21.97  28.51  0.15  0.12   1.63  -2.66 P222 #
-122.100 37.722 -17.72  23.72  0.16  0.13   1.81  -3.15 P223 #
-122.219 37.864 -17.16  24.15  0.17  0.13   1.77  -3.37 P224 #
-122.058 37.714 -17.72  22.92  0.14  0.14   1.89  -3.30 P225 #
-121.826 37.337 -21.93  28.18  0.28  0.16   1.82  -2.57 P226 #
-121.790 37.533 -14.60  17.81  0.15  0.15   2.01  -3.09 P227 #
-121.687 37.602 -13.68  16.19  0.15  0.14   1.98  -3.07 P228 #
-121.978 37.749 -16.42  20.80  0.16  0.14   1.92  -3.36 P229 #
-121.786 37.819 -13.16  14.32  0.18  0.15   1.93  -3.29 P230 #
-121.905 36.622 -27.91  34.99  0.16  0.16  -0.42   1.78 P231 #
-121.579 36.724 -28.42  35.78  0.16  0.13   0.39   0.24 P232 #
-121.420 36.800 -19.17  28.32  0.16  0.14   1.26  -0.90 P233 #
-121.591 36.859 -28.14  34.11  0.16  0.13   1.14  -0.36 P234 #
-121.542 36.814 -28.34  35.93  0.16  0.15   1.01  -0.41 P235 #
-121.554 36.904 -23.28  27.81  0.17  0.14   1.58  -0.81 P236 #
-121.387 36.637 -28.29  36.47  0.16  0.14   0.49  -0.48 P237 #
-121.453 36.849 -18.92  27.96  0.25  0.20   1.54  -0.96 P238 #
-121.548 36.962 -22.10  25.26  0.17  0.14   1.85  -1.14 P239 #
-121.542 37.008 -21.96  25.96  0.16  0.16   2.13  -1.37 P240 #
-121.574 37.213 -15.25  16.15  0.18  0.14   2.16  -2.20 P241 #
-121.463 36.954 -21.11  25.50  0.16  0.19   1.98  -1.35 P242 #
-121.335 36.918 -14.61  14.05  0.16  0.14   1.93  -1.50 P243 #
-121.355 37.011 -15.15  13.24  0.15  0.13   2.16  -1.68 P244 #
-119.706 37.713 -11.34  13.11  0.17  0.15   1.16  -2.51 P245 #
-121.188 36.560 -28.09  37.47  0.15  0.15   0.53  -1.01 P247 #
-121.869 37.976 -13.09  15.35  0.16  0.14   1.88  -3.39 P248 #
-121.064 36.612  -9.86  14.46  0.21  0.17   0.88  -1.48 P249 #
-121.268 36.950 -14.16  13.59  0.15  0.14   2.02  -1.69 P250 #
-121.348 36.811 -13.97  16.74  0.15  0.14   1.44  -1.18 P251 #
-121.058 37.170 -13.15  12.51  0.15  0.13   2.16  -2.23 P252 #
-121.653 37.478 -13.90  15.55  0.16  0.16   2.05  -2.89 P253 #
-121.469 37.490 -13.16  14.02  0.17  0.16   2.02  -2.70 P254 #
-121.325 37.582 -12.90  13.63  0.15  0.13   1.97  -2.70 P255 #
-121.605 37.932 -12.87  13.48  0.14  0.12   1.84  -3.16 P256 #
-121.464 37.755 -13.06  13.52  0.15  0.14   1.89  -2.94 P257 #
-121.283 37.385 -13.48  12.88  0.18  0.15   2.06  -2.39 P258 #
-122.218 38.153 -14.20  20.28  0.18  0.14   1.98  -3.63 P261 #
-122.096 38.025 -15.47  20.50  0.20  0.17   1.96  -3.54 P262 #
-122.429 38.578 -14.03  20.74  0.18  0.15   1.66  -3.78 P263 #
-122.195 38.444 -13.15  16.41  0.16  0.14   1.78  -3.63 P264 #
-121.844 38.184 -12.59  13.92  0.15  0.13   1.81  -3.39 P266 #
-122.355 39.000 -10.30  13.78  0.20  0.15   1.18  -3.69 P269 #
-121.095 38.645 -11.47  12.26  0.14  0.11   1.13  -2.83 P276 #
-122.367 37.192 -25.87  35.45  0.16  0.13  -1.53   1.83 P277 #
-121.061 35.711 -26.36  36.04  0.35  0.33  -2.64   0.24 P278 #
-121.062 35.791 -26.16  35.82  0.34  0.28  -2.46   0.16 P279 #
-120.348 35.544 -22.36  31.33  0.35  0.31  -3.12  -0.11 P280 #
-120.907 35.933 -25.04  35.18  0.43  0.41  -1.84  -0.39 P284 #
-120.981 36.417 -11.81  16.57  0.15  0.13   0.38  -1.34 P285 #
-120.853 36.516 -10.89  14.45  0.17  0.17   0.83  -1.89 P286 #
-120.879 36.140 -27.56  36.26  0.15  0.14  -0.36  -1.07 P288 #
-120.749 36.107 -27.44  36.15  0.16  0.12  -0.14  -1.45 P289 #
-120.728 36.179  -9.53  14.94  0.14  0.13   0.08  -1.66 P290 #
-120.645 35.923 -24.30  35.66  0.35  0.29  -1.50  -1.07 P291 #
-120.842 35.697 -24.55  35.31  0.32  0.29  -2.96  -0.11 P295 #
-120.710 36.257  -8.85  16.18  0.33  0.63   0.41  -1.89 P299 #
-120.197 37.352 -11.94  13.13  0.14  0.12   1.56  -2.73 P305 #
-120.644 37.795 -12.38  12.67  0.15  0.13   1.62  -2.58 P306 #
-119.840 37.901 -11.46  12.74  0.16  0.14   1.17  -2.54 P308 #
-120.951 38.090 -12.33  12.57  0.16  0.12   1.53  -2.71 P309 #
-120.334 38.736 -10.69  11.95  0.15  0.14   0.82  -2.50 P310 #
-118.520 37.178  -8.41  11.43  0.17  0.17   0.37  -1.76 P311 #
-123.698 39.529 -24.52  30.20  0.19  0.17   1.79  -3.42 P312 #
-123.565 39.554 -24.07  27.75  0.17  0.16   1.85  -3.60 P313 #
-123.582 39.686 -24.55  25.48  0.14  0.12   1.87  -3.72 P314 #
-123.717 39.864 -23.68  26.28  0.16  0.14   1.78  -3.83 P315 #
-124.086 41.559  -2.44  17.38  0.19  0.18   1.84  -4.80 P316 #
-123.552 39.906 -19.63  19.92  0.17  0.15   1.60  -3.73 P317 #
-123.372 39.452 -20.00  20.44  0.15  0.13   1.78  -3.63 P318 #
-123.295 39.707 -19.63  15.17  0.15  0.18   1.61  -3.65 P319 #
-123.187 39.493 -19.11  19.69  0.17  0.17   1.65  -3.73 P320 #
-123.395 39.897 -16.24  21.64  0.19  0.16   1.44  -3.63 P321 #
-123.182 39.962 -12.82  13.17  0.17  0.18   1.27  -3.56 P322 #
-123.656 40.257 -12.64  19.99  0.16  0.14   1.39  -3.83 P324 #
-123.883 41.152  -3.51  16.51  0.16  0.14   2.57  -3.86 P325 #
-123.699 40.575  -7.73  15.65  0.15  0.13   1.73  -3.95 P326 #
-123.573 40.479  -9.64  15.06  0.18  0.17   1.27  -3.80 P327 #
-123.452 40.082 -15.71  18.21  0.16  0.15   1.28  -3.68 P329 #
-123.136 40.324 -10.32  13.10  0.20  0.15   0.96  -3.56 P330 #
-123.324 40.733  -7.58  13.78  0.19  0.14   1.23  -3.67 P331 #
-123.175 40.547  -8.93  13.28  0.18  0.15   1.09  -3.68 P332 #
-122.976 39.621 -13.16  13.60  0.18  0.16   1.40  -3.63 P333 #
-122.736 39.494 -12.25  13.31  0.19  0.18   1.26  -3.67 P334 #
-122.874 39.726 -12.45  12.94  0.18  0.17   1.23  -3.55 P335 #
-122.430 39.528 -10.98  12.44  0.16  0.14   1.02  -3.54 P336 #
-122.869 40.296 -10.18  12.59  0.20  0.20   0.74  -3.42 P337 #
-122.923 40.748  -7.68  12.61  0.17  0.14   0.72  -3.38 P338 #
-122.668 40.034 -10.43  12.49  0.17  0.16   0.80  -3.38 P339 #
-122.607 40.651  -8.35  11.98  0.17  0.17   0.37  -3.21 P341 #
-123.334 40.887  -6.74  14.01  0.18  0.14   1.23  -3.63 P343 #
-122.028 39.929 -10.58  11.94  0.15  0.12   0.49  -3.13 P344 #
-122.271 40.271  -9.66  11.85  0.16  0.12   0.42  -3.11 P345 #
-120.867 39.795  -9.75  10.88  0.21  0.16   0.11  -2.61 P346 #
-120.948 41.183  -4.25   8.74  0.15  0.14  -1.31  -2.32 P347 #
-121.828 40.906  -6.19  10.15  0.18  0.14  -0.55  -2.66 P348 #
-122.319 40.731  -7.47  11.03  0.17  0.16   0.02  -2.96 P349 #
-114.863 43.533   0.02   2.40  0.16  0.17  -1.88  -1.52 P350 #
-114.719 43.874   0.57   2.41  0.17  0.17  -2.02  -1.51 P351 #
-114.096 43.849   0.21   2.09  0.16  0.16  -1.91  -1.45 P352 #
-113.979 44.055   0.48   2.19  0.16  0.14  -1.99  -1.48 P353 #
-113.979 44.109   0.90   2.47  0.16  0.13  -2.05  -1.46 P354 #
-113.722 44.218   1.03   2.29  0.21  0.16  -1.71  -1.23 P355 #
-110.489 43.817   0.56   1.47  0.16  0.15  -1.39  -0.91 P356 #
-113.582 44.227   0.85   2.26  0.16  0.14  -1.66  -1.20 P357 #
-113.241 44.402   1.28   2.25  0.20  0.18  -1.62  -1.18 P358 #
-111.530 43.482  -0.30   0.94  0.15  0.14  -1.48  -1.22 P359 #
-111.451 44.318   0.34   0.88  0.13  0.13  -1.91  -1.95 P360 #
-124.226 42.209   1.24  16.47  0.19  0.14   0.01  -3.94 P362 #
-124.054 42.860   3.60  15.41  0.23  0.20  -1.39  -3.58 P363 #
-124.409 43.090   7.01  16.38  0.17  0.13  -1.82  -2.49 P364 #
-124.253 43.396   5.17  15.18  0.17  0.14  -0.81  -2.88 P365 #
-123.980 43.614   4.46  14.26  0.21  0.18  -1.01  -3.16 P366 #
-124.062 44.585   6.80  13.24  0.21  0.14   0.47  -2.03 P367 #
-123.383 42.504   1.06  13.51  0.16  0.14  -2.12  -3.45 P368 #
-123.429 43.140   3.06  13.18  0.17  0.14  -2.58  -3.55 P369 #
-122.656 42.191   0.16  11.58  0.18  0.15  -2.16  -2.91 P370 #
-123.058 43.363   3.57  12.18  0.17  0.13  -2.89  -3.45 P371 #
-117.252 45.428   2.92   3.97  0.15  0.14  -2.27  -1.92 P372 #
-123.333 43.623   3.95  12.71  0.16  0.15  -2.37  -3.49 P373 #
-123.591 44.382   5.40  12.62  0.16  0.18  -0.99  -2.88 P374 #
-123.427 44.689   6.00  12.11  0.16  0.20  -1.07  -2.76 P375 #
-123.102 44.941   5.70  11.56  0.15  0.15  -1.42  -2.85 P376 #
-122.887 44.052   5.18  11.27  0.17  0.13  -2.49  -3.32 P377 #
-122.931 44.535   5.31  11.04  0.19  0.14  -2.00  -3.12 P378 #
-122.577 44.497   5.40  10.41  0.26  0.20  -2.46  -3.15 P379 #
-121.780 42.260  -0.12   9.40  0.14  0.13  -2.57  -2.57 P380 #
-119.952 43.002   1.45   6.67  0.16  0.14  -2.67  -2.31 P381 #
-121.770 43.177   2.25   9.32  0.17  0.15  -3.27  -2.91 P382 #
-122.217 44.342   4.52   9.86  0.17  0.15  -2.75  -3.15 P383 #
-122.483 44.841   5.24  10.23  0.19  0.15  -2.18  -2.98 P384 #
-121.946 44.435   4.76   9.29  0.19  0.18  -2.85  -3.05 P385 #
-118.968 44.403   2.30   5.25  0.15  0.15  -2.59  -2.26 P386 #
-121.574 44.297   4.36   8.49  0.19  0.15  -3.02  -2.98 P387 #
-120.378 42.469  -0.07   7.46  0.17  0.16  -2.55  -2.27 P388 #
-120.603 43.812   2.58   7.21  0.15  0.14  -3.03  -2.67 P389 #
-118.928 43.034   0.53   5.49  0.15  0.13  -2.33  -2.12 P390 #
-118.412 42.255  -0.60   5.10  0.16  0.14  -1.88  -1.97 P391 #
-119.001 43.447   0.97   5.01  0.15  0.14  -2.51  -2.19 P392 #
-117.892 43.234   0.65   4.37  0.15  0.13  -2.16  -1.94 P393 #
-117.800 44.835   2.56   4.29  0.14  0.13  -2.36  -2.03 P394 #
-123.858 45.022   7.26  13.13  0.20  0.16  -0.21  -2.14 P395 #
-123.823 45.310   7.70  12.94  0.27  0.18  -0.19  -2.17 P396 #
-123.799 46.422   7.14  11.78  0.25  0.16   0.59  -2.05 P397 #
-123.916 46.926   9.67  12.00  0.16  0.14   0.80  -1.72 P398 #
-123.613 47.434   8.48   9.90  0.20  0.17   0.07  -1.74 P399 #
-123.812 47.513   9.40   9.80  0.28  0.21   0.42  -1.59 P400 #
-124.557 47.937  12.47  11.25  0.14  0.13   2.73   0.19 P401 #
-124.306 47.766  11.99  11.90  0.16  0.15   1.93  -0.61 P402 #
-124.141 48.062   9.44  10.09  0.19  0.21   0.37  -0.84 P403 #
-123.390 45.159   6.12  11.93  0.15  0.21  -0.92  -2.58 P404 #
-123.644 45.629   6.86  12.08  0.21  0.17  -0.28  -2.33 P405 #
-123.152 45.190   5.84  11.25  0.17  0.17  -1.20  -2.68 P406 #
-123.931 45.955  10.86  12.43  0.22  0.17   0.40  -2.15 P407 #
-123.377 46.201   6.48  10.97  0.17  0.18  -0.28  -2.26 P408 #
-123.239 45.851   6.39  11.40  0.15  0.18  -0.70  -2.40 P409 #
-123.079 46.111   6.22  10.55  0.18  0.19  -0.75  -2.34 P410 #
-123.157 45.538   5.95  10.96  0.17  0.19  -0.98  -2.56 P411 #
-122.589 45.221   5.82  10.57  0.18  0.13  -1.82  -2.80 P412 #
-120.150 48.427   4.47   4.82  0.15  0.15  -2.28  -1.99 P413 #
-122.693 45.835   5.93  10.01  0.22  0.14  -1.37  -2.53 P414 #
-123.730 46.656   7.76  11.78  0.24  0.15   0.50  -1.90 P415 #
-121.597 47.040   5.13   7.11  0.18  0.17  -2.04  -2.16 P416 #
-123.298 46.575   6.08  10.37  0.18  0.17  -0.27  -2.07 P417 #
-123.408 47.237   7.20   9.75  0.17  0.14  -0.14  -1.84 P418 #
-123.367 47.409   7.40   8.87  0.21  0.18  -0.33  -1.80 P419 #
-122.866 46.589   5.42   9.55  0.21  0.16  -0.90  -2.14 P420 #
-122.429 46.532   5.53   9.16  0.21  0.14  -1.41  -2.25 P421 #
-116.980 46.798   3.32   3.58  0.14  0.14  -2.20  -1.85 P422 #
-122.941 47.288   6.47   9.02  0.17  0.14  -0.91  -1.88 P423 #
-122.875 47.823   7.14   7.61  0.19  0.18  -1.34  -1.79 P424 #
-122.845 46.453   5.37   9.41  0.23  0.16  -0.96  -2.21 P425 #
-122.515 47.803   6.75   7.32  0.17  0.15  -1.65  -1.85 P426 #
-122.341 45.430   5.45   9.82  0.17  0.13  -1.91  -2.75 P427 #
-121.877 45.676   4.94   9.00  0.18  0.15  -2.10  -2.65 P429 #
-123.436 47.004   7.05   9.79  0.21  0.17  -0.02  -1.89 P430 #
-121.988 46.572   5.55   8.53  0.21  0.16  -1.78  -2.29 P431 #
-121.683 46.623   5.11   7.41  0.17  0.15  -2.07  -2.30 P432 #
-119.872 44.533   2.71   6.09  0.18  0.19  -2.80  -2.48 P433 #
-121.076 47.740   5.06   5.88  0.16  0.16  -2.27  -2.05 P434 #
-123.503 48.060   7.80   8.17  0.18  0.21  -0.75  -1.43 P435 #
-123.134 48.045   7.32   7.75  0.16  0.14  -1.23  -1.65 P436 #
-122.459 48.002   6.82   6.96  0.16  0.15  -1.80  -1.89 P437 #
-122.670 48.419   6.61   6.58  0.15  0.12  -1.98  -1.80 P438 #
-122.909 48.708   7.09   6.86  0.17  0.14  -1.92  -1.76 P439 #
-122.493 48.856   6.35   6.49  0.15  0.14  -2.14  -1.90 P440 #
-122.140 48.916   6.00   5.80  0.18  0.18  -2.26  -1.96 P441 #
-121.616 48.260   5.66   5.80  0.17  0.17  -2.28  -1.97 P442 #
-121.286 48.510   5.60   5.95  0.19  0.23  -2.32  -1.98 P443 #
-121.068 48.730   5.28   5.61  0.18  0.19  -2.40  -1.96 P444 #
-120.672 45.590   4.09   6.77  0.14  0.13  -2.58  -2.54 P445 #
-122.893 46.116   5.86  10.01  0.22  0.18  -1.05  -2.37 P446 #
-119.690 45.453   3.17   5.49  0.14  0.14  -2.56  -2.40 P447 #
-120.005 45.911   4.07   5.62  0.14  0.13  -2.53  -2.36 P448 #
-119.631 46.260   3.83   5.50  0.14  0.13  -2.42  -2.26 P449 #
-119.544 45.953   3.62   5.72  0.13  0.13  -2.49  -2.28 P450 #
-119.041 46.793   3.73   4.84  0.13  0.12  -2.35  -2.11 P451 #
-119.487 47.404   4.05   4.62  0.15  0.14  -2.35  -2.06 P452 #
-118.745 47.759   3.82   4.25  0.14  0.14  -2.29  -1.96 P453 #
-118.993 47.954   3.96   4.36  0.14  0.13  -2.29  -1.97 P454 #
-112.729 44.486   1.14   1.76  0.16  0.16  -1.69  -1.22 P455 #
-110.746 43.748   0.74   0.67  0.29  0.21  -1.38  -1.04 P459 #
-110.759 45.354   2.13   1.59  0.14  0.13  -1.14  -0.04 P461 #
-116.629 36.071  -5.96   5.47  0.16  0.15   2.64  -1.58 P462 #
-117.165 36.022  -7.74   8.12  0.16  0.13   2.79  -1.48 P463 #
-117.410 36.159  -8.64   8.89  0.17  0.14   2.84  -1.54 P464 #
-118.132 36.467 -10.36  11.55  0.21  0.17   1.68  -0.61 P465 #
-117.789 36.531  -8.70   9.34  0.16  0.14   2.44  -2.32 P466 #
-118.091 36.570  -9.51  10.70  0.17  0.14   1.72  -0.97 P467 #
-118.118 36.976  -8.10  10.03  0.15  0.13   1.48  -2.40 P468 #
-117.936 37.231  -6.49   8.70  0.15  0.13   0.97  -2.89 P469 #
-117.394 34.462 -14.95  16.20  0.14  0.13   1.56   0.65 P470 #
-117.541 33.562 -25.63  26.40  0.14  0.13  -0.19   2.66 P471 #
-117.105 32.889 -27.91  27.45  0.14  0.12  -0.53   2.04 P472 #
-116.950 32.734 -28.15  27.78  0.13  0.12  -0.75   1.81 P473 #
-117.249 33.355 -26.65  26.28  0.13  0.12  -0.00   2.37 P474 #
-117.244 32.666 -29.03  28.99  0.15  0.13  -0.89   1.98 P475 #
-117.190 33.440 -26.07  25.63  0.15  0.12   0.10   2.35 P476 #
-117.113 33.503 -24.90  25.30  0.15  0.14   0.22   2.29 P477 #
-117.072 33.236 -27.02  26.54  0.13  0.12  -0.06   2.12 P478 #
-116.783 33.493 -23.78  23.24  0.14  0.12   0.66   1.68 P479 #
-116.349 32.976 -27.02  25.98  0.16  0.15   0.21   1.05 P480 #
-116.011 32.822 -25.11  26.08  0.17  0.14  -0.32  -0.17 P481 #
-116.671 33.240 -26.06  25.20  0.15  0.13   0.46   1.65 P482 #
-116.569 33.059 -27.10  26.37  0.17  0.12   0.13   1.43 P483 #
-116.621 33.376 -24.38  23.39  0.16  0.13   0.65   1.51 P484 #
-116.409 33.210 -25.34  23.99  0.19  0.17   0.37   0.60 P485 #
-116.322 33.260 -23.84  22.89  0.15  0.14   0.77   0.92 P486 #
-116.183 33.214 -22.43  21.35  0.16  0.15   0.66   0.15 P487 #
-116.079 33.201 -20.71  19.63  0.16  0.14   0.78  -0.04 P488 #
-116.112 33.296 -18.63  17.08  0.17  0.14   0.96  -0.11 P489 #
-116.426 33.523 -18.77  18.19  0.17  0.15   1.26   0.81 P490 #
-116.227 33.575 -16.49  15.84  0.16  0.15   1.64   0.17 P491 #
-115.969 32.887 -24.16  25.32  0.16  0.14  -0.08  -0.53 P492 #
-115.825 32.955 -21.66  23.17  0.15  0.13   0.51  -0.96 P493 #
-115.732 32.760 -22.70  26.02  0.17  0.20   0.28  -0.42 P494 #
-115.628 33.045 -11.20  17.27  0.15  0.17   1.08  -0.84 P495 #
-115.596 32.751 -20.49  24.41  0.34  0.33   0.62  -1.30 P496 #
-115.577 32.835 -16.44  22.55  0.15  0.18   0.85  -1.29 P497 #
-115.570 32.898 -14.03  21.60  0.14  0.17   0.94  -0.65 P498 #
-115.488 32.980  -6.96   7.43  0.15  0.13   1.19  -1.17 P499 #
-115.398 32.876  -4.41   7.02  0.15  0.15   1.27  -1.06 P501 #
-115.422 32.982  -5.23   5.68  0.14  0.13   1.32  -1.24 P502 #
-115.720 32.949 -18.51  21.56  0.15  0.14   0.73  -1.25 P503 #
-115.766 33.516  -9.99   7.05  0.14  0.14   1.84  -0.71 P504 #
-115.687 33.424  -7.17   6.08  0.15  0.14   1.65  -1.31 P505 #
-115.510 33.081  -5.79   5.20  0.15  0.18   1.31  -1.23 P506 #
-115.612 33.200 -10.49  -0.25  0.15  0.13   1.35  -1.03 P507 #
-115.429 33.248  -5.67   4.75  0.14  0.12   1.51  -0.61 P508 #
-115.294 32.891  -3.61   5.48  0.16  0.12   1.50  -1.20 P509 #
-115.343 33.144  -4.82   4.60  0.14  0.13   1.53  -1.28 P510 #
-115.296 33.887  -6.26   4.22  0.15  0.13   2.70  -1.64 P511 #
-119.694 37.563 -10.94  13.21  0.18  0.15   1.15  -2.57 P512 #
-120.650 34.907 -27.70  35.74  0.15  0.16  -2.52   0.88 P513 #
-120.410 35.011 -26.34  33.98  0.16  0.14  -2.69   1.11 P514 #
-120.240 34.871 -27.35  32.09  0.15  0.13  -2.49   1.46 P515 #
-120.383 35.106 -25.66  33.30  0.15  0.13  -2.67   1.08 P516 #
-118.178 34.376 -21.75  21.74  0.15  0.15  -1.25   1.64 P517 #
-120.075 35.020 -25.05  30.07  0.19  0.17  -2.63   1.73 P518 #
-119.792 34.508 -27.66  29.92  0.16  0.15  -2.41   1.88 P519 #
-119.616 34.630 -27.23  27.16  0.18  0.17  -2.58   2.00 P520 #
-119.815 34.889 -25.13  27.91  0.19  0.17  -2.52   2.04 P521 #
-119.536 35.087 -20.09  21.60  0.16  0.13   0.32  -0.48 P522 #
-120.860 35.304 -25.92  36.67  0.14  0.13  -2.83   0.59 P523 #
-120.808 35.426 -25.26  36.46  0.17  0.14  -2.79   0.38 P525 #
-120.870 35.636 -24.01  35.74  0.37  0.32  -3.00   0.02 P526 #
-120.605 35.754 -24.03  33.63  0.33  0.31  -2.54  -0.58 P527 #
-120.545 35.328 -24.29  34.62  0.15  0.13  -2.83   0.47 P528 #
-120.354 35.440 -23.15  31.96  0.15  0.13  -2.68   0.38 P529 #
-120.480 35.625 -23.05  33.85  0.34  0.36  -3.14  -0.40 P530 #
-120.267 35.634 -20.84  29.89  0.14  0.13  -1.30  -1.14 P532 #
-120.371 35.748 -21.42  31.63  0.37  0.31  -1.91  -1.50 P533 #
-122.238 37.061 -26.35  34.77  0.15  0.13  -1.29   1.79 P534 #
-120.101 35.235 -23.23  29.28  0.16  0.14  -2.52   1.38 P535 #
-120.025 35.280 -22.18  27.76  0.15  0.12  -2.17   1.17 P536 #
-119.935 35.317 -20.76  26.10  0.15  0.13  -1.43   0.44 P537 #
-120.182 35.703 -17.02  24.39  0.33  0.29  -0.94  -2.47 P539 #
-120.131 35.801 -13.60  21.42  0.35  0.28  -0.46  -3.34 P540 #
-120.001 35.687 -14.92  21.26  0.14  0.12   1.38  -3.44 P541 #
-120.293 35.689 -20.90  30.04  0.33  0.28  -1.82  -1.50 P542 #
-119.713 35.319 -17.94  22.17  0.16  0.14   1.45  -2.00 P543 #
-119.504 34.467 -26.91  27.05  0.17  0.19  -2.45   1.90 P548 #
-119.326 34.600 -25.25  24.01  0.18  0.19  -2.59   1.75 P549 #
-119.115 34.660 -22.98  22.23  0.17  0.15  -2.22   1.41 P550 #
-119.155 34.856 -21.51  21.98  0.19  0.19   0.46  -0.16 P551 #
-120.245 35.687 -20.34  28.85  0.33  0.30  -1.47  -1.82 P552 #
-118.879 34.835 -20.64  20.09  0.15  0.14   1.91  -0.21 P553 #
-118.848 34.792 -21.96  19.87  0.17  0.20   1.19   0.12 P554 #
-118.669 34.695 -20.29  21.74  0.17  0.21   0.24   0.91 P555 #
-118.545 34.771 -18.95  20.44  0.17  0.17   2.68   0.07 P556 #
-118.656 34.944 -17.96  17.34  0.18  0.14   3.62  -0.57 P557 #
-118.612 35.139 -16.17  15.44  0.15  0.14   3.35  -0.36 P558 #
-118.618 34.839 -17.99  18.92  0.26  0.25   3.30  -0.33 P559 #
-118.541 34.822 -18.13  18.84  0.15  0.15   3.31  -0.12 P560 #
-118.399 34.618 -19.75  20.54  0.26  0.20   0.52   1.32 P561 #
-118.189 34.982 -14.32  16.43  0.16  0.14   3.77  -0.03 P562 #
-118.754 35.421 -14.86  14.22  0.14  0.12   3.13  -1.47 P567 #
-118.127 35.254 -13.23  14.05  0.22  0.15   3.39  -0.19 P568 #
-118.124 35.378 -13.06  13.44  0.18  0.14   3.13  -0.23 P569 #
-118.260 35.667 -12.31  12.83  0.17  0.14   2.62  -0.49 P570 #
-118.767 36.231 -11.08  13.51  0.14  0.12   1.65  -1.82 P571 #
-118.955 36.586 -10.21  13.87  0.14  0.13   0.99  -2.31 P572 #
-118.260 36.093 -11.47  11.93  0.17  0.14   2.21  -0.62 P573 #
-117.634 34.287 -20.22  19.44  0.19  0.17  -0.18   1.42 P574 #
-117.542 34.216 -21.39  20.97  0.23  0.24  -0.22   1.61 P575 #
-117.319 34.305 -16.26  16.31  0.15  0.16   1.08   1.32 P577 #
-120.239 35.694 -18.90  27.70  0.33  0.29  -1.33  -1.96 P578 #
-118.006 35.039 -12.75  16.00  0.14  0.13   3.46  -0.15 P579 #
-117.192 35.621  -9.13  10.22  0.15  0.14   2.62  -1.06 P580 #
-117.729 34.510 -16.26  18.30  0.14  0.13   1.49   0.30 P581 #
-117.549 34.634 -13.83  16.32  0.16  0.14   2.00   0.12 P582 #
-117.543 34.987 -11.18  14.73  0.14  0.12   2.50  -0.22 P583 #
-116.952 33.893 -18.10  18.61  0.14  0.13   1.11   2.39 P584 #
-116.546 34.019 -13.53  14.00  0.16  0.14   2.58   1.63 P585 #
-117.281 34.535 -13.49  14.93  0.15  0.13   1.52   0.63 P586 #
-118.031 34.332 -21.80  21.55  0.17  0.16  -1.09   1.56 P587 #
-117.268 34.785 -11.23  13.94  0.14  0.14   1.57   0.42 P588 #
-117.110 34.621 -11.74  13.37  0.14  0.13   1.07   0.80 P589 #
-117.365 35.117 -10.10  13.31  0.15  0.13   2.43  -0.38 P590 #
-118.016 35.152 -12.22  15.29  0.15  0.13   3.36  -0.11 P591 #
-117.303 35.239  -9.18  12.56  0.14  0.14   2.43  -0.53 P592 #
-117.205 35.388  -8.44  11.53  0.15  0.14   2.58  -0.80 P593 #
-117.390 35.897  -9.38   9.67  0.16  0.14   2.68  -1.17 P594 #
-117.403 35.698  -9.85  10.72  0.14  0.13   2.63  -0.92 P595 #
-116.890 35.998  -7.26   6.97  0.17  0.14   2.77  -1.52 P596 #
-116.888 35.711  -7.67   8.22  0.16  0.15   2.69  -1.45 P597 #
-116.710 34.192 -13.12  13.45  0.16  0.14   2.31   2.16 P598 #
-116.537 34.217 -11.21  11.97  0.16  0.13   2.87   1.99 P599 #
-116.212 33.866 -11.95  11.16  0.14  0.14   2.60   0.05 P600 #
-116.080 33.959  -9.61   8.33  0.16  0.13   3.11  -0.61 P601 #
-120.228 35.729 -16.15  24.62  0.37  0.28  -0.95  -2.41 P602 #
-116.030 34.717  -6.81   6.16  0.15  0.14   3.14  -3.09 P603 #
-116.671 34.937  -8.10   9.06  0.17  0.15   1.63  -1.45 P604 #
-117.937 34.341 -21.14  21.17  0.16  0.16  -0.81   1.34 P605 #
-116.880 34.462 -11.85  12.26  0.15  0.14   0.94   1.50 P606 #
-115.821 33.741  -8.59   6.37  0.14  0.14   2.49  -1.08 P607 #
-115.687 33.994  -7.53   4.99  0.15  0.15   3.19  -1.68 P608 #
-116.893 34.063 -14.71  16.03  0.15  0.15   1.61   2.29 P609 #
-115.764 34.426  -6.88   5.16  0.15  0.14   4.13  -2.10 P610 #
-115.650 35.205  -5.77   4.72  0.14  0.12   2.59  -2.38 P611 #
-117.316 34.187 -18.00  17.65  0.15  0.15   0.48   1.84 P612 #
-115.250 34.732  -6.06   4.21  0.16  0.14   3.05  -1.98 P614 #
-116.763 35.205  -7.63   9.51  0.15  0.13   2.17  -1.44 P615 #
-117.893 35.425 -11.75  12.96  0.16  0.13   2.85  -0.16 P616 #
-116.572 35.321  -6.73   7.55  0.15  0.13   2.33  -1.87 P617 #
-116.104 35.142  -6.20   5.83  0.14  0.13   2.41  -2.79 P618 #
-116.122 35.526  -5.87   5.25  0.17  0.15   2.81  -2.20 P619 #
-116.145 35.785  -5.86   4.88  0.16  0.15   2.68  -1.89 P620 #
-115.544 35.473  -5.44   4.45  0.17  0.15   2.53  -1.97 P621 #
-115.366 35.163  -5.56   4.23  0.15  0.13   2.63  -2.00 P622 #
-114.599 34.189  -5.23   3.74  0.14  0.13   2.53  -1.45 P623 #
-114.965 34.844  -5.55   3.86  0.16  0.14   2.77  -1.71 P625 #
-115.238 35.291  -5.34   4.11  0.15  0.14   2.51  -1.80 P626 #
-118.379 37.973  -5.60   9.18  0.15  0.14   0.98  -2.27 P627 #
-119.249 37.934 -11.27  13.54  0.20  0.17   0.95  -2.38 P628 #
-119.179 37.376 -10.83  12.58  0.17  0.14   0.79  -2.38 P629 #
-119.147 37.963 -11.38  13.34  0.24  0.16   0.93  -2.35 P636 #
-118.593 37.541  -7.05  10.08  0.18  0.16   0.85  -2.14 P645 #
-118.555 37.891  -5.63  10.70  0.16  0.14   0.97  -2.26 P650 #
-118.387 37.563  -6.50   9.47  0.15  0.14   0.91  -2.34 P651 #
-118.238 37.589  -6.39   9.52  0.17  0.15   0.93  -2.48 P652 #
-118.472 37.737  -5.94  10.03  0.16  0.14   0.96  -2.28 P653 #
-119.150 38.058 -10.76  12.88  0.22  0.17   0.91  -2.38 P654 #
-122.206 41.294  -4.05  10.65  0.20  0.18  -0.85  -2.71 P655 #
-122.196 41.345  -4.33  10.85  0.29  0.23  -1.02  -2.69 P656 #
-122.294 41.381  -3.77  10.77  0.19  0.16  -0.97  -2.74 P657 #
-122.191 41.479  -3.17  10.25  0.20  0.23  -1.21  -2.66 P658 #
-122.068 41.410  -3.51   9.91  0.28  0.22  -1.15  -2.64 P660 #
-122.313 41.464  -3.19  10.57  0.19  0.16  -1.08  -2.71 P661 #
-122.153 41.532  -2.78  10.20  0.20  0.18  -1.33  -2.62 P663 #
-121.507 41.712  -2.46   8.82  0.16  0.16  -1.85  -2.43 P672 #
-121.613 41.586  -1.32   9.90  0.18  0.17  -1.68  -2.46 P673 #
-112.719 42.212  -1.05   1.76  0.15  0.14  -1.20  -1.00 P675 #
-113.868 42.879  -0.71   2.08  0.13  0.12  -1.56  -1.26 P677 #
-112.805 43.449  -0.08   1.68  0.13  0.12  -1.64  -1.23 P678 #
-113.306 44.040   0.67   2.07  0.17  0.17  -1.70  -1.25 P679 #
-112.636 44.400   0.91   1.61  0.17  0.15  -1.72  -1.25 P681 #
-110.908 42.503   0.87   2.00  0.16  0.14  -1.08  -0.79 P682 #
-111.735 42.827  -0.10   1.14  0.15  0.13  -1.29  -1.00 P683 #
-111.450 43.919   0.18   1.06  0.13  0.12  -1.63  -1.49 P684 #
-111.830 44.068   0.36   1.11  0.14  0.14  -1.79  -1.59 P685 #
-122.355 46.110   5.38   9.11  0.22  0.19  -1.64  -2.43 P687 #
-122.164 46.030   5.23   7.87  0.25  0.19  -1.83  -2.48 P688 #
-122.361 46.190   5.28   9.29  0.21  0.15  -1.56  -2.38 P689 #
-122.346 46.300   5.37   9.55  0.21  0.17  -1.58  -2.36 P702 #
-122.311 46.173   4.97   9.20  0.25  0.17  -1.66  -2.41 P705 #
-112.524 45.043   1.83   1.94  0.16  0.16  -1.60  -1.11 P706 #
-111.837 44.719   1.15   1.50  0.15  0.15  -1.71  -1.42 P707 #
-109.690 43.501   1.39   1.74  0.17  0.14  -1.24  -0.63 P715 #
-111.789 45.218   1.88   1.92  0.19  0.15  -1.49  -0.75 P719 #
-110.002 45.003   2.21   1.93  0.19  0.19  -1.28  -0.54 P721 #
-109.571 45.457   2.10   1.61  0.15  0.14  -1.28  -0.53 P722 #
-118.725 37.380  -8.18  10.88  0.28  0.21   0.59  -2.01 P723 #
-118.561 37.439  -7.83  10.50  0.19  0.16   0.74  -2.09 P724 #
-119.746 37.089 -11.10  14.23  0.15  0.12   1.16  -2.96 P725 #
-118.147 37.281  -7.02   9.54  0.16  0.13   0.87  -2.83 P726 #
-118.467 37.274  -8.47  11.03  0.18  0.15   0.54  -1.91 P727 #
-106.974 39.178  -0.35   1.35  0.17  0.15  -0.09  -0.10 P728 #
-119.096 34.263 -27.05  28.05  0.28  0.17  -1.98   2.13 P729 #
-120.828 41.359  -3.49   8.43  0.17  0.15  -1.54  -2.28 P730 #
-120.473 41.333  -3.08   8.15  0.16  0.14  -1.55  -2.18 P731 #
-123.891 43.392   3.77  14.08  0.19  0.18  -1.59  -3.37 P732 #
-124.413 42.442   4.58  17.51  0.17  0.14  -1.20  -3.28 P733 #
-124.293 42.077   1.09  17.28  0.17  0.14  -0.01  -3.96 P734 #
-123.231 42.692   1.41  12.82  0.19  0.17  -2.50  -3.34 P735 #
-121.880 42.580   0.81   9.41  0.16  0.14  -2.96  -2.73 P736 #
-122.610 42.727   1.76  10.93  0.18  0.16  -2.97  -3.09 P737 #
-119.659 42.546  -0.25   6.31  0.19  0.17  -2.35  -2.12 P738 #
-117.725 42.020  -1.13   4.54  0.17  0.15  -1.60  -1.88 P739 #
-116.596 33.598 -19.55  18.70  0.22  0.19   1.14   1.28 P740 #
-116.531 33.557 -19.17  18.93  0.21  0.19   1.13   1.07 P741 #
-116.603 33.496 -22.17  21.50  0.18  0.14   0.86   1.15 P742 #
-115.508 32.829 -12.03  22.16  0.17  0.20   1.17  -1.57 P744 #
-111.415 40.808   0.12   2.15  0.17  0.14  -0.54  -0.63 P783 #
-122.420 41.831  -1.70  10.78  0.22  0.17  -1.74  -2.75 P784 #
-123.981 41.845  -0.26  17.01  0.19  0.17   0.40  -4.44 P786 #
-121.581 36.799 -28.32  35.19  0.17  0.15   0.79  -0.10 P787 #
-121.479 36.744 -28.20  36.35  0.20  0.16   0.75  -0.40 P788 #
-122.137 46.245   5.98   9.04  0.31  0.34  -1.78  -2.40 P792 #
-123.573 40.479  -9.69  15.11  0.20  0.17   1.21  -3.79 P793 #
-122.964 39.846 -12.15  13.28  0.21  0.20   1.15  -3.49 P794 #
-116.148 34.508  -7.28   6.89  0.17  0.16   4.06  -2.58 P795 #
-114.759 32.498  -4.59   4.41  0.20  0.17   3.24  -0.84 P796 #
-116.593 33.537 -21.24  20.01  0.19  0.19   1.00   1.18 P797 #
-110.961 43.796   0.22   0.74  0.19  0.18  -1.43  -1.18 P798 #
-118.306 33.928 -24.22  27.45  0.20  0.18  -1.31   2.37 P799 #
-118.349 34.022 -24.54  26.84  0.18  0.17  -1.47   2.31 P800 #
-118.621 34.836 -18.21  18.89  0.23  0.22   3.20  -0.23 P808 #
-118.017 35.152 -12.49  15.55  0.21  0.19   3.38  -0.10 P811 #
-118.017 35.152 -12.50  15.20  0.21  0.20   3.37  -0.04 P812 #
-118.746 47.759   3.97   4.45  0.22  0.23  -2.27  -1.97 P813 #
-118.745 47.759   3.76   4.18  0.23  0.23  -2.26  -1.98 P814 #
-124.557 47.937  12.70  11.54  0.21  0.19   2.76   0.14 P815 #
-124.557 47.937  12.58  11.45  0.20  0.19   2.76   0.15 P816 #
-124.054 42.862   3.03  15.24  0.47  0.33  -1.26  -3.40 P820 #
-123.429 43.145   2.12  13.63  0.47  0.42  -2.47  -3.46 P821 #
-124.205 47.213  13.02  14.79  0.14  0.12   1.34  -1.67 PABH #
-117.803 38.642  -4.25   5.02  0.17  0.13   0.37  -1.92 PACT #
-115.745 36.139  -5.33   4.15  0.14  0.14   2.16  -1.57 PAHR #
-117.032 33.389 -27.39  25.37  0.37  0.39   0.09   2.10 PALG #
-117.110 40.073  -4.41   4.46  0.20  0.18   1.21  -2.16 PALO #
-116.064 31.559 -30.22  30.45  0.18  0.16  -1.16   1.42 PALX #
-117.419 36.240  -8.91   8.47  0.12  0.10   2.83  -1.54 PANA #
-112.676 38.034  -2.98   2.86  0.21  0.20   0.63  -0.67 PARO #
-117.698 41.324  -2.46   5.18  0.48  0.49  -1.20  -1.79 PARP #
-115.692 32.648 -21.83  25.45  0.20  0.18  -0.24  -0.72 PB1Y #
-115.890 32.614 -26.78  28.57  0.29  0.25  -1.18  -0.20 PB2Y #
-121.272 35.709 -26.83  37.79  0.20  0.19  -1.99   0.62 PBHR #
-122.419 37.853 -23.14  26.74  0.39  0.33   1.13  -2.68 PBL1 #
-122.419 37.853 -16.40  27.14  1.16  1.28   1.13  -2.66 PBL2 #
-117.923 34.508 -18.01  19.52  0.15  0.13   0.83   0.35 PBPP #
-122.571 47.172   6.90   8.45  0.18  0.15  -1.24  -1.98 PCOL #
-123.328 44.919   5.84  11.51  0.20  0.26  -1.11  -2.68 PCS2 #
-119.940 38.223 -10.48  12.50  0.40  0.30   1.05  -2.41 PCST #
-121.283 35.665 -26.93  37.71  0.20  0.20  -2.08   0.67 PDBL #
-118.757 45.666   3.07   5.07  0.18  0.17  -2.42  -2.18 PDTN #
-122.609 45.597   5.92   9.59  0.23  0.15  -1.59  -2.61 PDXA #
-120.759 36.187 -10.45  14.80  0.28  0.28  -0.36  -1.43 PEA1 #
-120.767 36.181 -28.04  35.73  0.30  0.24  -0.25  -1.43 PEA2 #
-117.903 35.855 -11.63  12.56  0.19  0.21   2.57  -0.55 PEAR #
-109.796 35.080  -2.37   2.20  0.22  0.17   1.09  -0.24 PEFO #
-120.380 40.034  -7.29   9.80  0.40  0.38  -0.23  -2.40 PENN #
-120.323 39.419 -10.14  11.09  0.26  0.27   0.26  -2.47 PENT #
-122.208 47.982   8.90   7.93  0.43  0.41  -2.10  -1.87 PER1 #
-120.332 39.488  -9.80  10.74  0.39  0.46   0.21  -2.48 PERA #
-116.686 36.902  -5.25   4.78  0.20  0.17   1.82  -1.54 PERL #
-120.000 39.750  -7.39   9.09  0.28  0.21  -0.08  -2.33 PETE #
-122.282 47.899   7.34   7.15  0.17  0.15  -1.87  -1.91 PFLD #
-123.451 48.649   7.58   7.32  0.16  0.13  -1.51  -1.50 PGC5 #
-118.088 38.932  -3.76   5.65  0.24  0.22  -0.03  -1.94 PHIL #
-117.034 36.980  -5.17   5.42  0.17  0.15   1.68  -1.78 PHIN #
-115.550 32.490 -20.22  25.82  0.21  0.19   0.16   0.33 PHJX #
-117.694 34.925 -12.30  15.78  0.15  0.13   2.67  -0.21 PHLB #
-117.773 39.083  -3.41   4.61  0.17  0.19  -0.01  -1.74 PHON #
-111.418 32.629  -3.30   3.02  0.22  0.20   1.43  -0.52 PICA #
-108.119 34.302  -1.68   2.30  0.13  0.12   0.92  -0.17 PIE1 #
-108.119 34.302  -1.74   1.98  0.35  0.30   1.06  -0.11 PIE2 #
-119.997 40.872  -3.83   7.82  0.27  0.24  -1.17  -2.08 PILG #
-117.985 38.270  -4.93   6.28  0.14  0.11   0.76  -2.01 PILO #
-111.019 32.228  -2.76   2.95  0.20  0.18   1.28  -0.52 PIMA #
-116.458 33.612 -17.74  17.09  0.15  0.14   1.41   1.22 PIN1 #
-116.458 33.612 -17.71  17.19  0.16  0.14   1.42   1.36 PIN2 #
-118.575 34.452 -22.93  21.81  0.37  0.44  -1.67   2.03 PIN3 #
-119.052 38.645  -7.27  10.13  0.19  0.16   0.34  -2.46 PINE #
-114.882 35.385  -4.82   3.98  0.18  0.13   2.22  -1.48 PIUT #
-115.884 32.417 -27.56  28.65  0.20  0.17  -2.09   0.52 PJZX #
-120.542 35.945 -21.75  34.78  0.30  0.24  -0.39  -1.61 PKDB #
-121.564 45.518   4.82   8.12  0.26  0.20  -2.37  -2.69 PKDL #
-118.233 34.072 -24.49  24.14  0.22  0.19  -1.53   2.14 PKRD #
-121.677 46.600   4.63   7.27  0.23  0.20  -2.03  -2.27 PKWD #
-116.158 31.255 -31.28  31.22  0.30  0.25  -0.68   1.48 PLCX #
-119.754 39.336  -7.47  10.29  0.17  0.14   0.21  -2.29 PLEA #
-119.967 44.132   2.35   6.21  0.21  0.19  -2.83  -2.52 PLNA #
-117.243 32.665 -28.90  27.44  0.17  0.18  -0.90   2.26 PLO5 #
-117.243 32.666 -27.87  30.43  0.18  0.17  -1.08   1.88 PLO6 #
-115.151 31.589 -26.62  28.68  0.26  0.20   0.00   2.15 PLPX #
-114.114 47.664   3.35   2.37  0.15  0.15  -1.97  -1.41 PLS5 #
-114.114 47.664   3.22   2.27  0.16  0.15  -1.99  -1.42 PLS6 #
-104.726 40.182   0.20   1.38  0.16  0.15  -0.37  -0.07 PLTC #
-115.431 31.816 -27.60  29.07  0.19  0.16  -0.90   1.82 PLTX #
-121.687 43.991   3.98   8.05  0.23  0.18  -3.12  -3.05 PMAR #
-118.154 33.903 -26.18  25.92  0.30  0.24  -1.19   2.53 PMHS #
-116.860 33.357 -26.06  25.14  0.15  0.14   0.56   2.28 PMOB #
-123.415 48.101  10.17   9.26  0.31  0.37  -1.07  -1.44 PNCL #
-118.792 45.670   3.43   5.03  0.33  0.32  -2.53  -2.15 PNDL #
-119.594 49.501   4.13   4.51  0.20  0.20  -2.13  -1.89 PNTC #
-119.487 38.919  -7.65  10.12  0.27  0.26   0.33  -2.34 PNUT #
-120.845 44.312   3.31   7.54  0.18  0.15  -2.98  -2.77 PNVL #
-122.279 37.796 -21.13  28.40  0.45  0.37   1.52  -3.06 POAK #
-116.924 33.687 -23.39  22.45  0.32  0.22   0.68   2.20 POBG #
-116.120 36.580  -5.02   4.20  0.21  0.17   2.01  -1.48 POIN #
-118.472 40.379  -3.40   5.37  0.13  0.14  -1.42  -1.63 POKE #
-117.632 46.480   3.25   4.07  0.18  0.17  -2.25  -1.98 POME #
-120.478 35.920 -20.49  32.57  0.54  0.45  -0.40  -1.84 POMM #
-119.019 39.279  -5.98   8.12  0.12  0.10   0.04  -2.20 PONY #
-119.260 39.455  -6.11   8.51  0.19  0.13   0.11  -2.18 POOS #
-120.743 41.599  -2.89   8.29  0.22  0.35  -1.75  -2.19 PORC #
-117.117 32.668 -25.32  28.32  0.47  0.45  -0.78   1.71 POSD #
-121.935 38.203 -11.01  14.38  0.36  0.27   1.74  -3.50 POTB #
-122.040 44.097   3.83  10.71  0.35  0.45  -3.06  -3.13 POTH #
-116.591 32.618 -28.02  28.00  0.16  0.13  -1.00   1.25 POTR #
-122.667 47.755   8.70   7.99  0.83  0.56  -1.70  -1.90 POUL #
-117.182 33.836 -22.43  22.57  0.14  0.12   0.42   2.54 PPBF #
-122.390 37.187 -26.14  35.54  0.15  0.13  -1.66   1.99 PPT5 #
-122.390 37.187 -25.67  33.91  0.21  0.16  -1.55   1.87 PPT6 #
-122.609 47.391   6.33   7.58  0.17  0.13  -1.31  -1.86 PRDY #
-119.791 46.216   3.90   5.80  0.17  0.16  -2.43  -2.27 PRSR #
-105.194 39.949  -0.08   1.02  0.33  0.25  -0.30  -0.07 PRX5 #
-116.494 33.819 -15.79  16.48  0.15  0.13   2.03   1.91 PSAP #
-117.807 34.092 -23.45  22.59  0.13  0.12  -1.08   2.33 PSDM #
-122.320 47.451   7.57   7.49  0.34  0.25  -1.62  -1.91 PSEA #
-122.490 42.755   1.98  11.24  0.20  0.16  -3.04  -3.04 PSPT #
-104.285 38.435  -0.30   1.50  0.26  0.23  -0.03  -0.01 PSRS #
-119.704 34.426 -28.49  30.23  0.37  0.43  -2.25   1.84 PSSB #
-115.835 31.313 -31.15  30.68  0.21  0.16  -0.66   1.62 PSTX #
-123.494 48.117   7.68   7.26  0.20  0.23  -0.80  -1.45 PTAA #
-124.861 49.256   8.36   7.83  0.14  0.14  -1.30  -1.05 PTAL #
-115.456 32.377 -20.90  27.49  0.26  0.23   0.23   0.70 PTAX #
-116.521 32.288 -28.33  28.77  0.19  0.17  -1.90   1.13 PTEX #
-112.372 42.870  -0.78   1.01  0.24  0.21  -1.38  -1.11 PTIG #
-123.019 37.996 -23.83  36.16  0.16  0.14  -1.68   2.02 PTRB #
-124.413 48.544   8.17   8.28  0.19  0.18  -0.58  -0.50 PTRF #
-121.944 38.209 -13.00  14.87  0.21  0.25   1.93  -3.45 PTRO #
-124.255 41.783   1.95  17.86  0.15  0.12   0.72  -4.53 PTSG #
-119.610 45.939   3.46   5.74  0.17  0.16  -2.43  -2.32 PTSN #
-104.345 38.287  -0.51   1.61  0.15  0.15  -0.02   0.00 PUB6 #
-110.809 39.599  -0.03   1.80  0.17  0.16  -0.09  -0.42 PUC1 #
-110.762 39.594  -0.67   2.52  0.26  0.23  -0.09  -0.42 PUC2 #
-118.936 38.906  -6.25   9.19  0.17  0.14  -0.02  -2.43 PUMP #
-122.008 47.500   6.09   6.72  0.23  0.20  -1.89  -1.96 PUPU #
-118.404 33.743 -27.42  28.73  0.14  0.12  -1.01   2.52 PVE3 #
-118.404 33.743 -27.98  29.70  0.39  0.34  -0.90   2.77 PVEP #
-118.372 33.779 -26.94  28.55  0.14  0.11  -1.13   2.45 PVHS #
-118.321 33.774 -26.58  28.35  0.14  0.14  -1.12   2.40 PVRS #
-112.326 44.338   0.53   1.10  0.22  0.21  -1.82  -1.37 PZCG #
-121.137 36.161 -27.52  36.15  0.15  0.15  -0.66  -0.33 QCY2 #
-121.137 36.161 -29.00  36.26  0.47  0.39  -0.82  -0.34 QCYN #
-118.245 34.629 -18.29  19.81  0.14  0.14   1.40   0.94 QHTP #
-120.966 47.775   4.94   5.00  0.21  0.23  -2.27  -2.05 QMAR #
-115.153 32.549  -8.16   4.11  0.20  0.20   2.51  -0.99 QUEX #
-120.944 39.975  -8.34  11.15  0.16  0.13  -0.13  -2.60 QUIN #
-124.443 49.346   7.89   7.62  0.20  0.21  -1.53  -1.34 QUL2 #
-107.591 38.657  -0.37   1.53  0.19  0.18   0.07  -0.12 R301 #
-116.917 33.042 -27.67  26.72  0.14  0.12  -0.32   1.75 RAAP #
-116.151 34.683  -7.21   7.23  0.33  0.38   2.92  -2.88 RAGG #
-115.665 38.280  -3.83   3.46  0.20  0.18   0.75  -1.51 RAIL #
-118.551 39.378  -5.21   7.52  0.17  0.17   0.15  -2.41 RAIN #
-117.683 35.339 -10.11  13.62  0.15  0.14   2.82  -0.34 RAMT #
-119.529 40.386  -3.89   6.90  0.24  0.16  -1.32  -1.51 RATC #
-118.753 39.490  -5.38   7.24  0.27  0.23   0.21  -2.15 RATT #
-120.379 40.743  -4.74   8.75  0.19  0.18  -0.96  -2.25 RAVE #
-119.536 39.188  -6.85   9.54  0.15  0.12   0.22  -2.30 RAWE #
-107.892 40.041  -0.28   1.62  0.34  0.29  -0.25  -0.17 RBC2 #
-117.159 33.529 -24.41  25.09  0.27  0.30   0.16   2.15 RBFT #
-111.809 40.781  -0.27   2.31  0.14  0.14  -0.54  -0.65 RBUT #
-119.720 34.500 -27.56  28.48  0.13  0.14  -2.42   1.91 RCA2 #
-117.586 33.444 -26.64  27.36  0.37  0.29  -0.25   2.90 RCSC #
-118.996 39.397  -5.86   7.90  0.29  0.39   0.06  -2.14 RDMO #
-116.625 34.644  -9.17  10.22  0.15  0.13   0.66  -0.29 RDMT #
-122.374 40.625  -8.73  11.47  0.30  0.32  -0.01  -2.99 RDNG #
-121.148 44.260   3.45   7.79  0.13  0.12  -3.08  -2.85 REDM #
-119.991 39.894  -7.10   9.48  0.15  0.16  -0.19  -2.31 REDR #
-124.108 43.701   5.75  14.79  0.21  0.17  -0.39  -2.98 REED #
-117.325 39.159  -3.90   4.09  0.23  0.23   0.45  -2.19 REES #
-116.554 36.715  -5.32   4.57  0.23  0.17   2.03  -1.44 RELA #
-119.917 39.510  -7.86  10.28  0.21  0.21   0.15  -2.30 RENO #
-116.468 36.840  -4.71   4.77  0.27  0.22   1.85  -1.45 REP2 #
-116.468 36.841  -4.78   4.78  0.16  0.13   1.86  -1.51 REP3 #
-116.466 36.849  -4.85   4.60  0.30  0.25   1.82  -1.36 REP4 #
-116.468 36.840  -5.21   4.46  0.17  0.13   1.86  -1.49 REPO #
-101.094 49.560   1.63   0.81  0.21  0.21  -1.06  -0.54 REST #
-120.463 39.982  -7.19   9.88  0.30  0.25  -0.16  -2.42 REYN #
-108.044 34.667  -1.94   1.99  0.15  0.15   0.88  -0.13 RG01 #
-107.226 34.632  -1.63   2.07  0.22  0.17   0.75  -0.10 RG02 #
-105.154 33.655  -1.43   2.11  0.19  0.17   0.59  -0.07 RG03 #
-105.644 34.824  -1.26   2.08  0.19  0.18   0.56  -0.05 RG04 #
-108.356 32.553  -1.66   2.27  0.18  0.14   0.98  -0.25 RG05 #
-107.865 32.635  -1.67   2.17  0.16  0.14   0.91  -0.19 RG06 #
-106.843 32.496  -1.41   2.37  0.16  0.14   0.81  -0.15 RG07 #
-104.994 32.728  -1.26   2.31  0.16  0.14   0.60  -0.11 RG08 #
-107.056 36.305  -1.36   1.67  0.14  0.14   0.51  -0.07 RG09 #
-106.539 36.451  -1.16   1.68  0.15  0.14   0.44  -0.04 RG10 #
-105.779 36.523  -1.12   1.69  0.14  0.13   0.36  -0.03 RG11 #
-104.968 36.459  -0.97   1.73  0.20  0.16   0.30  -0.01 RG12 #
-107.973 39.956  -0.28   1.59  0.23  0.15  -0.25  -0.18 RG14 #
-106.349 39.884  -0.09   1.56  0.17  0.15  -0.28  -0.10 RG16 #
-105.670 39.762  -0.41   1.53  0.22  0.21  -0.25  -0.07 RG17 #
-106.401 39.065  -0.37   1.41  0.18  0.18  -0.08  -0.07 RG18 #
-105.552 39.190  -0.17   1.46  0.20  0.18  -0.14  -0.04 RG19 #
-107.696 37.892  -0.71   1.86  0.15  0.14   0.26  -0.10 RG20 #
-107.109 37.768  -0.81   1.56  0.15  0.15   0.24  -0.07 RG21 #
-106.342 37.794  -0.75   1.61  0.14  0.13   0.17  -0.04 RG22 #
-105.499 37.744  -0.62   1.63  0.15  0.13   0.14  -0.02 RG23 #
-104.967 37.964  -0.54   1.59  0.20  0.17   0.06  -0.01 RG24 #
-108.231 33.986  -2.03   1.97  0.22  0.18   0.99  -0.17 RG25 #
-106.789 39.910   0.04   1.53  0.24  0.24  -0.26  -0.13 RG26 #
-104.265 49.799   2.78   1.18  1.35  2.61  -1.21  -0.66 RG92 #
-118.013 34.001 -24.92  24.14  0.32  0.29  -0.90   3.01 RHCG #
-118.026 34.019 -24.48  24.59  0.14  0.15  -1.18   2.08 RHCL #
-117.575 38.425  -4.18   4.99  0.16  0.13   0.69  -2.14 RHIL #
-119.278 46.277   3.49   5.16  0.18  0.17  -2.45  -2.21 RIC2 #
-117.106 39.884  -4.51   4.33  0.24  0.17   1.26  -2.19 RICO #
-115.623 36.493  -4.49   4.06  0.18  0.12   1.93  -1.41 RIDG #
-119.433 38.626  -8.55  11.29  0.19  0.14   0.54  -2.43 RISU #
-121.561 37.019 -21.73  26.34  0.18  0.18   2.07  -1.33 RJAB #
-119.413 48.964   4.03   4.30  0.19  0.19  -2.19  -1.92 RKD1 #
-121.148 44.260   3.59   7.52  0.16  0.14  -3.08  -2.85 RMDB #
-120.792 46.749   4.76   6.51  0.20  0.19  -2.27  -2.25 RMRK #
-117.555 33.486 -26.47  26.71  0.19  0.18  -0.28   2.51 RMVJ #
-120.525 35.900 -22.18  33.94  0.39  0.25  -1.08  -1.48 RNCH #
-119.886 39.538  -7.51   8.75  0.21  0.17   0.13  -2.31 RNO1 #
-116.610 33.611 -19.53  19.28  0.36  0.26   1.59   2.78 ROCH #
-118.676 34.236 -24.81  27.62  0.14  0.13  -1.72   2.49 ROCK #
-122.063 37.816 -17.71  21.27  0.28  0.23   1.73  -3.25 ROCP #
-117.085 36.218  -6.57   6.89  0.26  0.19   2.67  -1.40 ROGE #
-117.546 38.577  -4.22   4.73  0.15  0.21   0.55  -2.05 ROJO #
-121.779 36.931 -28.53  32.35  0.41  0.40   0.89   0.57 ROPB #
-118.713 40.804  -2.71   5.43  0.16  0.14  -1.46  -1.59 ROSE #
-118.987 38.403  -7.84  10.61  0.18  0.14   0.59  -2.44 ROUG #
-114.664 36.840  -3.87   3.17  0.18  0.17   1.46  -1.21 ROXY #
-117.607 38.263  -4.54   5.02  0.17  0.22   0.73  -2.25 ROYS #
-117.599 33.528 -26.87  26.96  0.50  0.65  -0.31   2.30 RP02 #
-117.413 39.359  -4.25   4.65  0.17  0.26   0.88  -2.16 RPAS #
-122.375 47.388   6.12   7.60  0.17  0.14  -1.54  -1.89 RPT5 #
-122.375 47.387   6.06   7.34  0.21  0.16  -1.51  -1.89 RPT6 #
-118.734 48.649   3.39   3.30  0.22  0.23  -2.18  -1.87 RPUB #
-123.359 43.235   2.99  12.73  0.25  0.20  -2.62  -3.58 RSBG #
-118.193 34.875 -15.05  17.37  0.13  0.12   3.63   0.19 RSTP #
-119.184 34.541 -24.33  23.23  0.14  0.16  -2.52   1.76 RSVY #
-117.353 34.089 -20.43  21.08  0.14  0.12   0.02   2.84 RTHS #
-115.123 40.617  -2.77   2.90  0.14  0.12  -0.39  -1.30 RUBY #
-115.868 36.257  -5.02   4.36  0.26  0.24   2.11  -1.32 RUMP #
-114.978 32.972  -4.67   4.58  0.26  0.25   2.02  -1.19 RUNG #
-118.760 39.223  -5.23   7.95  0.28  0.23  -0.15  -2.32 RUSS #
-117.417 33.921 -23.18  24.01  0.27  0.26  -0.04   2.31 RVSD #
-116.262 48.218   3.46   3.11  0.23  0.24  -2.09  -1.67 RYA1 #
-116.650 36.316  -5.69   5.19  0.15  0.13   2.47  -1.61 RYAN #
-118.424 40.554  -3.01   5.06  0.19  0.34  -1.57  -1.47 RYEP #
-123.730 46.684   7.28  11.22  0.25  0.17   0.52  -1.90 RYMD #
-121.558 37.667 -12.96  14.12  0.14  0.13   1.94  -2.97 S300 #
-105.243 40.035  -0.03   1.61  0.25  0.23  -0.32  -0.05 SA00 #
-111.421 41.934   0.22   1.95  0.30  0.20  -0.95  -0.72 SA23 #
-109.688 31.368  -1.54   3.01  0.38  0.54   0.67  -0.26 SA24 #
-110.961 29.082  -1.30   3.35  0.21  0.17   0.47  -0.13 SA27 #
-111.952 33.447  -3.52   2.66  0.17  0.17   1.61  -0.51 SA31 #
-110.954 32.230  -2.81   3.26  0.16  0.16   1.06  -0.43 SA46 #
-111.861 31.918  -3.12   2.97  0.34  0.22   1.17  -0.56 SA48 #
-123.421 48.567   7.05   6.85  0.35  0.36  -1.46  -1.48 SAC4 #
-117.896 33.743 -26.36  26.16  0.24  0.25  -0.59   2.62 SACY #
-120.712 40.912  -4.45   9.01  0.54  0.38  -1.11  -2.31 SAID #
-117.847 36.702  -8.79   9.55  0.70  1.06   2.18  -2.62 SALI #
-113.702 33.865  -4.81   3.69  0.29  0.25   2.13  -0.89 SALO #
-122.033 47.540   5.82   7.41  0.22  0.24  -1.87  -1.97 SAMM #
-117.082 38.244  -4.25   4.90  0.20  0.15   0.76  -2.15 SANA #
-118.378 39.275  -4.33   7.17  0.13  0.10  -0.32  -2.88 SAND #
-121.447 36.765 -28.50  36.83  0.15  0.13   1.00  -0.62 SAOB #
-120.146 39.513  -9.06   9.75  0.31  0.30   0.16  -2.38 SARD #
-123.541 46.966  10.00  10.40  0.41  0.35  -0.01  -1.74 SATS #
-117.661 33.553 -26.32  26.92  0.14  0.12  -0.33   2.57 SBCC #
-122.411 37.686 -21.16  31.23  0.25  0.27   0.32  -1.12 SBRB #
-122.410 37.686 -20.95  30.52  0.38  0.32   0.27  -1.23 SBRN #
-120.660 39.580  -9.97  10.13  0.23  0.28   0.23  -2.57 SBUT #
-120.725 46.951   4.26   5.89  0.14  0.13  -2.40  -2.19 SC00 #
-123.008 48.546   6.93   7.16  0.15  0.12  -1.72  -1.73 SC02 #
-123.704 48.923   7.76   7.23  0.16  0.15  -1.65  -1.46 SC04 #
-122.002 37.652 -17.68  23.21  0.21  0.20   1.84  -3.04 SCCP #
-118.355 41.130  -2.70   5.01  0.46  0.35  -1.39  -1.58 SCHO #
-117.388 34.607 -13.27  15.44  0.13  0.12   1.63   0.39 SCIA #
-118.488 32.914 -30.75  32.83  0.14  0.11  -0.30   2.29 SCIP #
-117.635 33.444 -28.55  26.64  0.56  0.43   0.04   2.81 SCMS #
-122.337 48.418   6.57   6.51  0.22  0.22  -2.16  -1.88 SCMV #
-117.252 37.061  -5.37   5.97  0.74  0.61   1.61  -2.08 SCOT #
-119.968 38.767 -10.03  11.49  0.35  0.29   0.67  -2.45 SCTS #
-116.279 34.255  -9.11   8.79  0.14  0.12   3.84   0.07 SDHL #
-104.014 50.170   1.91   0.28  0.24  0.24  -1.21  -0.68 SDL1 #
-103.226 44.083   0.91   1.67  0.21  0.22  -0.90  -0.28 SDRC #
-122.256 47.687   5.95   7.08  0.23  0.17  -1.90  -1.85 SEAI #
-123.922 45.984   9.20  12.57  0.24  0.18   0.43  -2.15 SEAS #
-122.309 47.654   6.40   7.14  0.13  0.12  -1.73  -1.91 SEAT #
-122.239 48.504   6.30   5.73  0.32  0.32  -2.29  -1.86 SEDK #
-111.794 34.863  -3.25   2.30  0.18  0.18   1.55  -0.45 SEDO #
-122.224 48.522   6.40   6.44  0.13  0.13  -2.11  -1.92 SEDR #
-112.589 32.937  -3.96   3.12  0.27  0.22   1.90  -0.59 SENO #
-123.114 48.091   7.16   7.56  0.25  0.24  -1.29  -1.63 SEQM #
-118.848 40.307  -4.04   6.14  0.20  0.18  -1.03  -1.91 SEVN #
-118.755 34.460 -22.85  23.56  0.15  0.13  -2.10   2.03 SFDM #
-105.589 40.054  -0.30   1.83  0.31  0.20  -0.32  -0.07 SG24 #
-106.506 31.773  -1.41   2.26  0.14  0.13   0.72  -0.17 SG33 #
-117.862 34.206 -22.52  21.72  0.18  0.15  -1.15   1.77 SGDM #
-118.109 34.089 -22.82  23.34  0.45  0.20  -1.68   2.30 SGHS #
-115.726 32.649 -22.99  25.00  0.51  0.50  -0.46  -0.73 SGLG #
-116.696 33.913 -16.47  16.59  0.20  0.21   1.89   2.55 SGPS #
-102.977 49.679   1.42   1.01  1.27  1.06  -1.15  -0.60 SGTN #
-113.570 37.113  -3.10   2.76  0.17  0.15   1.16  -0.83 SGU1 #
-117.930 37.261  -6.33   9.29  1.02  0.99   1.03  -2.98 SHAK #
-117.629 40.676  -2.72   5.18  0.18  0.29  -1.09  -1.99 SHEP #
-120.225 40.592  -5.01   8.57  0.13  0.11  -0.85  -2.25 SHIN #
-113.456 36.505  -3.43   2.77  0.19  0.19   1.36  -0.86 SHIV #
-119.016 41.868  -1.37   5.77  0.14  0.11  -1.80  -1.90 SHLD #
-120.347 35.674 -21.93  30.93  0.39  0.38  -2.46  -1.03 SHN5 #
-116.299 35.971  -5.86   4.94  0.13  0.11   2.45  -1.73 SHOS #
-120.671 35.269 -25.38  35.12  0.27  0.27  -2.85   0.49 SHP5 #
-111.862 45.099   1.67   1.95  0.22  0.19  -1.43  -0.94 SHPM #
-121.529 45.464   3.50   9.99  0.33  0.32  -2.33  -2.71 SHRK #
-117.729 39.882  -4.84   4.88  0.25  0.29   1.11  -1.94 SHSH #
-116.016 34.624  -9.16   7.36  0.36  0.29   4.12  -2.79 SIBE #
-118.264 34.103 -25.31  23.80  0.16  0.15  -1.55   2.37 SILK #
-120.194 38.624 -11.23  12.19  0.41  0.28   0.88  -2.43 SILV #
-118.765 34.249 -25.83  27.79  0.58  0.57  -1.75   2.21 SIMI #
-119.998 35.351 -20.72  26.27  0.34  0.29  -1.66   0.42 SIMM #
-117.250 32.865 -28.14  27.75  0.25  0.22  -0.06   2.44 SIO3 #
-117.250 32.841 -28.03  28.45  0.14  0.12  -0.32   2.12 SIO5 #
-120.035 40.278  -5.63   8.57  0.17  0.14  -0.59  -2.25 SKED #
-122.342 48.433   6.13   6.95  0.37  0.33  -2.06  -1.90 SKGT #
-121.884 45.694   5.23   8.11  0.31  0.23  -2.20  -2.62 SKMA #
-118.708 41.032  -2.60   5.41  0.28  0.29  -1.45  -1.61 SKND #
-116.211 36.730  -5.06   4.22  0.21  0.18   1.92  -1.48 SKUL #
-118.479 34.439 -21.56  21.37  0.14  0.14  -1.58   2.21 SKYB #
-122.204 37.417 -22.90  30.43  0.15  0.13   0.22  -0.55 SLAC #
-118.190 39.085  -3.65   6.56  0.12  0.12  -0.27  -2.59 SLAT #
-111.955 40.772  -0.06   2.02  0.29  0.18  -0.56  -0.70 SLCU #
-116.254 33.193 -22.64  23.73  0.26  0.23   0.44   0.35 SLHG #
-119.884 39.314  -8.44   9.66  0.21  0.17   0.24  -2.36 SLID #
-115.978 33.292 -14.06  17.04  0.15  0.12   1.29   0.36 SLMS #
-118.572 39.287  -4.77   9.17  0.22  0.14  -0.06  -2.43 SLT1 #
-117.931 41.160  -2.29   4.89  0.22  0.24  -1.21  -1.66 SLUM #
-122.345 47.524   6.11   7.36  0.17  0.13  -1.62  -1.90 SMAI #
-112.845 39.426  -2.80   2.19  0.12  0.10   0.05  -0.75 SMEL #
-119.272 38.736  -8.34   9.87  0.35  0.34   1.18  -1.75 SMIT #
-119.648 40.621  -4.52   7.39  0.14  0.14  -1.05  -2.03 SMOK #
-115.839 32.958 -21.07  26.81  0.31  0.29   0.45  -1.06 SMTN #
-115.587 36.320  -4.93   4.04  0.24  0.18   1.91  -1.48 SMYC #
-120.251 43.003   1.20   7.24  0.17  0.17  -2.76  -2.39 SNDR #
-117.929 33.927 -24.57  25.34  0.15  0.13  -0.96   2.56 SNHS #
-119.524 33.248 -30.70  34.62  0.20  0.15  -0.69   1.87 SNI1 #
-116.808 34.035 -15.12  15.38  0.28  0.25   1.99   1.81 SNOG #
-121.388 47.391   5.05   6.62  0.22  0.18  -2.14  -2.10 SNOQ #
-120.434 34.912 -28.50  36.14  0.32  0.35  -2.75   1.03 SNTA #
-116.971 32.831 -27.51  27.33  0.36  0.31  -0.65   1.62 SNTE #
-118.080 33.941 -28.05  26.04  0.39  0.32  -1.09   2.29 SNTF #
-121.926 37.166 -21.86  29.61  0.18  0.18   1.04  -0.67 SODB #
-119.064 34.320 -25.20  28.25  0.13  0.12  -2.15   2.12 SOMT #
-117.728 40.853  -3.00   4.76  0.33  0.36  -1.06  -1.76 SONC #
-117.560 33.381 -27.29  27.80  0.19  0.18  -0.34   2.42 SONG #
-112.127 39.306  -2.79   2.38  0.18  0.13   0.07  -0.60 SPIC #
-115.466 31.046 -31.80  29.41  0.51  0.44  -0.24   1.53 SPIG #
-118.646 34.059 -26.31  28.04  0.14  0.12  -1.62   2.55 SPK1 #
-119.710 39.541  -7.22   8.99  0.27  0.21   0.07  -2.29 SPK2 #
-117.503 47.628   3.64   3.71  0.14  0.15  -2.21  -1.86 SPKN #
-119.712 39.542  -7.87   8.38  0.44  0.38  -0.02  -2.17 SPKS #
-117.272 47.677   3.12   3.15  0.42  0.38  -2.23  -1.79 SPKV #
-117.849 33.993 -23.87  23.76  0.13  0.11  -0.97   2.41 SPMS #
-115.466 31.045 -31.97  30.58  0.30  0.23  -0.08   0.78 SPMX #
-117.424 47.518   3.29   3.65  0.17  0.15  -2.27  -1.85 SPN5 #
-117.423 47.518   3.19   3.86  0.15  0.15  -2.26  -1.86 SPN6 #
-119.776 44.827   2.88   6.37  0.20  0.18  -2.67  -2.45 SPRA #
-117.975 47.310   3.87   4.27  0.17  0.16  -2.24  -1.95 SPRG #
-119.710 39.512  -7.53   8.39  0.29  0.32   0.08  -2.28 SPRK #
-117.257 32.867 -28.26  27.55  0.25  0.20  -0.04   2.48 SPW2 #
-121.650 44.192   4.61   9.19  0.37  0.46  -3.04  -3.00 SQAW #
-123.102 48.082  10.65   9.38  0.26  0.23  -1.43  -1.63 SQIM #
-123.142 49.725   6.27   6.28  0.24  0.33  -2.08  -1.93 SQMS #
-119.560 40.844  -3.85   7.18  0.35  0.27  -1.25  -1.94 SQUA #
-122.267 37.874 -19.91  28.51  0.18  0.19   1.71  -3.19 SRB1 #
-120.337 38.924 -11.12  10.51  1.03  0.32   0.69  -2.45 SRCK #
-122.732 38.448 -11.46  34.89  0.21  0.13   1.64  -3.56 SRO1 #
-112.228 33.451  -3.98   2.82  0.19  0.17   1.56  -0.49 SRP1 #
-120.065 34.004 -29.03  35.30  0.15  0.13  -1.67   1.51 SRS1 #
-119.723 39.621  -7.37   8.37  0.19  0.17  -0.00  -2.28 SSB2 #
-122.315 47.682   6.20   6.84  0.17  0.13  -1.74  -1.90 SSHO #
-120.466 40.379  -5.67   9.70  0.42  0.40  -0.69  -2.34 SSNV #
-119.466 39.334  -6.85   8.90  0.29  0.24   0.13  -2.26 STAG #
-122.821 44.831   5.81  10.94  0.18  0.13  -1.87  -2.97 STAY #
-106.865 40.513  -0.12   1.21  0.25  0.25  -0.39  -0.15 STBT #
-119.884 39.626  -7.56   9.38  0.19  0.18   0.01  -2.30 STEA #
-122.173 37.427 -22.33  29.74  0.25  0.25   0.50  -0.93 STFU #
-122.468 38.505 -12.51  22.69  0.10  0.14   1.83  -3.82 STHE #
-119.788 39.364  -7.87  10.57  0.27  0.18   0.24  -2.29 STHI #
-122.734 44.396   6.04  10.66  0.26  0.21  -2.35  -3.20 STHM #
-115.910 36.510  -4.80   4.33  0.14  0.18   2.01  -1.45 STIR #
-119.207 40.231  -4.41   6.72  0.15  0.12  -0.79  -2.05 STON #
-103.021 49.671   2.15   0.92  0.20  0.28  -1.15  -0.62 STOU #
-116.338 36.645  -5.08   4.45  0.20  0.16   2.05  -1.47 STRI #
-115.451 36.415  -4.87   4.16  0.15  0.13   1.91  -1.43 STRK #
-122.173 37.427 -22.38  29.33  0.47  0.38   0.37  -1.04 SUAA #
-123.329 42.987   2.77  12.86  0.29  0.24  -2.63  -3.53 SUHS #
-117.684 37.221  -5.99   7.66  0.74  0.41   0.99  -2.46 SULF #
-102.512 34.825  -0.22   1.59  0.18  0.19   0.27  -0.01 SUM5 #
-102.512 34.825  -0.54   1.55  0.28  0.20   0.33  -0.01 SUM6 #
-119.591 39.051  -7.54  10.35  0.17  0.17   0.29  -2.29 SUNR #
-112.693 36.577  -2.98   2.49  0.18  0.17   1.19  -0.65 SUNS #
-120.069 41.662  -1.85   7.47  0.18  0.14  -1.84  -2.09 SUPR #
-122.692 49.074   6.27   6.24  0.97  2.85  -2.36  -1.84 SUR6 #
-122.695 49.175   5.86   6.43  0.27  0.21  -2.17  -1.90 SURR #
-120.563 40.449  -6.00   9.63  0.13  0.13  -0.63  -2.35 SUSA #
-121.821 39.206 -10.99  12.07  0.14  0.14   0.83  -3.26 SUTB #
-115.518 35.806  -5.44   4.61  0.14  0.12   2.29  -1.69 SVAL #
-122.526 38.033 -21.08  29.25  0.16  0.15   1.54  -2.79 SVIN #
-119.201 38.519  -8.05  10.94  0.17  0.13   0.53  -2.44 SWEE #
-122.458 37.612 -23.32  32.62  0.25  0.18  -0.59   0.15 SWEP #
-120.046 42.049  -1.73   7.01  0.37  0.40  -2.12  -2.07 SWRN #
-117.744 37.453  -5.38   7.12  0.12  0.13   0.84  -2.70 SYLV #
-120.070 34.607 -29.75  32.76  0.36  0.24  -2.54   1.59 SYNG #
-122.588 37.928 -21.73  30.43  0.20  0.24   0.60  -1.37 T3RP #
-117.678 34.382 -18.83  19.35  0.14  0.14   0.21   1.25 TABL #
-117.678 34.382 -18.58  19.12  0.19  0.20   0.47   1.07 TABV #
-122.472 47.229   5.09   7.77  0.21  0.20  -1.30  -1.97 TACO #
-117.712 36.351  -7.68   8.85  1.29  0.70   2.73  -1.62 TALC #
-116.574 36.932  -4.96   4.51  0.21  0.17   1.79  -1.50 TATE #
-117.176 46.715   3.27   3.87  0.33  0.32  -2.29  -1.85 TAY1 #
-117.555 33.885 -20.46  23.77  0.47  0.44  -0.28   2.21 TCGC #
-113.478 43.619   0.29   1.88  0.19  0.18  -1.73  -1.28 TCSG #
-103.609 35.085  -0.81   1.76  0.21  0.21   0.27  -0.04 TCUN #
-121.130 45.608   4.86   7.81  0.21  0.22  -2.48  -2.62 TDLS #
-118.470 35.143 -15.35  14.46  0.22  0.21   3.38   0.05 TEHA #
-120.498 40.863  -4.22   8.98  0.23  0.23  -1.03  -2.25 TERM #
-118.353 35.033 -15.06  15.79  0.32  0.29   3.89  -0.21 THAC #
-121.935 37.351 -22.09  27.51  0.41  0.31   1.70  -2.43 THAL #
-118.415 35.158 -15.10  14.83  0.14  0.12   3.74  -0.32 THCP #
-119.838 39.402  -7.67  10.19  0.29  0.26   0.21  -2.30 THCR #
-116.077 33.651 -12.60  12.44  0.17  0.15   1.82  -0.29 THMG #
-117.767 33.550 -27.19  27.72  0.25  0.22  -0.45   2.47 THMS #
-117.375 37.943  -4.50   5.09  0.14  0.17   0.79  -2.28 THOM #
-121.620 44.090   5.58   8.56  0.42  0.36  -3.12  -3.04 THRM #
-114.454 35.183  -4.87   3.82  0.17  0.16   2.18  -1.25 THUM #
-122.288 47.106   6.72   7.47  0.18  0.14  -1.44  -2.07 THUN #
-122.448 37.891 -20.77  29.53  0.15  0.12   1.22  -2.54 TIBB #
-123.831 45.455   7.40  12.48  0.30  0.18  -0.12  -2.19 TILL #
-118.630 40.647  -3.09   5.50  0.15  0.17  -1.46  -1.57 TIRE #
-116.230 36.935  -4.85   4.18  0.14  0.12   1.71  -1.47 TIVA #
-120.133 34.483 -27.91  33.60  0.15  0.15  -2.20   1.54 TJRN #
-117.705 36.353  -9.22  10.88  0.29  0.24   2.61  -2.91 TLCC #
-118.712 40.079  -4.14   6.42  0.32  0.27  -0.64  -1.98 TLON #
-116.160 33.641 -15.52  14.94  0.16  0.13   2.07   1.01 TMAP #
-105.233 40.130  -0.64   1.64  0.36  0.33  -0.29  -0.05 TMG2 #
-111.920 43.306  -0.34   0.80  0.27  0.26  -1.48  -1.20 TMIG #
-105.233 40.130   0.43   0.98  0.86  0.76  -0.34  -0.08 TMS3 #
-113.547 28.972 -32.46  30.54  0.33  0.26  -0.46   0.61 TNBA #
-106.794 28.451  -1.86   2.99  0.24  0.19   0.48  -0.19 TNCU #
-113.632 31.336  -3.38   3.19  0.24  0.20   0.91  -0.23 TNPP #
-118.364 38.809  -4.29   7.45  0.17  0.18  -0.14  -2.41 TNUG #
-106.982 38.871  -0.57   1.32  0.30  0.25   0.01  -0.07 TOCB #
-117.049 39.542  -4.42   4.56  0.14  0.11   1.04  -2.23 TOIY #
-120.449 39.795  -8.36  10.07  0.25  0.31  -0.02  -2.42 TOLA #
-117.293 38.358  -4.21   4.98  0.12  0.14   0.76  -2.17 TONI #
-117.184 38.097  -4.34   5.13  0.12  0.11   0.79  -2.16 TONO #
-111.109 33.647  -3.29   2.50  0.33  0.34   1.52  -0.43 TONT #
-106.561 35.180  -1.15   2.01  0.23  0.29   0.68  -0.07 TOP2 #
-106.869 35.021  -1.88   2.04  0.20  0.19   0.70  -0.06 TOP4 #
-106.797 35.154  -2.21   1.81  0.36  0.36   0.54  -0.10 TOP5 #
-119.542 38.710  -8.85  11.38  0.23  0.21   0.50  -2.41 TOPA #
-116.989 38.928  -3.74   4.24  0.14  0.17   0.45  -2.11 TOQU #
-118.331 33.798 -26.61  28.14  0.14  0.11  -1.09   2.50 TORP #
-118.837 34.248 -25.60  28.63  0.14  0.15  -1.87   2.32 TOST #
-117.765 35.809 -11.16  12.26  0.38  0.39   2.51  -0.66 TOWG #
-117.236 38.911  -3.65   4.40  0.28  0.21   0.30  -2.06 TOYA #
-118.229 34.879 -15.49  17.46  0.26  0.23   3.71   0.63 TPOG #
-123.768 46.207   8.38  11.82  0.21  0.14   0.36  -2.17 TPW2 #
-119.480 39.532  -6.66   8.60  0.49  0.40   0.02  -2.25 TRAC #
-117.710 49.098   3.49   3.85  0.25  0.28  -2.05  -1.82 TRAI #
-117.803 33.618 -26.49  27.34  0.13  0.11  -0.36   2.68 TRAK #
-114.206 36.276  -3.83   3.27  0.15  0.11   1.62  -1.07 TRAM #
-122.616 37.997 -21.51  30.21  0.23  0.22   0.82  -1.67 TRCP #
-118.636 40.290  -3.81   6.00  0.15  0.15  -1.15  -1.79 TRIN #
-124.151 41.054   0.12  21.71  0.16  0.12   2.96  -3.28 TRND #
-116.531 34.839  -8.26   8.86  0.27  0.19   0.45  -1.74 TROY #
-120.228 39.296  -9.28  10.99  0.23  0.20   0.36  -2.45 TRUC #
-114.811 30.934 -30.73  28.63  0.31  0.27  -0.04   1.24 TSFX #
-110.597 43.674   0.44   1.34  0.14  0.13  -1.37  -0.93 TSWY #
-110.944 32.214  -2.39   3.20  0.37  0.27   1.28  -0.50 TUCS #
-120.023 41.018  -3.40   7.80  0.15  0.16  -1.28  -2.05 TULE #
-118.716 40.069  -5.47   5.02  0.96  0.70  -1.33  -1.02 TULN #
-122.912 46.984   5.88   8.61  0.29  0.29  -0.84  -2.00 TUMW #
-118.258 40.403  -3.12   5.03  0.13  0.11  -1.59  -1.42 TUNG #
-120.417 39.859  -7.95  10.19  0.36  0.35  -0.07  -2.41 TURN #
-120.083 40.103  -5.38   9.46  0.39  0.27  -0.39  -2.30 TURT #
-122.923 47.016   6.15   9.31  0.16  0.14  -0.81  -1.98 TWHL #
-117.726 33.972 -23.80  23.40  0.16  0.15  -0.70   2.30 TWMS #
-122.212 46.198   7.42   8.19  0.31  0.45  -1.75  -2.44 TWRI #
-120.122 48.366   4.57   5.28  0.30  0.33  -2.30  -2.01 TWSP #
-102.544 32.308  -0.94   2.18  0.23  0.17   0.42  -0.07 TXAD #
-103.669 30.380  -1.56   1.86  0.21  0.18   0.48  -0.14 TXAL #
-101.878 35.154  -0.38   1.78  0.12  0.12   0.22  -0.01 TXAM #
-106.584 31.982  -1.16   2.10  0.22  0.21   0.79  -0.18 TXAT #
-102.893 34.509  -1.30   1.79  0.26  0.20   0.34  -0.03 TXB4 #
-106.446 31.766  -1.24   2.54  0.21  0.20   0.78  -0.16 TXBA #
-102.283 33.165  -1.42   2.47  0.22  0.19   0.36  -0.05 TXBF #
-101.476 32.268  -0.18   0.96  0.24  0.27   0.33  -0.06 TXBG #
-101.398 35.640  -0.69   2.08  0.18  0.18   0.17   0.02 TXBR #
-102.358 31.423  -1.29   1.90  0.19  0.17   0.40  -0.10 TXCE #
-102.329 35.688  -0.40   1.75  0.17  0.16   0.23   0.01 TXCG #
-102.539 36.078  -0.08   2.17  0.21  0.19   0.19   0.01 TXDL #
-102.303 34.530  -0.14   1.88  0.20  0.17   0.31  -0.02 TXDM #
-106.272 31.692  -1.40   2.05  0.15  0.14   0.71  -0.18 TXEL #
-106.316 31.749  -1.85   2.17  0.20  0.21   0.73  -0.17 TXEO #
-101.406 36.270  -0.25   1.37  0.28  0.26   0.10   0.01 TXGU #
-102.407 34.846  -0.24   1.91  0.20  0.16   0.29  -0.01 TXHR #
-106.042 31.927  -1.22   2.48  0.21  0.18   0.71  -0.16 TXHT #
-102.350 33.938  -0.70   1.97  0.22  0.19   0.34  -0.03 TXL1 #
-101.944 32.761  -0.47   2.92  0.20  0.19   0.34  -0.05 TXLA #
-101.878 33.520  -1.61   2.35  0.29  0.20   0.34  -0.04 TXLB #
-102.346 33.594  -0.37   2.57  0.24  0.20   0.35  -0.04 TXLD #
-102.760 33.738  -0.70   1.96  0.23  0.21   0.36  -0.05 TXM1 #
-102.232 31.132  -0.94   2.29  0.20  0.18   0.40  -0.10 TXMC #
-102.754 34.240  -1.07   2.06  0.22  0.21   0.35  -0.03 TXML #
-101.197 30.726  -0.55   2.27  0.18  0.22   0.34  -0.09 TXOZ #
-102.818 33.182  -0.72   2.52  0.31  0.23   0.42  -0.06 TXP2 #
-104.357 29.559  -1.44   2.24  0.18  0.14   0.43  -0.16 TXPE #
-101.723 34.150  -0.43   1.82  0.23  0.20   0.28  -0.03 TXPW #
-101.387 33.672  -0.39   2.05  0.22  0.18   0.28  -0.03 TXRA #
-102.630 32.712  -1.10   2.40  0.23  0.24   0.41  -0.07 TXS3 #
-102.062 36.338  -0.01   1.81  0.17  0.19   0.15   0.01 TXSF #
-102.409 30.153  -0.75   1.72  0.15  0.14   0.34  -0.12 TXSN #
-101.795 33.181  -0.61   2.33  0.22  0.20   0.34  -0.04 TXTO #
-101.739 34.534   0.06   1.76  0.18  0.15   0.26  -0.01 TXTU #
-102.424 35.244  -0.49   1.90  0.19  0.31   0.27   0.00 TXVG #
-104.856 31.034  -1.79   2.37  0.51  0.50   0.57  -0.17 TXVH #
-118.442 34.069 -25.02  25.60  0.14  0.12  -1.68   2.53 UCLP #
-119.844 34.413 -26.87  30.27  0.21  0.17  -2.33   1.84 UCSB #
-122.060 36.998 -26.26  34.33  0.66  0.52  -0.58   1.70 UCSC #
-122.458 37.763 -20.68  30.40  0.16  0.16   0.46  -1.34 UCSF #
-122.667 47.755   6.71   7.10  0.18  0.18  -1.50  -1.86 UFDA #
-117.109 37.399  -4.80   5.82  0.12  0.12   1.10  -2.02 UFOS #
-118.802 39.627  -4.71   5.69  0.36  0.34  -0.68  -1.05 UHOG #
-118.937 45.133   2.67   5.17  0.18  0.21  -2.50  -2.27 UKIA #
-105.206 40.061  -0.08   1.43  0.27  0.27  -0.32  -0.07 UNAC #
-115.243 36.247  -4.57   3.76  0.16  0.14   2.03  -1.45 UNR1 #
-114.054 36.773  -4.83   3.66  0.30  0.27   1.32  -1.05 UNR2 #
-118.802 39.627  -5.57   6.94  0.13  0.11   0.11  -2.13 UPSA #
-118.285 34.024 -24.47  25.42  0.18  0.16  -1.55   2.46 USC1 #
-118.277 34.020 -25.03  25.40  0.32  0.36  -1.40   2.10 USC2 #
-116.085 33.030 -24.25  24.73  0.15  0.13   0.48   0.37 USGC #
-120.661 35.312 -25.18  35.53  0.15  0.12  -2.87   0.44 USLO #
-109.681 29.822  -1.76   3.00  0.16  0.13   0.81  -0.22 USMX #
-112.241 41.056  -0.40   1.67  0.41  0.37  -0.73  -0.86 UTAI #
-111.879 40.881   0.52   2.08  0.14  0.15  -0.58  -0.71 UTB0 #
-109.484 37.638  -2.22   2.05  0.42  0.39   0.63  -0.17 UTB1 #
-109.479 37.624  -2.33   2.38  4.82  5.96   0.45  -0.25 UTBL #
-113.061 37.686  -4.03   3.35  0.39  0.36   1.03  -0.64 UTCC #
-113.087 37.704  -3.42   2.03  0.18  0.26   0.84  -0.78 UTCE #
-111.957 40.671  -0.96   2.36  0.28  0.24  -0.50  -0.72 UTCR #
-111.399 40.913   0.17   2.60  0.32  0.33  -0.59  -0.62 UTCV #
-112.579 39.354  -3.33   2.47  0.17  0.16   0.07  -0.75 UTDE #
-111.859 40.523  -0.21   1.88  0.54  0.45  -0.47  -0.70 UTDR #
-110.400 40.172  -0.65   2.34  0.22  0.19  -0.30  -0.45 UTDU #
-112.104 39.960  -1.75   2.03  0.44  0.46  -0.22  -0.68 UTE2 #
-109.135 37.802  -1.54   2.45  0.36  0.35   0.56  -0.14 UTEL #
-111.576 37.757  -1.83   2.58  0.17  0.14   0.65  -0.44 UTES #
-112.102 39.959  -2.13   2.60  0.46  0.41  -0.19  -0.70 UTEU #
-112.324 38.968  -2.71   2.34  0.19  0.18   0.23  -0.65 UTFI #
-111.907 40.980   0.10   2.09  0.32  0.38  -0.65  -0.77 UTFM #
-113.010 40.762  -1.80   2.06  0.24  0.61  -0.53  -0.91 UTGK #
-114.034 38.938  -3.34   2.75  0.20  0.20   0.36  -1.05 UTGN #
-112.487 40.605  -2.24   1.91  0.23  0.19  -0.46  -0.78 UTGR #
-110.157 38.996  -0.67   1.97  0.15  0.20   0.11  -0.31 UTGV #
-110.721 38.375  -1.17   1.81  0.20  0.22   0.39  -0.34 UTHA #
-111.403 40.507   0.46   2.14  0.21  0.18  -0.42  -0.62 UTHE #
-113.299 37.186  -2.29   3.20  0.16  0.17   1.06  -0.77 UTHN #
-112.033 40.515  -2.06   2.29  0.39  0.35  -0.44  -0.75 UTHR #
-111.711 41.260   0.04   2.06  0.24  0.22  -0.72  -0.72 UTHU #
-112.221 38.245  -1.91   2.22  0.19  0.16   0.51  -0.60 UTJU #
-112.528 37.050  -2.48   2.03  0.19  0.18   1.04  -0.62 UTKA #
-111.277 40.636   0.39   2.25  0.18  0.19  -0.48  -0.62 UTKM #
-111.879 40.422  -0.74   1.80  0.50  0.36  -0.38  -0.69 UTLE #
-111.837 41.737   0.19   1.99  0.36  0.34  -0.91  -0.81 UTLG #
-111.837 41.737   0.57   1.28  0.26  0.25  -0.90  -0.81 UTLN #
-111.313 41.828   0.65   2.38  0.20  0.17  -0.90  -0.74 UTLT #
-113.010 38.402  -3.62   2.40  0.41  0.40   0.57  -0.72 UTM2 #
-111.636 39.268  -1.25   2.47  0.36  0.34   0.06  -0.58 UTMA #
-109.548 38.574  -0.63   1.38  0.22  0.21   0.21  -0.25 UTMB #
-109.306 37.260  -1.58   1.76  0.20  0.18   0.56  -0.18 UTMC #
-113.013 38.397  -2.97   2.14  0.48  0.41   0.48  -0.83 UTMI #
-111.596 40.144  -0.23   2.77  0.33  0.29  -0.29  -0.58 UTMN #
-111.637 39.264  -2.06   2.67  0.45  0.35   0.08  -0.50 UTMT #
-110.177 36.999  -1.25   1.72  0.23  0.27   0.75  -0.27 UTMV #
-111.836 39.711  -2.16   1.99  0.19  0.16  -0.12  -0.62 UTNE #
-111.971 41.220  -0.50   1.70  0.18  0.17  -0.71  -0.76 UTO1 #
-111.687 40.299  -1.29   2.34  0.21  0.19  -0.35  -0.64 UTOC #
-110.762 39.594  -1.06   2.09  0.44  0.37  -0.05  -0.41 UTP2 #
-111.495 40.644  -0.11   2.43  0.22  0.21  -0.47  -0.62 UTPC #
-113.333 41.817  -2.14   1.96  0.23  0.21  -1.08  -1.05 UTPV #
-111.184 41.665   0.71   1.90  0.21  0.18  -0.84  -0.70 UTRC #
-112.102 38.763  -1.43   1.91  0.30  0.26   0.31  -0.60 UTRI #
-109.995 40.294   0.89   2.65  0.23  0.27  -0.34  -0.40 UTRO #
-112.165 41.788  -1.01   1.38  0.23  0.29  -0.96  -0.88 UTRS #
-111.652 40.138   0.07   1.59  0.39  0.43  -0.30  -0.66 UTS2 #
-111.652 40.138  -0.54   2.28  0.38  0.44  -0.30  -0.62 UTS3 #
-113.613 37.013  -2.90   2.93  0.17  0.14   1.45  -0.82 UTSG #
-111.888 40.779  -0.53   1.61  0.59  0.21  -0.53  -0.68 UTSO #
-112.298 40.532  -1.83   1.45  0.52  0.94  -0.44  -0.77 UTT1 #
-110.707 40.352   0.00   1.94  0.23  0.18  -0.36  -0.50 UTTA #
-112.084 37.627  -1.74   2.22  0.20  0.20   0.76  -0.56 UTTP #
-109.526 40.457   0.14   2.05  0.18  0.16  -0.38  -0.36 UTUC #
-111.796 40.689  -0.12   2.51  0.44  0.43  -0.51  -0.72 UTWB #
-111.978 40.710  -1.72   2.12  0.49  0.32  -0.52  -0.71 UTWV #
-120.564 34.827 -27.66  34.84  0.19  0.17  -2.57   1.02 VAN5 #
-120.563 34.826 -28.21  34.89  0.22  0.17  -2.42   1.04 VAN6 #
-119.484 34.852 -22.60  23.74  0.16  0.13  -2.06   1.68 VCST #
-122.516 45.618   5.59   9.71  0.22  0.15  -1.66  -2.67 VCWA #
-118.220 34.179 -23.90  23.52  0.14  0.11  -1.61   2.17 VDCY #
-119.200 34.250 -26.71  28.77  0.35  0.46  -1.99   1.93 VEN4 #
-114.529 36.501  -3.74   3.30  0.21  0.21   1.62  -1.12 VFSP #
-117.179 39.558  -4.43   4.61  0.09  0.16   1.14  -2.19 VIGU #
-118.514 34.126 -25.24  26.58  0.14  0.13  -1.75   2.43 VIMT #
-117.363 36.995  -5.58   6.39  0.26  0.22   1.55  -1.92 VINE #
-119.637 39.346  -6.59   9.84  0.27  0.20   0.20  -2.28 VIRC #
-119.493 39.731  -6.24   8.30  0.17  0.17  -0.12  -2.23 VIRP #
-117.289 40.711  -3.59   4.30  0.49  0.46  -0.73  -2.02 VLMY #
-119.238 34.276 -26.30  28.00  0.15  0.16  -2.16   1.99 VNCO #
-123.098 49.266   7.30   4.69  0.37  0.67  -2.06  -1.86 VNCR #
-118.485 34.293 -23.65  24.02  0.14  0.12  -1.94   2.27 VNCX #
-120.616 34.556 -28.42  35.48  0.16  0.17  -2.24   1.04 VNDP #
-118.121 34.501 -20.17  20.77  0.15  0.14  -0.31   1.24 VNPS #
-116.623 36.594  -5.33   4.71  0.28  0.27   2.17  -1.36 VONS #
-119.962 39.524  -7.77   9.24  0.68  0.60   0.07  -2.38 VRDE #
-119.318 50.200   3.85   3.76  1.54  1.06  -2.14  -1.78 VRN4 #
-119.732 46.637   3.77   5.36  0.15  0.16  -2.37  -2.19 VRNT #
-118.294 33.713 -27.09  29.12  0.13  0.11  -0.94   2.52 VTIS #
-117.193 33.225 -26.96  26.80  0.19  0.17  -0.24   2.17 VTOR #
-119.780 48.100   4.10   5.00  0.27  0.25  -2.28  -2.03 WABR #
-119.259 39.158  -6.23   8.92  0.13  0.11   0.09  -2.26 WABU #
-119.293 47.612   4.05   4.65  0.27  0.26  -2.27  -2.05 WACC #
-122.970 46.675   5.77   9.17  0.29  0.23  -0.76  -2.08 WACS #
-117.332 46.954   3.42   4.17  0.29  0.37  -2.18  -1.94 WACX #
-117.595 47.564   3.51   4.00  0.28  0.28  -2.16  -1.92 WACY #
-120.547 46.984   4.57   6.06  0.28  0.25  -2.29  -2.19 WAEL #
-121.985 47.203   5.54   7.56  0.33  0.28  -1.75  -2.04 WAEN #
-122.208 47.981   6.29   6.99  0.23  0.20  -1.94  -1.90 WAEV #
-122.555 48.828   6.55   6.87  0.27  0.24  -2.12  -1.86 WAFD #
-123.019 48.533   6.69   6.71  0.36  0.37  -1.71  -1.69 WAFH #
-123.027 48.531   6.55   5.48  0.32  0.44  -1.75  -1.67 WAFR #
-119.514 41.292  -2.52   6.68  0.15  0.17  -1.53  -1.86 WAGO #
-113.413 38.646  -3.08   1.56  0.86  1.31   0.38  -0.95 WAHW #
-122.187 47.709   6.02   6.61  0.20  0.19  -1.90  -1.90 WAKI #
-122.889 46.113   6.11   9.61  0.35  0.36  -1.02  -2.33 WAKL #
-118.258 46.092   2.94   4.88  0.16  0.15  -2.33  -2.10 WALA #
-118.764 38.759  -6.45   9.18  0.12  0.11   0.02  -2.53 WALK #
-119.719 41.248  -2.84   7.07  0.15  0.20  -1.52  -1.93 WALL #
-121.274 45.224   4.67   7.85  0.19  0.17  -2.57  -2.72 WAMC #
-122.274 46.555   5.16   9.25  0.35  0.29  -1.52  -2.28 WAMO #
-123.602 46.978   7.27  10.73  0.41  0.28   0.24  -1.79 WAMS #
-122.333 48.384   6.60   6.65  0.34  0.33  -2.04  -1.89 WAMV #
-119.932 46.762   4.16   5.76  0.32  0.29  -2.33  -2.23 WAMW #
-122.844 47.046   6.52   9.26  0.36  0.27  -0.97  -1.98 WAOL #
-119.174 46.810   3.83   5.12  0.28  0.25  -2.31  -2.16 WAOT #
-122.839 47.048   4.78   8.96  0.43  0.27  -0.92  -2.06 WAOY #
-119.080 46.249   3.54   5.27  0.26  0.26  -2.33  -2.23 WAPA #
-122.569 47.803   7.21   7.48  0.18  0.17  -1.61  -1.84 WAPO #
-122.321 47.451   5.61   7.69  0.25  0.20  -1.58  -1.90 WAPS #
-119.838 47.235   3.99   5.17  0.29  0.25  -2.29  -2.16 WAQU #
-120.243 39.148 -10.07  11.31  0.20  0.18   0.49  -2.47 WARD #
-122.137 47.681   6.34   7.13  0.36  0.25  -1.85  -1.94 WARM #
-118.383 47.121   3.48   4.54  0.27  0.24  -2.24  -2.00 WARZ #
-118.557 35.738 -12.46  13.85  0.41  0.47   2.12  -1.02 WASG #
-117.421 47.666   3.64   3.49  0.14  0.15  -2.23  -1.84 WASK #
-120.021 46.304   3.75   5.88  0.29  0.25  -2.35  -2.30 WASN #
-121.826 47.527   5.69   7.30  0.17  0.29  -2.00  -2.00 WASQ #
-118.894 38.730  -6.39   9.67  0.22  0.19   0.13  -2.47 WASS #
-118.970 39.036  -6.08   8.80  0.10  0.12  -0.10  -2.36 WASU #
-117.068 47.228   3.35   3.73  0.29  0.43  -2.17  -1.86 WATK #
-120.285 47.404   3.51   5.11  0.18  0.19  -2.31  -2.12 WAWE #
-118.282 46.082   2.84   4.88  0.30  0.25  -2.26  -2.11 WAWL #
-120.551 46.617   4.63   6.54  0.27  0.28  -2.29  -2.29 WAYA #
-117.911 34.062 -24.73  23.89  0.19  0.16  -1.17   2.30 WCHS #
-122.870 45.171   6.39  10.65  0.19  0.16  -1.58  -2.79 WDBN #
-122.541 40.580  -8.82  11.26  0.44  0.47   0.30  -3.15 WDCB #
-122.563 45.780   5.51   9.91  0.30  0.23  -1.48  -2.54 WEBG #
-117.569 37.850  -4.62   5.76  0.11  0.12   0.78  -2.36 WEEP #
-118.229 35.619 -12.22  13.39  1.09  0.82   2.75  -0.30 WELD #
-118.984 35.011 -19.09  19.97  0.14  0.12   3.18  -1.21 WGPP #
-121.979 44.163   3.36   9.91  0.43  0.56  -3.10  -2.96 WHBR #
-118.031 33.980 -25.51  25.06  0.15  0.13  -1.16   2.39 WHC1 #
-122.696 48.313   7.16   7.36  0.23  0.15  -1.93  -1.76 WHD5 #
-122.696 48.312   6.92   7.08  0.19  0.14  -1.87  -1.80 WHD6 #
-118.352 35.695 -12.08  12.30  0.30  0.27   2.20  -0.57 WHFG #
-103.329 42.739   1.17   1.38  0.14  0.14  -0.76  -0.17 WHN5 #
-103.329 42.739   0.88   1.23  0.15  0.15  -0.76  -0.18 WHN6 #
-112.514 33.611  -3.71   3.09  0.25  0.23   1.83  -0.56 WHTA #
-117.643 33.674 -25.80  26.59  0.14  0.13  -0.24   2.71 WHYT #
-116.392 33.935 -13.51  13.67  0.16  0.15   2.78   1.75 WIDC #
-117.878 40.558  -2.91   4.70  0.13  0.24  -1.42  -1.42 WILC #
-118.468 40.025  -4.35   6.12  0.24  0.27  -0.58  -1.92 WILD #
-122.141 37.653 -21.23  28.03  0.16  0.14   1.66  -2.89 WIN2 #
-122.141 37.653 -20.84  27.75  0.15  0.15   1.66  -2.95 WINT #
-119.824 39.962  -7.05   8.15  0.61  0.43  -0.24  -2.29 WINV #
-118.742 34.568 -21.67  21.24  0.15  0.12  -1.85   1.81 WKPK #
-121.004 35.973 -26.32  36.17  0.21  0.20  -1.09  -0.35 WLHL #
-118.056 34.226 -23.52  21.15  0.20  0.14  -1.47   1.91 WLSN #
-118.414 34.259 -23.75  23.99  0.14  0.14  -1.80   2.38 WMAP #
-115.582 33.038 -14.43   9.95  0.43  0.26   1.09  -1.45 WMDG #
-121.597 45.131   4.53   7.87  0.21  0.22  -2.52  -2.81 WMSG #
-118.059 34.043 -24.20  24.91  0.14  0.17  -1.32   2.25 WNRA #
-120.173 48.463   4.79   4.57  0.29  0.26  -2.37  -1.99 WNTH #
-117.883 37.608  -4.88   7.27  0.19  0.10   0.82  -2.70 WOLF #
-116.932 34.669 -10.39  12.23  0.15  0.12   0.31   0.77 WOMT #
-118.081 39.381  -6.00   5.88  0.14  0.15   1.66  -2.61 WOND #
-118.242 35.696 -11.74  12.77  0.35  0.30   1.48  -0.28 WORG #
-112.748 44.629   1.82   1.69  0.30  0.28  -1.63  -1.20 WPRG #
-118.428 33.958 -26.02  27.72  0.15  0.12  -1.45   2.59 WRHS #
-120.405 41.557  -2.61   8.21  0.16  0.12  -1.77  -2.16 WRNR #
-122.921 50.127   5.76   5.44  0.15  0.14  -2.18  -1.91 WSLB #
-106.350 32.407  -1.04   1.84  0.24  0.20   0.59  -0.17 WSMN #
-111.337 35.512  -2.72   2.40  0.18  0.13   1.26  -0.38 WUPA #
-123.251 49.352   6.89   6.34  1.16  0.77  -2.19  -1.76 WVN3 #
-119.826 39.944  -7.12   8.28  0.24  0.25  -0.28  -2.22 WVRT #
-115.579 33.279  -8.12   3.83  0.30  0.32   1.48  -1.34 WWFG #
-116.654 33.955 -15.43  15.67  0.17  0.16   2.07   2.36 WWMT #
-119.703 39.520  -6.95   9.26  0.33  0.29   0.06  -2.20 WWRF #
-103.834 49.660   1.67   2.40  0.55  0.49  -1.21  -0.66 WYBN #
-110.764 43.478   0.60   1.84  0.53  0.47  -1.37  -1.05 WYJA #
-110.849 43.501  -0.15   1.36  0.38  0.33  -1.33  -1.03 WYJK #
-110.537 41.781   0.62   1.95  0.20  0.21  -0.88  -0.64 WYKE #
-104.775 41.105   0.48   1.61  0.13  0.12  -0.52  -0.11 WYLC #
-106.327 42.831   0.52   1.94  0.21  0.25  -0.88  -0.28 WYRF #
-109.208 41.581   0.05   1.50  0.19  0.14  -0.72  -0.41 WYRS #
-108.764 41.058   0.47   1.53  0.44  0.41  -0.55  -0.33 WYS1 #
-107.010 44.800   1.38   0.44  0.23  0.28  -1.20  -0.51 WYSH #
-120.366 47.445   3.96   4.78  0.50  0.26  -2.31  -2.09 XANE #
-114.497 46.118   3.17   3.17  0.55  0.62  -1.98  -2.22 XLHO #
-120.505 46.605   4.92   5.96  0.15  0.13  -2.34  -2.28 YAKI #
-122.711 41.732  -1.38  11.75  0.16  0.13  -1.37  -2.94 YBHB #
-122.606 46.949   6.35   8.81  0.18  0.13  -1.17  -2.13 YELM #
-119.162 38.992  -6.01   9.48  0.19  0.17   0.12  -2.33 YER1 #
-117.517 38.950  -3.42   4.68  0.23  0.28   0.10  -1.97 YOMB #
-123.298 43.634   4.82  13.05  0.21  0.19  -2.40  -3.49 YONC #
-116.970 34.006 -16.65  15.80  0.35  0.32   1.30   1.94 YUCI #
-115.922 32.648 -26.28  27.81  0.28  0.28  -1.01  -0.14 YUHG #
-115.199 32.028 -25.61  27.12  0.21  0.20   0.52   0.82 YUMX #
-106.567 35.174  -1.43   2.27  0.15  0.16   0.65  -0.07 ZAB1 #
-106.567 35.174  -1.61   2.11  0.14  0.13   0.64  -0.09 ZAB2 #
-105.127 40.187  -0.12   1.47  0.14  0.14  -0.33  -0.07 ZDV1 #
-113.125 37.356  -2.64   2.26  0.22  0.19   0.96  -0.72 ZION #
-118.084 34.604 -17.66  19.43  0.15  0.15   1.56   0.33 ZLA1 #
-111.952 40.786  -0.34   1.88  0.23  0.14  -0.52  -0.71 ZLC1 #
-122.016 37.543 -21.53  28.04  0.15  0.13   1.80  -2.83 ZOA1 #
-122.016 37.543 -21.40  28.08  0.16  0.14   1.81  -2.88 ZOA2 #
-119.753 39.422  -7.30   8.67  0.20  0.21   0.14  -2.29 ZOLE #
-122.188 47.287   5.84   8.01  0.17  0.15  -1.61  -2.00 ZSE1 #
-117.490 37.558  -4.97   5.96  0.13  0.16   0.85  -2.46 ZUMA #
-123.034 39.188 -16.86  22.78  0.74  0.92   1.58  -4.03 0102 $
-122.913 39.016 -17.83  21.26  2.77  2.12   1.35  -4.16 01CH $
-123.190 39.097 -19.65  29.09  6.23  7.75   1.44  -3.74 01CG $
-122.615 39.009 -14.77  16.87  0.70  1.44   1.28  -3.98 01CK $
-123.456 39.542 -24.70  27.04  5.58  5.51   1.81  -3.69 01FF $
-123.347 39.625 -23.46  18.90  2.83  3.08   1.74  -3.73 01GF $
-124.256 40.589   1.06  29.14  1.75  4.18   1.92  -2.77 01PA $
-123.623 40.944  -5.85  15.83  0.66  0.32   1.66  -3.76 01RE $
-121.041 40.303  -6.70  10.28  1.91  0.90  -0.67  -2.51 02FS $
-122.670 39.667 -11.12  11.63  0.31  0.88   1.12  -3.58 0301 $
-123.385 39.588 -20.48  19.85  3.59  1.03   1.80  -3.65 0407 $
-122.479 38.303 -17.60  24.71  0.33  1.20   2.09  -3.68 04LF $
-119.606 34.420 -27.35  28.14  0.54  0.52  -2.46   2.05 0501 $
-119.838 35.003 -23.01  27.34  2.01  0.90  -2.67   2.13 0504 $
-123.240 39.060 -19.39  28.21  5.97  5.39   1.30  -3.60 1089 $
-123.345 39.669 -21.94  18.48  1.56  1.38   1.75  -3.74 1144 $
-121.345 35.795 -28.11  37.00  0.85  1.76  -2.01   0.76 1315 $
-122.813 38.087 -22.61  32.02  2.38  1.50   0.08  -0.20 1395 $
-117.424 36.340  -8.88   6.40  1.13  0.78   2.90  -1.95 13DD $
-122.820 39.112 -16.82  17.93  2.90 10.92   1.34  -4.10 1529 $
-122.983 38.987 -18.02  22.74  1.72  4.70   1.32  -4.17 175L $
-119.657 42.093  -0.67   6.16  0.48  1.05  -2.27  -2.01 1JUN $
-122.706 39.021 -16.09  16.90  4.27  6.52   1.27  -4.07 2589 $
-119.167 37.930 -11.22  11.62  8.57  5.80   0.75  -2.27 2DOR $
-123.242 39.271 -19.84  22.02  4.06  8.65   1.71  -3.66 3384 $
-120.465 35.943 -13.44  22.65  6.77  4.64  -0.16  -2.07 33JD $
-123.293 39.300 -21.88  25.40  1.09  1.22   1.73  -3.72 3743 $
-122.533 38.990 -15.57  16.48  0.48 10.04   1.27  -3.87 3751 $
-121.952 37.806 -15.17  18.37  0.04  1.49   1.94  -3.56 3814 $
-122.866 39.400 -13.09  14.38  3.16  7.10   1.49  -4.49 3CRS $
-123.057 38.907 -20.25  31.23  5.09  4.13   1.02  -3.92 6300 $
-117.610 38.882  -3.67   4.81  0.71  1.06   0.00  -1.80 6683 $
-118.294 37.233  -9.13   9.70  1.14  0.85   0.72  -2.20 7114 $
-110.352 42.997   1.48   2.49  1.16  1.51  -1.18  -0.72 7ADL $
-120.689 43.169   1.18   7.78  1.44  1.89  -3.16  -2.57 7MIR $
-122.541 41.440  -2.73  11.09  1.01  3.44  -1.34  -2.97 9070 $
-121.175 43.313   2.37   8.19  0.37  0.47  -3.30  -2.70 A074 $
-120.187 42.574   0.10   7.16  1.57  0.62  -2.56  -2.23 ABRT $
-122.527 38.236 -17.78  27.27  0.68  0.68   2.06  -3.66 ADOO $
-122.456 38.223 -16.52  24.55  3.78  4.85   2.02  -3.72 AIRR $
-120.019 41.551  -1.82   7.52  2.09  1.97  -1.92  -2.04 ALKA $
-119.657 41.839  -1.09   7.00  1.66  1.73  -1.94  -1.97 ALOP $
-120.170 35.651 -18.12  24.65  2.71  1.62  -0.01  -2.15 ANET $
-122.561 45.956   5.19   9.48  1.64  2.33  -1.37  -2.52 ARIL $
-123.181 39.284 -19.55  22.17  1.86  0.57   1.66  -3.70 ARZN $
-118.119 36.603 -10.23  10.35  0.69  0.54   1.62  -0.77 BAMA $
-122.664 39.347 -11.82  14.15  0.95  1.23   1.26  -3.75 BGSP $
-120.832 35.359 -26.12  37.35  2.15  3.54  -3.13   0.39 BHRM $
-120.475 35.161 -24.85  34.18  6.82  1.30  -2.79   0.91 BIDD $
-122.196 46.145   5.76   9.16  0.94  2.11  -1.78  -2.47 BIVO $
-123.339 39.337 -24.27  27.24  8.85  0.23   1.76  -3.53 BKHK $
-122.621 39.410 -10.45  13.10  3.22  1.09   1.21  -3.79 BLDI $
-121.891 41.346  -2.73   9.39  6.48  5.86  -1.55  -2.69 BLKF $
-122.857 39.487 -10.78  12.93  0.55  0.81   1.39  -3.75 BLRO $
-122.153 37.290 -23.10  30.89  1.01  1.81  -0.28   0.21 BM1R $
-120.569 34.934 -26.55  35.85  3.87  4.65  -2.31   0.97 BR82 $
-120.462 35.888 -21.06  34.47  4.61  3.96  -0.45  -1.83 BREK $
-121.773 36.590 -28.18  35.26  1.08  1.22  -0.34   1.61 BRU2 $
-118.589 46.973   3.16   4.12  1.08  0.97  -2.43  -2.00 C253 $
-119.774 35.334 -17.14  23.23  4.27 11.29   1.06  -1.46 C824 $
-121.783 37.186 -20.32  26.55  0.64  0.75   1.97  -1.93 CAAA $
-119.851 35.358 -19.84  22.97  0.34  0.28   0.43  -0.95 CAUV $
-119.549 45.344   3.84   6.07  1.72  3.36  -2.74  -2.39 CBL1 $
-120.584 35.970 -24.96  34.68  1.35  1.70  -0.19  -1.38 CHEC $
-123.233 39.117 -20.82  26.62  1.71  3.04   1.49  -3.69 CLEL $
-121.153 43.800   2.92   7.91  0.60  0.94  -3.19  -2.82 CMPY $
-120.871 41.430  -2.54   8.46  2.57  1.36  -1.41  -2.27 CNBY $
-121.738 37.219 -21.06  27.15  6.60  5.41   2.27  -2.12 COYY $
-121.518 36.823 -30.89  37.46  2.32  2.03   1.68  -0.33 CROS $
-119.848 35.250 -20.43  25.20  0.98  2.85  -1.07   0.60 CRZO $
-119.473 41.904  -0.86   6.51  1.48  0.52  -2.13  -1.95 CTNP $
-119.232 37.518 -12.91  13.78  5.68  3.94   0.71  -2.24 CTR1 $
-120.222 35.788 -16.05  23.04  3.88  2.39   0.40  -3.03 CTWD $
-122.024 44.191   2.62  10.02  1.22  2.99  -3.21  -3.14 CUPO $
-123.248 39.771 -15.67  17.12  0.21  1.11   1.04  -3.69 CVR3 $
-124.095 41.192  -2.04  17.64  2.76  2.15   2.38  -3.77 CW07 $
-115.082 39.415  -3.05   2.96  5.53  1.19   0.20  -1.24 D280 $
-119.914 35.342 -21.14  24.62  2.45  4.32  -0.56  -0.01 D559 $
-118.932 43.960   2.20   5.66  2.51  1.62  -2.61  -2.21 D706 $
-109.008 43.229   1.48   1.59  1.17  3.13  -1.12  -0.50 DDAM $
-118.508 35.086 -16.15  15.51  0.72  1.09   3.96  -0.39 DEER $
-115.331 41.054  -2.89   3.12  1.34  0.54  -0.80  -1.28 DEET $
-120.542 34.726 -28.12  36.09  5.07  1.13  -2.25   1.25 DMAV $
-116.058 37.894  -4.43   3.12  0.59  3.97   0.90  -1.35 DRYY $
-114.658 39.033  -4.52   2.88 10.65  2.84   0.32  -1.26 E220 $
-115.130 38.890  -3.71   2.72  3.50  1.47   0.41  -1.44 E300 $
-120.996 43.667   2.86   7.68  1.81  1.37  -3.22  -2.74 EABU $
-122.195 37.147 -25.54  33.91  0.81  1.15  -1.23   1.57 EAUN $
-123.218 39.313 -18.40  22.73  7.61  0.78   1.71  -3.73 ESRD $
-120.537 43.385   2.50   7.51  1.42  0.49  -2.98  -2.42 F091 $
-113.630 39.081  -3.27   2.07  1.59  3.50   0.23  -0.77 F200 $
-116.862 36.858  -5.28   5.31  0.91  0.65   2.10  -1.80 F23X $
-113.667 38.795  -3.71   2.62  2.09  1.60   0.40  -0.77 F300 $
-122.682 39.520 -12.56  13.10  1.94  3.62   1.37  -3.75 FELK $
-119.203 39.944  -4.91   7.23  2.59  2.86  -0.69  -2.11 FLRN $
-118.429 37.711  -5.85   9.89  1.34  1.44   0.89  -2.22 FLS2 $
-121.357 36.926 -14.86  12.79  3.18  1.93   2.27  -1.18 FV30 $
-123.010 39.321 -15.89  20.21  0.84  0.81   1.54  -3.88 GART $
-120.350 35.831 -14.12  26.57  7.20  0.44  -0.08  -2.21 GO42 $
-120.107 35.557 -19.57  25.73  1.84  0.79  -0.14  -1.26 GO57 $
-122.115 38.331 -13.74  14.53  1.55  3.16   1.88  -3.60 GORR $
-121.924 36.982 -27.19  32.83  1.61  2.24   0.54   1.73 GREG $
-123.978 40.306 -13.83  26.04  0.02  1.86   3.84  -3.54 GRSH $
-122.966 39.449 -15.30  18.30  2.44  2.56   1.50  -3.77 GRVW $
-118.790 34.688 -24.63  22.55  0.31  2.43   2.75  -0.01 GS03 $
-121.688 43.682   2.79   9.15  1.09  1.95  -3.27  -3.00 GS08 $
-117.053 36.357  -7.32   5.99  3.19  0.38   2.73  -1.53 GS0B $
-120.453 35.552 -23.55  33.72  2.57  3.18  -3.08  -0.04 GS0D $
-120.085 35.185 -23.01  29.95  1.52  1.49  -2.63   1.67 GS0E $
-120.501 41.510  -2.20   7.61  1.25  1.31  -1.83  -2.16 GS0G $
-120.756 35.171 -25.67  37.24  1.57  2.03  -2.94   0.72 GS0R $
-121.894 46.283   3.83   8.21  0.42  0.41  -2.10  -2.44 GS0S $
-117.236 43.983   1.40   4.56  2.47  3.34  -2.28  -1.83 GS0V $
-122.309 41.222  -4.43  10.04  1.47  2.46  -1.21  -2.89 GS1L $
-123.960 45.862   8.43  12.56  8.14  1.97   0.32  -2.08 GS1Y $
-122.911 39.465 -13.81  13.60  2.13  0.65   1.45  -3.85 GS1Z $
-120.508 34.794 -31.68  34.08 15.40  1.22  -2.44   1.14 GS2F $
-120.265 35.756 -17.09  25.30  2.61  0.80  -0.26  -2.65 GS2H $
-117.238 37.743  -4.35   5.54  4.20  2.18   0.80  -2.03 GS2O $
-122.595 38.186 -19.55  29.21  0.38  0.46   1.88  -3.34 GS2Q $
-122.620 42.148  -0.52  10.70  5.55  0.97  -2.56  -3.05 GS3I $
-121.938 37.047 -26.00  32.84  8.17  7.70   0.83   1.18 GS3L $
-122.123 37.363 -21.34  30.17  2.85  3.65   0.50  -0.89 GS3O $
-122.175 38.351 -13.57  15.46  0.94  1.77   1.89  -3.72 GS3Y $
-122.940 39.524 -13.02  13.21  0.41  0.47   1.36  -3.72 GS4V $
-120.721 38.340 -11.56  11.41  3.65  5.20   1.12  -2.63 GS5C $
-120.257 34.799 -27.68  33.66  0.84  1.04  -2.58   1.51 GS5G $
-120.300 34.960 -27.07  32.27  1.91  0.35  -2.66   1.43 GS5I $
-122.203 38.313 -14.76  18.22  0.39  1.88   1.97  -3.72 GS5O $
-113.356 48.317   3.62   1.82  0.71  0.90  -1.93  -1.30 GS5Q $
-121.542 46.000   4.31   8.48  2.12  0.59  -2.32  -2.50 GS5R $
-119.735 41.729  -1.38   6.76  1.15  0.60  -1.90  -1.97 GS5W $
-121.556 37.477 -14.19  14.89  2.79  3.04   2.10  -2.87 GS6D $
-120.708 35.949 -24.54  36.81  2.40  3.80  -0.88  -0.85 GS6G $
-121.494 36.841 -18.89  26.99  4.55  1.76   1.39  -0.63 GS6K $
-121.799 36.749 -29.35  38.67  3.22 14.18  -0.05   1.83 GS6O $
-122.533 41.184  -4.12  10.25  6.85  3.51  -0.90  -3.00 GS6P $
-120.032 35.388 -21.09  27.09  1.28  0.83  -1.47   0.45 GS6Q $
-119.959 35.503 -18.04  23.78  3.58  1.23   0.81  -2.15 GS6R $
-122.714 39.194 -15.46  15.34  2.75  0.82   1.32  -3.97 GS6X $
-121.253 43.643   3.57   8.39  2.62  0.96  -3.23  -2.91 GS6Y $
-117.641 36.307  -9.28   8.43  1.36  0.83   2.92  -1.65 GS75 $
-119.923 39.111  -9.52  11.09  1.38  2.88   0.17  -2.32 GS76 $
-121.288 37.008 -14.75  12.40  3.69  3.65   2.22  -1.80 GS7B $
-121.769 46.308   4.22   7.38  2.23  1.31  -2.25  -2.50 GS7F $
-117.174 36.294  -8.75   7.44  0.64  0.61   2.91  -1.42 GS7G $
-119.432 34.960 -21.08  21.10  0.28  1.02  -0.64   0.42 GS7I $
-122.167 37.324 -23.05  31.31  0.30  1.29  -0.18  -0.01 GS7J $
-121.982 41.260  -3.74  10.32  5.90  2.09  -1.14  -2.58 GS7M $
-122.372 42.118  -0.32  10.20  2.01  8.23  -2.08  -2.86 GS7N $
-122.762 39.147 -15.80  15.90  2.41  2.09   1.52  -4.04 GS7O $
-122.891 39.228 -16.68  19.01  1.01  2.45   1.45  -3.92 GS7R $
-121.543 40.983  -4.87   9.38  1.44  7.89  -0.92  -2.58 GS7S $
-120.070 42.212  -0.71   7.18  0.56  1.16  -2.47  -2.12 GS84 $
-121.462 36.909 -19.51  23.29  9.92  7.56   1.73  -1.00 GS8A $
-117.208 34.975 -12.65  13.39  1.30  0.51   1.36   0.05 GS8B $
-118.703 39.995  -3.98   6.50  1.55  0.97  -0.91  -1.96 GS8C $
-121.821 45.935   5.30   7.70  3.45  0.96  -2.12  -2.60 GS8F $
-123.342 39.461 -20.05  21.44  0.43  0.64   1.82  -3.68 GS8G $
-117.239 46.045   3.46   3.88  3.52  0.30  -2.38  -1.88 GS8J $
-120.039 39.791  -7.49   8.93  2.43  2.50  -0.39  -2.27 GS8K $
-119.713 34.823 -24.82  28.54  7.38  4.69  -3.94   2.36 GS8M $
-121.870 37.541 -16.90  22.98  2.72  0.23   2.03  -3.24 GS8V $
-121.061 43.125   2.23   9.01  1.27  0.62  -3.28  -2.65 GS8Y $
-123.274 39.196 -19.69  27.35  5.27  0.91   1.61  -3.30 GS9B $
-123.141 47.237   6.91   9.46 29.62 49.22  -0.86  -1.72 GS9E $
-123.810 46.663   6.75  12.66  1.44  2.43   0.70  -1.72 GS9F $
-122.975 39.433 -16.18  19.17  1.58  3.41   1.51  -3.85 GS9G $
-119.063 45.004   2.77   5.72  3.00  3.69  -2.72  -2.25 GS9L $
-119.310 42.688   0.10   5.94  0.82  0.18  -2.31  -2.04 GS9P $
-120.867 43.134   2.17   8.24  0.55  2.00  -3.18  -2.57 GS9S $
-119.066 43.585   1.64   4.57  0.74  3.14  -2.69  -1.91 GS9V $
-121.138 43.543   2.82   8.19  1.31  0.71  -3.22  -2.76 GS9Y $
-123.476 41.400  -1.85  15.52  0.85  1.29   0.28  -3.79 H110 $
-119.078 38.160  -9.21  11.83  1.17  0.64   0.67  -2.40 H130 $
-111.111 38.833  -1.44   2.43  3.81  2.29   0.17  -0.38 H200 $
-122.547 39.352 -11.38  14.08  2.29  2.67   0.99  -3.78 H301 $
-122.359 37.228 -25.83  34.87  0.80  1.01  -1.49   1.82 HALM $
-122.391 38.772 -12.60  18.63  0.50  1.50   1.43  -3.79 HC04 $
-122.355 38.776 -11.61  15.88  1.79  1.65   1.38  -3.75 HC05 $
-122.422 38.757 -12.52  19.01  1.01  1.21   1.46  -3.79 HC06 $
-122.238 38.797 -11.85  13.63  1.90  1.95   1.27  -3.64 HC12 $
-122.232 41.628  -2.05  10.47  1.48  1.17  -1.83  -2.81 HERD $
-121.740 40.875  -6.28   9.06  4.10  2.19  -0.68  -2.69 HHTT $
-122.808 39.208 -15.54  15.92  2.56  0.87   1.38  -3.98 HIGL $
-121.274 41.478  -3.18   9.19  0.88  1.06  -1.63  -2.41 HLNB $
-120.004 42.675   0.03   7.19  1.54  1.89  -2.56  -2.20 HOGB $
-120.695 41.492  -3.00   8.59  1.11  1.23  -1.55  -2.23 HOTC $
-122.452 39.028 -11.61  13.86  4.00  1.04   1.23  -3.83 HP11 $
-124.158 41.933   1.30  16.55  2.48  2.58   0.32  -4.45 HP13 $
-123.201 39.795 -14.63  13.73  1.52  0.52   1.15  -3.65 HP14 $
-123.523 40.460  -9.02  14.57  0.96  2.87   0.72  -3.65 HP16 $
-124.117 40.975   0.11  21.11  1.47  1.46   2.81  -2.94 HP19 $
-123.193 41.842  -1.78  13.16  3.04  3.08  -1.36  -3.43 HP21 $
-122.031 46.252   6.48   8.93  3.98  1.44  -1.91  -2.39 HPAD $
-120.930 44.256   4.02   7.57  4.63  0.19  -3.19  -2.75 HSTN $
-120.236 35.182 -24.68  31.09  0.38  1.48  -2.61   1.43 HTH2 $
-119.264 34.565 -24.90  23.36  0.16  0.83  -2.96   2.01 HTMN $
-120.178 35.686 -17.51  25.56  1.94  2.55   0.15  -2.38 HTR1 $
-120.503 40.630  -4.70   9.86  2.37  1.91  -0.91  -2.27 HUSG $
-120.231 35.644 -20.49  29.13  0.44  2.04  -0.58  -1.38 HUSP $
-122.496 42.154   0.10  10.87  0.18  2.35  -2.44  -2.85 HYAT $
-117.540 36.532  -8.69   6.42  1.94  2.08   2.69  -1.96 JASS $
-117.996 35.336 -13.91  16.26  0.23  1.11   3.16   0.04 JBON $
-116.416 36.304  -6.25   4.26  1.34  2.23   2.42  -1.39 JCTN $
-120.540 35.957 -25.10  34.68  0.87  2.84  -0.14  -1.45 JD84 $
-122.243 42.137  -0.54  10.28  1.14  2.94  -2.69  -2.74 JHNS $
-119.469 38.362 -10.28  11.91  1.53  1.18   0.67  -2.14 JNCT $
-120.435 35.909 -14.30  24.53  1.54  3.48   0.00  -1.98 JOAQ $
-121.792 37.922 -13.49  14.58  2.52  0.81   1.88  -3.53 JOBE $
-121.067 43.891   3.22   8.12  0.55  1.24  -3.27  -2.78 JUNP $
-114.421 40.985  -1.88   1.94  0.66  0.34  -0.75  -1.06 KEGG $
-113.803 48.208   4.13   2.31  3.86  1.89  -1.99  -1.35 KNCK $
-123.975 40.727  -3.00  20.50  0.85  1.94   2.27  -3.39 KNEE $
-120.347 35.914 -13.28  24.79  6.76  9.89   0.32  -2.60 KNGR $
-120.640 43.289   2.25   7.15  0.07  2.79  -3.06  -2.56 L091 $
-122.624 38.951 -15.56  19.99  4.57  6.58   1.30  -4.03 L298 $
-116.588 34.542 -10.64  11.44  0.63  0.73  -0.61   2.43 LAW1 $
-116.624 34.527 -13.67   9.95  5.04  1.53   0.56   1.42 LAW2 $
-116.669 34.502 -13.38  10.82  2.51  1.51   0.10   2.30 LAW3 $
-116.665 34.454 -12.03  10.75  1.26  1.13   0.87   3.08 LAW4 $
-123.554 40.334 -12.04  15.40  1.69  1.28   0.66  -3.73 LASS $
-122.185 38.514 -13.85  14.71  2.43  4.74   1.73  -3.61 LB08 $
-122.096 38.513 -15.05  13.02  5.49  1.57   1.68  -3.58 LB11 $
-118.227 38.532  -5.29   6.63  1.10  1.58   0.51  -2.15 LIZZ $
-123.305 39.159 -21.37  28.60  4.49  2.01   1.56  -3.52 LGAP $
-119.760 35.036 -23.64  24.70  4.48  4.32  -2.44   2.09 LGO7 $
-119.354 41.997  -1.04   6.32  0.72  2.11  -1.80  -1.92 LOPE $
-121.845 37.110 -23.68  29.43  1.00  1.15   1.49  -0.67 LP1X $
-121.909 37.104 -23.67  29.90  1.53  2.37   0.87   0.10 LP2X $
-121.839 37.050 -25.43  31.30  1.93  0.69   1.24   0.02 LP4X $
-120.041 35.352 -21.89  26.89  3.15  4.54  -1.75   0.79 LS37 $
-122.892 39.581 -13.21  12.90  2.12  8.46   1.38  -3.74 LTBR $
-118.803 34.801 -20.95  19.43  4.92  4.55   1.91  -0.24 LTEJ $
-122.091 46.164   5.60   8.43  1.04  1.37  -2.02  -2.46 LVCY $
-120.067 35.076 -24.97  29.86  0.95  0.10  -2.62   1.88 MA80 $
-121.788 37.137 -23.37  28.08  0.79  0.86   1.90  -1.35 MAZZ $
-119.764 35.291 -19.28  25.00  0.85  6.76   0.43  -1.04 MCKT $
-122.912 39.319 -16.24  18.85  1.94  8.26   1.56  -3.95 MCLE $
-116.617 34.258  -9.88  16.46  2.29  8.50   2.42   3.81 MEEK $
-121.714 37.229 -22.78  26.84  3.01  2.27   2.70  -2.35 METC $
-120.498 35.950 -22.41  28.03  4.75  5.19  -0.03  -1.68 MIDE $
-120.089 35.606 -18.31  23.68  0.69  1.92   0.63  -2.09 MILX $
-120.596 36.079  -9.61  17.46  3.38  1.56   0.25  -1.58 MITH $
-120.060 35.483 -18.73  26.23  3.63  2.46  -0.62  -0.76 MKIM $
-119.954 35.260 -23.34  26.63  2.00  5.81  -1.84   1.25 MLFL $
-120.435 35.969  -9.22  21.25  6.59  1.91   0.25  -2.14 MNMT $
-116.929 36.792  -5.73   5.30  0.39  1.60   2.24  -1.91 MO93 $
-122.031 45.800   4.85  10.44  2.24  1.21  -2.28  -2.58 MOWI $
-122.151 37.711 -20.60  27.86  1.17  2.18   1.73  -2.54 MSLL $
-123.092 39.517 -18.37  17.39  1.88  2.07   1.76  -3.78 MTSH $
-122.366 37.810 -20.70  28.93  1.28  1.85   1.23  -2.72 NAVY $
-122.737 38.093 -21.00  31.15  1.15  1.73   0.54  -1.35 NICC $
-120.044 35.444 -20.77  27.39  0.40  0.34  -0.74  -0.20 NOHW $
-122.934 39.498 -13.32  12.98  6.75  4.49   1.46  -3.84 NOVU $
-121.809 37.069 -23.76  29.61  1.27  0.74   1.54  -0.50 NDDD $
-123.966 45.134   8.26  12.23  1.62  1.79  -0.01  -1.96 NESK $
-122.128 46.111   6.54   8.56  2.71  3.45  -1.92  -2.49 NMAR $
-121.172 41.103  -3.70   8.44 11.43  3.91  -1.54  -2.41 NUBI $
-121.194 43.728   3.17   8.09  0.34  2.09  -3.23  -2.82 NW05 $
-121.206 43.736   3.16   8.53  0.89  0.52  -3.26  -2.80 NW07 $
-121.190 43.656   2.94   8.18  1.94  0.94  -3.33  -2.82 NW09 $
-119.088 37.291 -10.52  12.25  4.39  2.41   0.40  -2.23 OBSE $
-116.698 34.391 -10.96  10.79  0.86  1.04   1.13   3.53 OLDD $
-116.752 34.389 -12.97  11.53  1.96  2.54   1.06   3.51 OLDW $
-121.060 37.080 -12.55  12.97  1.73  1.25   2.16  -2.13 ONIE $
-120.442 35.885 -23.45  32.95  8.44  4.20  -0.24  -1.79 OQUI $
-123.243 39.178 -20.30  29.27  3.93  0.77   1.59  -3.73 ORRE $
-123.326 39.217 -21.29  27.84  3.29  0.74   1.66  -3.35 ORRW $
-121.375 37.508 -12.97  14.01  1.98  3.33   2.06  -2.39 OSR1 $
-118.284 37.232  -7.33  10.33  1.38  1.70   0.66  -2.13 OVRO $
-121.281 41.705  -2.08   8.62  0.81  0.73  -2.01  -2.39 OVRP $
-116.746 36.828  -5.66   5.22  1.97  1.34   2.15  -1.90 P16X $
-118.683 37.367  -8.17  11.50  1.52  2.40   0.53  -1.82 PINU $
-117.974 38.343  -5.33   6.93  2.18  0.50   0.81  -2.11 PIPK $
-120.721 42.262  -0.41   8.35  2.23  0.94  -2.50  -2.23 PL20 $
-119.808 35.154 -21.49  25.53  2.65  3.44  -1.51   1.40 PNTD $
-123.031 39.729 -13.26  13.09  0.75  0.61   1.18  -3.67 POIR $
-122.869 38.080 -22.93  34.50  1.64  1.39  -0.54   0.53 PRH2 $
-122.937 38.104 -22.09  34.10  8.01  3.14  -1.33   0.48 PRNC $
-109.151 44.838   1.85   2.18  1.72  0.50  -1.35  -0.53 Q84X $
-120.116 43.484   2.16   7.22  1.36  2.34  -3.03  -2.47 R090 $
-120.052 34.535 -27.86  32.20  1.77  0.40  -2.27   1.85 REFU $
-120.261 35.605 -22.87  28.54  3.18  3.15  -1.38  -0.64 RH32 $
-121.266 43.110   2.02   9.52  2.15  2.27  -3.19  -2.68 RODM $
-121.462 41.427  -3.43   9.41  2.30  1.82  -1.42  -2.45 ROUN $
-121.810 37.594 -14.75  17.34  2.09  2.41   2.06  -3.36 SARE $
-122.482 39.068 -13.83  14.61  3.05  2.95   0.99  -3.63 SERP $
-123.428 39.494 -22.90  24.81  1.21  1.00   1.83  -3.65 SHCR $
-120.682 36.030 -26.13  36.51  0.62  2.27  -0.15  -1.01 SHR2 $
-124.202 40.715  -1.04  25.11  2.91  0.09   2.68  -2.59 SIS3 $
-122.829 39.447 -14.11  13.69  3.02  3.85   1.48  -3.82 SKEL $
-121.477 43.079   1.58   9.57  2.65  3.62  -3.38  -2.70 SL20 $
-122.184 37.691 -20.99  28.18  2.70  1.46   1.57  -2.83 SLBB $
-123.017 39.426 -16.28  19.69  2.21  0.24   1.69  -3.88 SLDE $
-120.146 35.387 -22.75  28.43  0.56  0.48  -2.07   0.89 SLO5 $
-119.902 35.133 -23.63  27.07  2.12  1.64  -2.23   2.05 SLTS $
-120.458 34.899 -27.90  33.76  1.08  0.82  -2.43   1.29 SMX1 $
-120.137 35.439 -22.23  28.34  1.78  2.39  -1.76   0.55 SNDY $
-120.160 35.566 -21.07  27.10  3.80  0.73  -0.83  -1.06 SNLU $
-119.343 34.298 -27.04  29.25  3.32  0.78  -2.42   2.24 SOLI $
-120.525 34.609 -29.28  34.82  0.77  1.85  -2.23   1.33 SOVF $
-121.348 43.523   3.17   8.54  0.53  1.17  -3.38  -2.82 SPBU $
-122.186 38.209 -14.00  17.78  1.84  2.20   1.97  -3.58 SPRR $
-117.147 36.606  -7.09   6.53  4.26  2.75   2.69  -1.98 STOV $
-121.347 43.814   3.57   8.40  1.06  1.32  -3.27  -2.90 SUGR $
-123.388 39.353 -23.32  26.33  4.69  0.92   1.77  -3.48 SULL $
-122.736 39.616 -11.55  12.67  1.12  3.02   1.26  -3.67 SUSP $
-119.999 35.126 -23.07  28.36  5.49  5.88  -2.51   1.90 SYCA $
-117.583 36.232  -9.80   8.75  0.74  0.32   3.04  -1.65 T19S $
-120.698 35.386 -24.53  35.04  2.67  2.25  -3.09   0.45 TESS $
-117.500 36.865  -7.16   6.57  1.62  2.50   2.09  -2.36 TINP $
-121.296 41.629  -2.54   8.95  0.33  0.64  -1.81  -2.37 TMBR $
-120.203 35.616 -21.14  27.60  1.05  0.77  -0.63  -1.22 TNLS $
-120.018 35.488 -19.19  24.93  1.15  0.75   0.10  -1.08 TWIS $
-120.018 35.488 -20.75  25.39  1.13  0.94   0.09  -1.08 TWR2 $
-123.214 39.471 -19.37  19.64  1.05  0.78   1.74  -3.71 TWVL $
-118.528 37.369  -7.80  11.49  1.95  1.07   0.62  -2.05 TUNS $
-121.299 36.900 -12.71  14.06  2.83  5.62   2.21  -1.00 TURK $
-122.346 39.066 -11.57  13.18  1.23  1.98   1.19  -3.73 U107 $
-121.703 37.622 -13.14  15.64  3.71  1.10   2.02  -2.94 USG7 $
-120.325 39.318  -9.58  11.02  5.54  1.39   0.12  -2.32 UU83 $
-122.103 38.398 -13.28  13.49  1.87  0.80   1.82  -3.62 VAC3 $
-122.152 46.410   6.19   9.27  0.67  0.89  -1.76  -2.32 VANS $
-122.571 44.146   5.05  10.46  3.33  2.43  -2.84  -3.21 VIDA $
-120.774 43.011   1.29   8.09  1.98  2.38  -2.98  -2.48 W072 $
-122.012 42.141  -0.28  10.67  2.62  0.98  -2.52  -2.60 W784 $
-120.306 43.428   2.20   6.86  3.16  3.04  -3.07  -2.50 Y090 $
-122.318 46.026   5.92   9.04  2.02  2.62  -1.80  -2.42 YALE $
-120.038 35.533 -19.68  24.62  0.75  2.38   0.26  -1.73 YEGU $
-119.475 34.754 -24.91  24.52  0.74  0.44  -2.77   2.17 YMR2 $
-113.852 44.204   1.27   2.60  1.58  0.82  -1.93  -1.29 X51X $
-123.238 39.455 -19.22  20.83  1.08  0.78   1.67  -3.70 X959 $
-113.335 41.565  -2.18   2.34  3.77  2.54  -0.97  -0.91 X95X $
-119.844 35.333 -19.70  23.46  0.92  2.23  -0.06  -0.57 Z558 $
-121.548 36.921 -20.73  25.53  4.88  4.28   2.28  -0.59 0028 %
-121.750 36.763 -29.89  33.73  4.24  1.15   0.34   1.69 0513 %
-121.668 36.791 -31.22  35.88  3.99  1.24   0.72   0.98 05YC %
-121.325 36.793 -13.81  16.66  2.97  2.79   1.67  -0.74 05YF %
-118.963 34.053 -23.25  29.36 11.32  9.53  -1.17   2.80 0703 %
-115.888 33.177 -16.29  19.36  6.05  3.29   1.27   0.87 1110 %
-115.964 33.677 -11.98   8.74  2.19  2.67   2.72   0.83 1113 %
-115.243 33.681  -8.12   3.54  0.94  4.39   2.70   0.34 1114 %
-116.647 34.370 -10.89  14.45  3.83  3.20   0.50   6.59 6056 %
-117.675 36.150 -11.25   7.67  4.26  6.11   2.52  -1.08 6813 %
-116.716 34.676 -11.05  10.30  1.56  3.21  -2.23  -0.16 7000 %
-116.974 34.281 -17.53  13.54  6.79  3.60   1.71   1.81 7211 %
-115.246 32.629  -9.38  10.15  2.82  2.31   0.93   0.14 ASA1 %
-116.175 33.810 -10.54  10.49  9.77  7.72   4.05   0.33 BERD %
-115.934 33.925  -6.58   5.73  3.36  1.48   3.33  -0.29 BLOY %
-118.519 32.927 -33.37  34.98  4.80  2.02   0.08   2.76 BLU1 %
-116.322 31.361 -30.62  32.08  2.28  1.40  -0.08   1.02 CADG %
-116.274 33.639 -14.75  14.38  5.68  6.80   2.37   0.91 CAHU %
-117.451 34.347 -17.43  16.27  2.79  1.29  -0.25   1.39 CAJO %
-119.753 33.995 -26.76  32.45  6.41 34.71  -1.59   2.09 CENT %
-118.288 36.979  -9.55  10.65  5.77  2.14   1.08  -1.38 CG0A %
-115.720 33.664  -6.14   2.23  2.56  1.81   3.35  -0.86 CG0O %
-117.766 34.222 -24.71  19.99  9.40  2.84  -0.85   2.43 CG1H %
-116.212 31.101 -31.81  31.69  1.50  1.22  -0.08   0.98 CG1X %
-116.169 32.467 -28.08  28.64  1.11  0.76  -1.56   0.56 CG2A %
-116.466 35.218  -5.95   6.64  6.24  1.85   2.20  -2.36 CG2E %
-117.561 36.519  -6.72   6.89  3.88  4.20   2.73  -2.22 CG2L %
-117.479 36.572  -7.41   6.52  3.49  4.56   2.51  -2.09 CG3V %
-117.017 34.824 -10.16  12.71  1.71  0.51   0.74   0.02 CG2M %
-115.938 31.552 -29.36  30.64  1.02  0.88   0.01   0.92 CG4F %
-117.309 33.837 -23.29  23.86  2.04  1.64   0.36   2.69 CG4O %
-116.304 31.463 -30.97  31.45  3.28  0.93  -0.07   1.09 CG4V %
-116.828 34.178 -15.01  14.99  2.42  2.71   2.07   2.07 CG5B %
-115.739 30.980 -31.37  31.02  0.52  0.61  -0.05   0.80 CG5C %
-116.703 35.461  -5.08   8.00  1.86  4.42   2.47  -1.81 CG5I %
-117.706 34.743 -17.35  15.23  2.97  4.79   2.34  -0.25 CG5M %
-115.075 32.559  -5.08   5.89  1.64  0.98   2.90  -1.24 CG5O %
-121.494 36.841 -19.63  27.40  1.77  1.73   1.73  -0.33 CG5Q %
-121.799 36.749 -30.52  34.87  6.44  6.77   0.39   1.97 CG5T %
-116.695 35.395  -5.84   6.79  2.96  0.90   2.40  -1.58 CG5W %
-118.294 37.233  -8.65  10.86  1.07  0.72   0.88  -2.13 CG6F %
-113.519 31.354  -3.74   2.44  2.69  1.80   0.61  -0.24 CG6T %
-116.223 31.191 -32.20  31.39  0.82  2.11  -0.08   1.05 CG7J %
-115.387 31.772 -26.47  27.89  0.73  0.56   0.07   0.74 CG7K %
-117.738 33.914 -23.79  23.96  4.39  3.67  -0.37   2.30 CG8C %
-118.727 36.185 -13.66  13.82  1.06  1.77   2.05  -1.65 CG8F %
-117.328 35.813  -8.75   9.16  3.27  2.35   2.97  -1.00 CG8N %
-116.558 32.245 -29.14  30.41  6.77 16.02  -0.07   1.59 CG8T %
-116.564 34.150 -10.55  11.93  3.38  8.80   3.38   1.69 CHPA %
-116.455 35.515  -5.78   6.52  1.28  1.30   2.41  -2.09 CJCK %
-117.380 34.004 -21.50  22.45  1.05  2.33   0.11   2.42 CLSA %
-116.790 34.234 -15.87  12.44  8.60  3.95   2.05   1.88 DEAD %
-115.400 33.715  -6.80   4.02  1.29  2.28   3.13  -0.94 DESO %
-116.969 34.078 -13.62  20.37  3.17  4.64   1.52   1.98 DIVD %
-116.534 35.522  -5.99   6.15  4.06  0.80   2.48  -1.90 DRIN %
-116.210 31.845 -28.66  30.12  1.20  1.09  -0.03   0.97 ELAL %
-115.054 31.492 -28.96  27.91  1.49  0.80   0.19   2.39 ELCH %
-115.760 31.493 -29.46  30.95  4.99  1.10   0.03   0.87 ELJA %
-116.991 32.274 -29.26  29.33  2.03  1.33  -0.07   1.87 ELMO %
-115.862 33.179 -12.04  18.17  0.57  0.95   1.28  -0.51 EXTR %
-117.161 33.964 -20.72  20.51  3.67  3.12   0.48   2.64 FATL %
-115.999 33.974  -7.24   5.35  1.77  0.92   3.74  -0.58 F726 %
-116.443 31.721 -29.05  29.90  1.27  1.85  -0.09   1.18 FILO %
-115.932 34.136  -5.06   2.68  3.84  4.65   5.11  -0.73 GODW %
-115.647 33.360 -11.17   5.49  3.89  1.92   1.95   0.15 FRIN %
-116.379 34.555  -9.81  11.80  3.60  1.70   1.84   0.75 GAYS %
-115.773 32.167 -29.29  29.18  1.84  0.99  -1.93   1.11 GCYN %
-121.616 36.980 -23.85  27.50  4.12  1.83   2.14  -0.61 GILR %
-116.596 35.453  -5.47   7.66  0.79  1.62   2.38  -1.81 GRLZ %
-116.485 35.419  -6.43   6.28  3.82  0.21   2.22  -2.21 GRV1 %
-118.082 35.225 -13.88  12.50  3.51  3.90   3.31  -0.23 GS01 %
-118.100 35.494 -13.58  12.43  2.96  1.92   3.61  -0.17 GS02 %
-118.035 35.668 -10.99  12.25  2.60  2.70   2.55  -0.09 CG03 %
-117.179 36.035  -7.44   8.31  3.79  3.89   3.27  -1.35 GS07 %
-117.898 35.115 -14.79  14.20  4.42  3.65   3.21   0.17 GS09 %
-117.585 35.429  -9.24  13.70  2.43  1.84   2.97  -0.22 GS11 %
-117.333 35.434  -8.76  13.21  3.19  3.25   2.75  -0.26 GS12 %
-117.149 35.522  -8.18  10.30  1.85  2.54   2.60  -0.79 GS13 %
-117.706 35.470 -10.28  14.98  4.13  4.14   3.07  -0.32 GS16 %
-117.557 35.569 -13.46  11.47  2.54  2.14   2.62  -0.52 GS17 %
-117.870 35.584 -12.52  11.57  3.41  2.96   2.67  -0.20 GS18 %
-117.740 35.660 -10.33  13.46  2.61  2.13   2.78  -0.40 GS19 %
-117.401 35.769  -9.27  10.60  1.56  2.18   2.95  -0.80 GS20 %
-117.747 35.823 -13.74  12.80  2.50  1.19   2.83  -0.58 GS21 %
-117.969 35.845  -9.01  14.98  3.97  4.83   2.88  -0.23 GS22 %
-117.482 35.925 -11.27   8.23  4.11  4.30   2.85  -1.09 GS24 %
-117.289 35.913  -8.46   8.12  2.13  2.50   3.05  -1.31 GS25 %
-117.542 35.740  -7.99   9.60  4.80  4.01   2.54  -1.14 GS26 %
-117.454 36.053 -12.20   9.01  5.88  4.32   3.09  -1.22 GS27 %
-117.546 36.067 -10.23   6.78 10.88  8.77   2.22  -1.10 GS43 %
-117.459 35.584  -9.49   9.87  5.95  3.07   1.77  -0.31 GS48 %
-117.220 34.286 -17.63  16.00  6.41  3.26   1.33   1.10 GVWP %
-116.777 33.794 -16.30  21.76  3.52 11.54   1.89   2.74 INDO %
-118.660 35.089 -16.86  14.69  0.66  2.01   3.44  -0.66 JAC1 %
-116.034 34.074  -5.83   6.44  2.23  1.90   3.98  -0.16 JT01 %
-116.078 34.025  -8.02   6.80  1.83  2.68   3.76  -0.45 JT02 %
-116.133 34.026  -8.20   7.61  2.84  2.67   3.68  -0.03 JT03 %
-116.164 33.973  -8.24   9.05  2.90  2.73   3.36   0.28 JT04 %
-116.182 34.025  -7.69   8.24  1.20  2.00   3.62   0.49 JT05 %
-116.329 33.916 -11.32  11.69  2.60  1.63   2.92   0.95 JT06 %
-116.257 34.088  -6.64   9.55  1.24  1.41   3.79   0.89 JT07 %
-116.149 34.108  -6.72   6.29  2.83  1.80   4.02  -0.03 JT08 %
-116.306 34.011  -9.54   9.27  1.65  1.96   3.32   0.94 JT09 %
-116.349 34.029  -8.98   9.01  2.82  2.99   3.32   1.50 JT10 %
-115.676 33.874  -4.14   5.42  1.76  0.64   3.12  -2.06 JT12 %
-116.528 35.919  -7.49   4.04  3.97  1.33   2.50  -2.13 JUBI %
-117.443 34.032 -20.76  22.48  5.95  7.31   0.14   3.60 JURU %
-117.050 34.196 -16.25  17.67  2.67  5.50   1.20   2.89 KELL %
-116.604 35.183  -6.66   7.47  2.46  1.88   1.68  -2.11 LANF %
-116.514 34.344 -10.66  12.12  3.59  2.27   2.53   4.01 LAZY %
-117.612 36.497  -9.61   8.22  7.71  4.80   4.15  -2.19 LEEF %
-115.243 31.987 -27.01  28.38  2.54  1.05  -0.01   1.06 MAY3 %
-115.243 31.988 -25.24  27.51  1.64  2.77   0.28   0.43 MAYO %
-117.355 33.620 -25.52  24.76 12.51 12.58  -1.15   2.78 ML01 %
-115.848 33.906  -6.42   5.55  1.51  1.02   3.31  -1.18 PB15 %
-115.805 32.447 -29.45  29.27  5.98  2.02  -2.49   0.35 PCDA %
-116.223 34.891  -7.94   6.54  1.46  0.97   0.23  -6.54 PK02 %
-115.958 35.021  -6.12   5.45  1.91  0.88   2.23  -5.94 PK04 %
-115.953 32.560 -28.47  28.31  4.05  1.97  -1.50  -0.08 PLPR %
-116.926 34.161 -15.21  14.64  4.08  1.80   1.87   2.19 PT82 %
-116.299 33.714 -15.99  13.91  2.30  0.93   2.99   0.92 PTHP %
-115.344 32.162 -27.25  28.82  2.18  1.69  -0.06   0.90 PUAS %
-116.168 34.314  -7.47   6.98  2.10  0.57   6.86   1.44 PUET %
-116.632 32.118 -28.71  29.89  1.50  0.94  -0.11   1.49 RLOV %
-115.958 31.973 -29.17  30.25  1.16  1.31  -1.51   1.14 RAYO %
-116.848 33.630 -22.28  23.65  3.62  3.28   1.27   3.64 R293 %
-116.186 34.348  -7.46   8.66  1.66  1.77   6.55   6.88 SCP4 %
-116.571 32.914 -30.25  27.36  2.10  4.97   0.33   2.15 SD35 %
-116.703 33.382 -24.32  25.20  1.14  4.62   0.79   2.65 SDG6 %
-116.679 33.815 -18.18  16.66  8.86 10.39   1.73   1.90 SJPK %
-120.106 33.951 -27.91  34.69  7.62  7.71  -2.34   1.75 SNRI %
-117.689 34.216 -22.79  22.59  6.10 10.43  -0.52   1.99 SUNP %
-117.546 36.759  -6.80   7.42  0.81  1.16   2.38  -2.29 TKTJ %
-117.864 34.985 -13.95  14.75  2.42  2.37   3.01   0.04 TTAP %
-119.479 33.232 -34.10  33.45  8.30  5.17  -0.41   2.27 TWI1 %
-119.100 34.641 -22.92  20.56  7.09  8.31  -2.93   1.84 TWST %
-117.015 34.351 -14.93  12.21  2.47  2.40   1.29   1.62 WHMT %
-116.407 34.055  -9.85  10.81  2.61  1.55   3.27   1.51 WRPK %

lon = Longitude
lat = Latitude
ve = East velocity rel. to NA (mm/yr)
vn = North velocity rel. to NA (mm/yr)
sdve = Standard deviation East velocity (mm/yr)
sdvn = Standard deviation North velocity (mm/yr)
ve_p = Postseismic East velocity (mm/yr)
vn_e = Postseismic North velocity (mm/yr)
stat = Station name
GPS time-series source:
# : Nevada Geodetic Laboratory
$ : United States Geological Survey
% : Community Geodetic Model (SCEC)
