lon lat ve vn sdve sdvn ve_p vn_p stat source ve_igs14 vn_igs14
-112.1830 33.4310 5.7311 12.1879 0.18 0.11 2.15 -0.35 59WE # -3.9600 1.9600
-114.7590 37.5950 6.9919 14.2075 0.25 0.18 1.03 -1.21 7OAK # -3.6200 3.1100
-117.0930 34.1160 -7.4469 27.5760 0.18 0.18 1.01 2.20 7ODM # -16.8100 15.7100
-113.5730 50.0160 16.4535 12.8898 0.36 0.33 -1.77 -1.38 ABCH # 2.4900 2.1900
-112.8350 49.7060 17.1346 12.2200 0.31 0.28 -1.76 -1.26 ABLT # 3.1400 1.7700
-110.6970 50.0220 16.9677 11.5667 0.27 0.35 -1.58 -1.07 ABMH # 2.6100 1.8500
-106.4940 34.9570 9.3977 10.1667 0.16 0.14 0.64 -0.09 ABQ5 # -1.2700 1.9300
-106.4940 34.9570 9.3077 10.2067 0.17 0.15 0.64 -0.08 ABQ6 # -1.3600 1.9700
-120.1000 42.7610 11.8758 20.2771 0.18 0.21 -2.60 -2.30 ABRN # 0.6300 7.4500
-117.4450 33.2740 -18.1556 39.3803 0.22 0.19 -0.29 2.33 ACSB # -27.2400 27.4000
-117.4450 33.2740 -18.0156 39.1003 0.27 0.25 -0.28 2.56 ACSX # -27.1000 27.1200
-120.0070 42.1960 10.1103 20.2878 0.41 0.41 -2.24 -2.15 ADLL # -1.0100 7.4900
-111.9180 33.6890 6.2139 12.1172 0.10 0.25 1.71 -0.52 ADOB # -3.5800 1.9800
-117.1240 32.8070 -18.9420 39.8361 0.29 0.32 -0.67 1.76 AERO # -27.9300 27.9600
-116.4290 34.5940 1.0550 20.9593 0.14 0.13 1.90 -1.11 AGMT # -8.5200 9.3100
-112.0590 34.2480 6.6758 12.9055 0.22 0.21 1.66 -0.49 AGUA # -3.2700 2.7200
-111.0640 42.7730 13.1253 11.6236 0.16 0.11 -1.18 -0.85 AHID # 0.6600 1.7800
-117.8620 33.8490 -14.5120 37.1750 0.58 0.46 -0.75 2.12 AIAH # -23.7100 25.0600
-123.4870 48.3900 18.8139 21.4471 0.34 0.29 -1.20 -1.40 AL2H # 6.8300 7.5800
-115.1580 37.3580 6.2687 14.6902 0.17 0.13 1.18 -1.19 ALAM # -4.2300 3.4600
-123.4880 48.3900 18.7637 21.2274 0.75 0.71 -1.20 -1.39 ALB4 # 6.7800 7.3600
-123.4870 48.3900 19.2539 21.3571 0.14 0.11 -1.22 -1.39 ALBH # 7.2700 7.4900
-118.6950 34.8240 -9.7315 31.5123 0.18 0.17 2.80 -0.27 ALPP # -19.1000 19.1300
-111.6200 40.5840 11.8150 12.2250 0.18 0.17 -0.44 -0.62 ALUT # 0.0100 2.1900
-104.5250 38.8030 11.6506 9.0177 0.13 0.12 -0.11 -0.02 AMC2 # -0.3400 1.4900
-104.5250 38.8030 11.4406 9.0477 0.40 0.37 -0.02 -0.01 AMC4 # -0.5500 1.5200
-119.3630 34.0150 -18.7665 44.3647 0.16 0.21 -1.69 1.96 ANA1 # -27.8300 31.7700
-117.1350 46.1330 15.8363 16.0197 0.17 0.18 -2.19 -1.88 ANAT # 3.3200 4.1400
-117.3710 39.8480 6.1733 16.6963 0.14 0.14 1.42 -2.21 ANTB # -4.7200 4.7400
-118.1670 40.1460 6.8934 17.3432 0.13 0.14 -0.73 -1.60 ANTE # -3.9700 5.1300
-120.2810 39.6430 1.3967 22.6538 0.43 0.32 0.09 -2.45 ANTV # -9.0400 9.7700
-118.8300 34.1570 -17.0621 40.9753 0.26 0.21 -1.77 2.59 AOA1 # -26.2300 28.5500
-114.9320 36.3190 5.8146 14.8351 0.23 0.18 1.71 -1.20 APEX # -4.4200 3.6800
-114.4850 32.6790 4.2260 15.1660 0.40 0.37 2.56 -0.72 AQUA # -5.0100 4.1600
-117.3250 33.3420 -17.5826 38.8014 0.21 0.20 -0.18 2.16 AR27 # -26.7000 26.8600
-117.4770 33.3810 -17.5490 39.0306 0.21 0.20 -0.27 2.46 AR53 # -26.6600 27.0400
-109.7570 38.8800 10.9782 11.5000 0.24 0.23 0.13 -0.27 ARCH # -0.5500 2.1100
-117.5220 36.0500 -0.0594 21.6052 0.24 0.17 2.64 -1.12 ARGU # -9.9100 9.6000
-122.1420 48.1740 18.4661 19.9997 0.17 0.15 -2.08 -1.92 ARLI # 6.2900 6.5400
-120.1830 45.7080 15.9922 18.8431 0.21 0.18 -2.52 -2.43 ARLN # 4.0500 5.9900
-118.4380 38.4980 4.5139 20.2201 0.16 0.14 0.49 -2.32 ARMY # -5.8800 7.9200
-112.6230 43.6670 12.7142 11.9879 0.17 0.14 -1.65 -1.26 ARNG # 0.2000 1.6100
-119.4090 39.0000 3.4737 22.3593 0.19 0.13 0.25 -2.34 ARTE # -6.9200 9.7500
-106.0270 49.6330 16.7866 8.7994 0.86 0.87 -1.32 -0.73 ASBL # 1.9700 0.7300
-122.6700 42.1810 10.7642 25.2405 0.24 0.16 -2.21 -2.93 ASHL # 0.0600 11.6200
-116.1390 36.3460 5.0404 16.1342 0.16 0.14 2.23 -1.54 ASHM # -5.0600 4.5800
-106.0140 49.6420 17.3202 9.2447 0.29 0.23 -1.30 -0.75 ASSI # 2.5000 1.1800
-117.3080 39.3900 5.9006 16.8559 0.20 0.17 0.96 -2.16 AST1 # -4.8800 4.9200
-117.3090 39.3900 5.9305 16.8562 0.19 0.17 0.98 -2.20 AST2 # -4.8500 4.9200
-112.9720 35.9370 6.6241 13.4065 0.25 0.25 1.46 -0.66 AUBR # -3.7200 2.9100
-117.1540 34.4680 -3.9850 25.9359 0.16 0.14 1.36 0.89 AVRY # -13.4400 14.0500
-111.2050 32.4770 6.1379 12.9922 0.34 0.29 1.36 -0.51 AZ36 # -3.3600 3.1000
-111.2920 32.0860 6.2312 12.2822 0.53 0.41 1.29 -0.56 AZ3P # -3.1400 2.3600
-111.8920 33.7740 6.6618 12.9483 0.42 0.33 1.49 -0.42 AZAH # -3.1600 2.8200
-111.5570 33.4150 5.6772 11.9834 0.21 0.18 1.63 -0.53 AZAJ # -4.0700 1.9700
-111.0710 31.7300 6.7528 12.7460 0.19 0.17 1.07 -0.49 AZAM # -2.5300 2.9000
-112.1540 34.0570 6.3598 12.8580 0.34 0.38 1.85 -0.45 AZBC # -3.5200 2.6400
-114.6050 35.1070 4.8673 14.7861 0.19 0.16 2.37 -1.39 AZBH # -5.0600 3.7400
-112.6200 33.3700 5.7897 12.8569 0.15 0.13 2.04 -0.58 AZBK # -3.8400 2.4800
-110.8010 32.2590 6.9987 12.5527 0.20 0.20 1.25 -0.50 AZBR # -2.4700 2.8000
-110.9270 32.5010 6.2408 12.3363 0.33 0.31 1.33 -0.50 AZCA # -3.2900 2.5400
-111.7280 32.8800 6.5703 13.1421 0.36 0.30 1.65 -0.59 AZCG # -3.0000 3.0700
-111.9440 33.8320 6.0839 12.9161 0.18 0.18 1.74 -0.52 AZCK # -3.7500 2.7700
-111.5150 32.9840 6.8819 12.9989 0.24 0.25 1.29 -0.42 AZCL # -2.7400 3.0000
-107.9110 36.8400 9.7327 11.3310 0.20 0.18 0.48 -0.07 AZCN # -1.3800 2.5900
-109.9290 31.3910 6.9892 12.0899 0.18 0.16 0.96 -0.29 AZCO # -2.2900 2.6400
-109.5530 31.3450 6.7370 11.7487 0.24 0.24 0.96 -0.23 AZDG # -2.5600 2.4300
-114.3590 35.5330 4.8165 14.4439 0.24 0.20 1.99 -1.22 AZDS # -5.2600 3.4800
-110.7710 31.9600 6.2702 12.7623 0.34 0.40 1.18 -0.47 AZDT # -3.1100 3.0200
-111.6570 35.1770 7.0301 12.3377 0.17 0.17 1.44 -0.45 AZFL # -3.2300 2.2900
-114.5950 34.8520 4.5653 14.5928 0.17 0.16 2.50 -1.53 AZFM # -5.2900 3.5500
-112.7150 32.9470 6.3145 13.3292 0.20 0.17 1.94 -0.63 AZGA # -3.1800 2.9200
-110.7710 33.3950 5.9058 12.4123 0.18 0.17 1.43 -0.42 AZGB # -3.9100 2.6700
-112.3540 33.4530 5.3508 14.1263 0.28 0.24 1.82 -0.59 AZGE # -4.3300 3.8400
-111.7270 33.3130 6.0803 13.1117 0.28 0.24 1.62 -0.51 AZGI # -3.6200 3.0400
-110.8330 33.4430 6.9845 12.5338 0.23 0.25 1.43 -0.44 AZGL # -2.8400 2.7700
-114.2540 35.2540 4.4182 14.3087 0.21 0.17 2.20 -1.19 AZGV # -5.5900 3.3800
-114.0530 35.1900 4.7519 13.9613 0.42 0.34 2.87 -1.16 AZKG # -5.2600 3.1000
-114.3470 34.5080 4.6034 15.1698 0.18 0.23 2.40 -1.35 AZLH # -5.1800 4.2100
-112.0560 33.0280 6.4132 14.4144 0.20 0.24 1.76 -0.60 AZM1 # -3.1700 4.2300
-114.1540 35.3710 6.1028 15.1052 0.39 0.39 1.95 -1.34 AZMP # -3.9500 4.2100
-114.5960 32.6760 6.2036 15.8031 0.36 0.45 2.00 -0.32 AZNE # -3.0200 4.7600
-112.2780 33.6930 6.4396 13.1103 0.17 0.19 1.83 -0.58 AZPA # -3.3200 2.8500
-111.4630 36.9090 8.0446 11.7910 0.17 0.17 0.90 -0.44 AZPG # -2.7400 1.8100
-114.2920 34.1450 4.8942 14.7214 0.22 0.20 2.40 -1.29 AZPK # -4.7900 3.7800
-112.4610 34.6090 6.0515 12.9827 0.20 0.17 1.74 -0.57 AZPS # -3.9600 2.6600
-112.3180 34.5880 6.4599 13.2640 0.36 0.58 1.61 -0.42 AZPV # -3.5600 2.9900
-112.0470 33.4990 5.8547 12.4914 0.20 0.19 1.75 -0.58 AZPX # -3.8700 2.3100
-114.2270 33.6660 4.5719 15.0397 0.34 0.31 2.25 -1.09 AZQZ # -4.9800 4.1200
-109.2810 34.1320 7.4956 11.3635 0.21 0.18 1.12 -0.26 AZRV # -2.6800 2.1400
-116.6300 33.5400 -12.3472 33.2051 0.15 0.13 1.19 2.09 AZRY # -21.6000 21.4900
-109.7110 32.8020 6.8423 11.9939 0.52 0.42 1.32 -0.41 AZSA # -2.8900 2.6200
-111.9230 33.4920 4.9948 13.3289 0.48 0.30 1.46 -0.46 AZSC # -4.7400 3.1900
-109.7120 32.8020 7.3622 12.0543 0.18 0.17 1.15 -0.36 AZSF # -2.3700 2.6800
-112.8860 35.3290 5.6075 13.0173 0.42 0.31 2.25 -0.68 AZSG # -4.5700 2.5500
-111.6350 33.1680 6.4157 12.8701 0.18 0.20 1.66 -0.57 AZST # -3.2500 2.8300
-111.2410 34.2650 6.7516 12.1146 0.19 0.21 1.59 -0.42 AZSV # -3.2800 2.2100
-112.8740 33.4920 5.6804 13.6232 0.20 0.17 2.10 -0.63 AZTH # -3.9600 3.1600
-110.9640 32.1900 6.2028 12.3790 0.14 0.12 1.41 -0.48 AZTN # -3.2300 2.5700
-111.9380 33.4460 6.5896 12.9041 0.17 0.18 1.88 -0.56 AZTP # -3.1300 2.7600
-117.8960 34.1260 -14.1884 34.0660 0.14 0.13 -1.16 1.83 AZU1 # -23.4600 21.9400
-111.6200 33.4810 6.2909 12.9350 0.19 0.17 1.68 -0.53 AZUP # -3.4700 2.9000
-110.7700 31.9540 6.5384 12.6620 0.19 0.15 1.14 -0.46 AZVA # -2.8400 2.9200
-112.6620 33.8590 5.7503 12.8112 0.20 0.17 2.10 -0.60 AZWA # -4.0200 2.4200
-112.7450 33.9580 5.8011 12.4594 0.36 0.41 1.70 -0.52 AZWK # -3.9900 2.0400
-114.1470 34.8790 5.0321 14.2528 0.23 0.18 2.26 -1.20 AZYC # -4.8800 3.3600
-114.5270 32.6580 4.8055 14.7700 0.16 0.15 2.78 -0.78 AZYU # -4.4200 3.7500
-114.6420 32.6840 4.7711 15.6984 0.31 0.28 2.73 -0.82 AZYW # -4.4500 4.6400
-117.2050 40.4130 7.3441 16.2824 0.14 0.12 0.49 -2.06 BAMO # -3.7200 4.3800
-119.0300 33.4800 -20.2740 45.3590 0.17 0.12 -0.98 2.15 BAR1 # -29.2300 32.8700
-116.5120 36.4030 4.7414 16.3365 0.30 0.25 2.31 -1.34 BATM # -5.3300 4.6600
-117.2090 40.5160 8.0705 15.8737 0.14 0.18 0.02 -1.97 BATT # -3.0200 3.9700
-119.9820 34.5820 -17.1887 43.8600 0.20 0.15 -2.36 1.75 BBDM # -26.3300 31.0700
-111.5260 44.1850 13.1754 11.3027 0.16 0.17 -1.80 -1.76 BBID # 0.3900 1.3000
-116.8840 34.2640 -3.8409 25.7780 0.14 0.14 1.61 2.28 BBRY # -13.2700 13.9800
-118.2950 41.4390 8.9292 17.4043 0.46 0.40 -1.37 -1.67 BBUT # -2.2500 5.1500
-122.3300 49.0520 18.8052 19.2571 0.25 0.28 -2.19 -1.96 BCAB # 6.4700 5.7400
-123.0000 49.2510 18.8377 20.3704 0.30 0.30 -2.09 -1.84 BCBU # 6.5800 6.6500
-117.6530 49.3120 16.8632 15.5176 0.18 0.17 -2.06 -1.76 BCCG # 3.6800 3.4700
-122.0030 49.1470 17.0740 18.1671 0.23 0.23 -2.25 -1.97 BCCH # 4.6600 4.7500
-122.7910 49.2790 18.6816 20.1072 0.31 0.31 -2.14 -1.91 BCCQ # 6.3800 6.4500
-124.9840 49.7000 18.9235 22.6315 0.41 0.43 -1.40 -1.30 BCCY # 6.9400 8.3200
-123.0690 49.0320 18.9381 20.9613 0.38 0.33 -1.97 -1.81 BCDT # 6.7400 7.2200
-123.4290 48.4290 19.4629 20.9797 0.20 0.17 -1.29 -1.46 BCES # 7.4600 7.1300
-121.4410 49.3790 17.8236 18.9644 0.37 0.32 -2.25 -1.98 BCHO # 5.2600 5.7200
-119.4950 49.8850 17.4297 17.4465 0.29 0.30 -2.05 -1.86 BCKW # 4.4200 4.8100
-122.6570 49.1040 18.5880 20.2266 0.21 0.23 -2.16 -1.89 BCLC # 6.3000 6.6100
-123.1470 49.1150 19.7918 20.6448 0.19 0.20 -2.01 -1.79 BCLI # 7.5900 6.8800
-122.5390 49.2210 18.6744 19.2207 0.19 0.22 -2.21 -1.93 BCMR # 6.3400 5.6400
-123.9530 49.1840 19.2788 22.0965 0.37 0.36 -1.69 -1.47 BCNA # 7.2100 8.0900
-123.4510 48.6480 19.7362 21.1763 0.21 0.19 -1.52 -1.52 BCNS # 7.6900 7.3200
-119.5920 49.4990 16.1077 17.0071 0.42 0.41 -2.10 -1.89 BCPI # 3.2000 4.3400
-123.7630 49.4720 19.4250 21.0797 0.30 0.34 -1.89 -1.71 BCSC # 7.2600 7.1300
-122.8600 49.1920 19.0504 20.1481 0.17 0.18 -2.12 -1.85 BCSF # 6.7800 6.4700
-119.6440 49.5650 16.7836 17.3035 0.17 0.17 -2.15 -1.89 BCSL # 3.8700 4.6200
-123.8000 48.5590 20.8035 21.8008 0.27 0.23 -1.12 -1.25 BCSM # 8.8400 7.8400
-123.1540 49.6990 18.2653 20.9069 0.47 0.48 -2.05 -1.92 BCSQ # 5.9400 7.1400
-119.6820 49.6020 18.1754 17.7855 0.41 0.34 -2.13 -1.87 BCSU # 5.2600 5.0900
-114.8860 49.7330 16.8961 13.5798 0.39 0.30 -1.87 -1.49 BCSW # 3.1900 2.4400
-123.0830 49.0060 19.0500 20.2355 0.40 0.34 -1.97 -1.82 BCTS # 6.8600 6.4900
-123.0890 49.2760 19.3069 20.3273 0.21 0.22 -2.07 -1.84 BCVC # 7.0600 6.5800
-123.3920 48.4810 19.4208 21.3285 0.33 0.36 -1.40 -1.47 BCVI # 7.4000 7.4900
-119.4060 34.9200 -12.0939 34.6683 0.14 0.12 -0.82 0.60 BCWR # -21.4000 22.0600
-122.9550 50.1310 18.0933 19.0268 0.35 0.34 -2.04 -1.92 BCWS # 5.6400 5.3200
-113.4060 44.3160 13.6531 12.8234 0.15 0.15 -1.61 -1.18 BCYI # 1.0700 2.1800
-117.3500 48.9870 16.6067 15.5895 0.16 0.17 -2.09 -1.76 BDRY # 3.4500 3.6400
-114.0800 37.5180 7.1898 13.6904 0.23 0.22 0.96 -1.03 BDSP # -3.4800 2.8200
-116.6210 37.0400 5.3438 16.3422 0.14 0.12 1.62 -1.55 BEAT # -4.8900 4.6300
-119.8280 39.8250 3.5380 21.3715 0.16 0.17 -0.16 -2.29 BEDE # -7.0100 8.6300
-117.7830 35.5580 -1.6271 25.2396 0.18 0.17 3.05 -0.82 BEER # -11.3100 13.1500
-117.7090 39.2670 6.5348 16.7757 0.17 0.17 0.60 -1.87 BEES # -4.1600 4.7100
-122.4790 48.7550 18.8641 19.6425 0.16 0.17 -2.17 -1.86 BELI # 6.6200 6.0800
-115.9980 34.0010 0.6855 18.6478 0.14 0.12 3.31 -0.81 BEMT # -8.7700 7.1400
-121.3150 44.0570 15.0298 21.2255 0.17 0.15 -3.14 -2.92 BEND # 3.6600 8.0200
-118.0740 35.8780 -1.5451 24.4933 0.15 0.12 2.36 -0.47 BEPK # -11.2800 12.3100
-120.4480 39.6020 2.0622 22.9760 1.04 0.76 0.14 -2.49 BERR # -8.3400 10.0400
-122.1250 47.6170 19.0354 20.1445 0.19 0.18 -1.83 -1.95 BFIR # 6.9800 6.6900
-119.8290 40.7290 6.5585 20.5819 0.15 0.12 -1.09 -2.06 BFLO # -4.2200 7.8400
-119.6760 38.8540 1.4986 24.0436 0.16 0.16 0.45 -2.38 BFLT # -8.8200 11.3500
-118.1600 33.9670 -16.9142 37.6609 0.16 0.14 -1.27 2.36 BGIS # -26.1100 25.4500
-120.1180 39.3790 1.3722 23.2827 0.09 0.09 0.27 -2.42 BHIL # -9.0200 10.4500
-118.9890 47.9330 16.8227 16.8060 0.17 0.17 -2.26 -1.96 BIGD # 4.1700 4.3300
-118.3380 37.1680 1.9218 23.6781 0.92 0.73 0.60 -1.74 BIGP # -8.1300 11.4100
-116.8250 39.2860 6.9763 16.1088 0.15 0.17 0.69 -2.15 BIGS # -3.8400 4.3300
-107.9960 45.9710 15.6038 9.8311 0.15 0.14 -1.32 -0.59 BIL5 # 1.9400 1.0600
-107.9970 45.9710 16.1737 10.1915 0.15 0.17 -1.32 -0.59 BIL6 # 2.5100 1.4200
-117.0650 33.5780 -15.1659 35.8569 0.13 0.12 0.46 2.46 BILL # -24.3800 24.0000
-124.2530 47.5390 23.1106 27.5557 0.39 0.41 2.30 -1.12 BILS # 11.4500 13.4600
-115.4290 35.9580 5.0854 15.1900 0.23 0.18 2.13 -1.59 BIRD # -4.9900 3.8700
-116.0800 35.2870 3.8109 16.8348 0.14 0.13 2.48 -2.60 BKAP # -6.0000 5.3000
-118.0950 33.9620 -18.3579 38.9900 0.16 0.16 -1.18 2.13 BKMS # -27.5600 26.8000
-119.2950 39.7960 4.9660 20.1531 0.14 0.13 -0.20 -2.17 BLAC # -5.6500 7.5800
-118.5040 37.7580 4.3784 22.5812 0.16 0.19 0.98 -2.29 BLIN # -5.8100 10.2600
-106.7920 34.6600 9.3521 10.6132 0.28 0.24 0.78 -0.07 BLN1 # -1.2000 2.2700
-121.8500 44.2460 15.4881 23.2602 0.68 0.57 -2.99 -3.10 BLNP # 4.1600 9.8900
-119.0930 40.7700 7.6848 18.5790 0.28 0.30 -1.35 -1.78 BLRK # -3.2100 6.0700
-118.0290 33.8000 -17.7254 38.6888 0.17 0.13 -0.82 2.43 BLSA # -26.8900 26.5200
-118.0470 40.9490 8.3581 16.9946 0.13 0.15 -1.27 -1.62 BLUM # -2.7300 4.8200
-122.1830 47.5990 17.7814 20.9622 0.38 0.44 -1.91 -1.91 BLVU # 5.7400 7.4900
-109.5580 42.7670 13.4247 11.6505 0.13 0.11 -1.04 -0.55 BLW2 # 0.7900 2.3300
-121.0490 42.4070 10.9136 21.6731 0.20 0.18 -2.66 -2.44 BLY1 # -0.1000 8.5500
-122.9280 48.0160 18.9927 21.2187 0.32 0.33 -1.46 -1.75 BLYN # 6.9900 7.5200
-114.7150 33.6100 4.5837 14.9928 0.13 0.12 2.19 -1.29 BLYT # -4.9000 3.9100
-116.0530 34.2510 1.6006 18.1359 0.14 0.13 4.15 -1.34 BMHL # -7.9200 6.6100
-116.9850 33.9630 -7.3776 29.6009 0.25 0.19 1.19 3.21 BMRY # -16.7100 17.7700
-121.3080 44.0890 15.2585 21.5833 0.30 0.28 -3.07 -2.92 BNDM # 3.8800 8.3800
-117.2360 33.2580 -18.0462 39.0525 0.31 0.27 -0.21 2.10 BNSL # -27.1500 27.1400
-116.9820 39.4480 6.8689 16.3099 0.15 0.18 0.90 -2.20 BOBS # -3.9700 4.4800
-120.0450 39.4110 1.2908 22.6898 0.24 0.20 0.25 -2.36 BOCA # -9.1200 9.8800
-118.9690 38.2160 1.5581 23.3796 0.09 0.12 0.79 -2.39 BODI # -8.6900 10.9100
-119.3820 40.2720 6.2761 19.5307 0.11 0.08 -0.80 -2.08 BOIL # -4.4500 6.9300
-117.1770 37.2250 5.3653 17.6634 0.17 0.13 1.26 -2.11 BONI # -4.8500 5.7700
-120.4280 39.5310 1.5069 23.0198 0.52 0.29 0.20 -2.48 BONT # -8.8800 10.0900
-119.9560 39.4760 2.5302 23.0218 0.21 0.25 0.19 -2.34 BOOM # -7.9100 10.2400
-114.7880 35.9070 5.2646 14.8871 0.22 0.15 1.92 -1.33 BOUL # -4.8700 3.7800
-120.3270 46.8830 16.5126 18.3882 0.20 0.25 -2.34 -2.21 BPKT # 4.3200 5.4900
-111.8240 33.3720 5.5786 13.5850 0.23 0.23 1.89 -0.57 BRA1 # -4.1300 3.4800
-119.0510 39.7770 5.2552 19.6857 0.19 0.16 -0.14 -2.14 BRAD # -5.3900 7.1900
-118.2770 34.1850 -14.7975 36.1385 0.15 0.12 -1.76 2.34 BRAN # -24.0400 23.8900
-115.5220 32.9780 1.3135 20.4408 0.27 0.30 1.20 -1.56 BRAW # -7.9000 9.0900
-120.1090 41.2300 7.8139 20.7099 0.43 0.27 -1.51 -2.06 BRBR # -3.0500 7.8800
-119.6830 48.1320 16.5649 17.3158 0.13 0.12 -2.37 -1.96 BREW # 3.9800 4.6200
-122.1530 37.9190 -7.5034 34.6830 0.18 0.18 1.89 -3.54 BRIB # -17.2300 21.2200
-119.3110 38.2070 -0.2105 25.0782 0.18 0.16 0.82 -2.41 BRID # -10.4100 12.5000
-123.0160 49.2700 19.3989 20.5253 0.32 0.37 -2.09 -1.89 BRN3 # 7.1400 6.8000
-123.0220 49.2750 18.7089 20.0771 0.28 0.24 -2.27 -1.80 BRNB # 6.4500 6.3500
-118.1910 44.4400 14.0061 16.8709 0.38 0.40 -2.38 -2.21 BRNT # 2.0600 4.6500
-117.9430 39.1690 6.6076 17.0711 0.12 0.15 0.35 -1.74 BROK # -4.0300 4.9300
-118.5770 34.6820 -10.7061 33.4546 0.15 0.13 0.57 0.81 BRPK # -20.0500 21.1100
-120.0410 38.4940 0.0542 25.8185 0.38 0.32 0.90 -2.42 BRVL # -10.1200 13.0100
-112.5310 44.7400 14.2548 12.2766 0.26 0.24 -1.63 -1.18 BSNC # 1.4500 1.9300
-112.8630 44.5780 14.3206 12.3595 0.23 0.20 -1.64 -1.17 BSPC # 1.6000 1.9000
-117.0120 34.9190 -0.0117 23.7297 0.14 0.12 1.34 -0.27 BSRY # -9.6100 11.8900
-122.1320 47.5540 18.4502 21.1166 0.17 0.14 -1.78 -1.95 BSUM # 6.4100 7.6600
-118.1880 34.2930 -13.3367 34.5099 0.16 0.15 -1.66 1.98 BTDM # -22.6200 22.2900
-122.7970 45.4860 17.1986 24.2790 0.23 0.18 -1.42 -2.66 BTON # 5.7400 10.6200
-120.1960 34.6130 -20.3475 46.0072 0.37 0.31 -2.54 1.40 BUEG # -29.4700 33.1500
-112.6280 44.6960 13.9411 11.8496 0.28 0.27 -1.60 -1.19 BUEH # 1.1600 1.4700
-117.2660 40.3610 6.8822 16.3323 0.13 0.14 0.74 -2.16 BUFF # -4.1600 4.4100
-116.8720 36.9180 4.9093 16.8441 0.20 0.18 1.81 -1.63 BULL # -5.2600 5.0500
-104.3530 41.1880 13.4827 9.0953 0.19 0.21 -0.52 -0.11 BUR5 # 0.7800 1.6300
-117.8440 42.7800 11.8340 16.6492 0.13 0.11 -2.00 -1.88 BURN # 0.2500 4.5400
-119.8390 40.5190 5.7337 20.9050 0.12 0.14 -0.90 -2.11 BURR # -4.9900 8.1600
-116.4510 36.7450 4.9233 16.0765 0.21 0.16 1.97 -1.43 BUST # -5.2500 4.4200
-118.5550 37.3460 1.8114 23.7275 0.13 0.12 0.60 -1.99 BUTM # -8.2600 11.3900
-119.8410 41.4790 8.6760 20.0356 0.16 0.16 -1.68 -1.99 BUTT # -2.2900 7.2900
-120.2370 39.5650 2.0530 22.4600 0.35 0.28 0.13 -2.44 BVAL # -8.3700 9.5900
-119.3480 35.1570 -11.0320 31.7099 0.15 0.11 2.94 -2.52 BVPP # -20.4100 19.1200
-118.5540 34.4130 -13.6077 34.2272 0.22 0.20 -1.71 2.32 CA00 # -22.8800 21.8900
-116.0520 34.1360 1.1380 19.1356 0.34 0.38 3.60 -0.70 CA29 # -8.3500 7.6100
-120.6540 35.4710 -15.2259 48.0603 0.41 0.35 -3.59 0.13 CAAT # -24.5200 35.0600
-116.0730 35.2760 2.4386 17.3525 0.37 0.31 4.72 -2.69 CAB5 # -7.3700 5.8200
-117.2830 34.1040 -10.5624 30.0378 0.31 0.27 0.34 3.85 CABD # -19.9000 18.1100
-124.5630 42.8360 18.5886 32.1875 0.14 0.12 -2.12 -2.26 CABL # 8.0400 18.0000
-117.0500 34.8940 -0.0132 24.9321 0.32 0.33 1.79 0.83 CABS # -9.6000 13.0800
-114.6100 33.6090 4.6346 15.8778 0.45 0.35 2.20 -1.26 CABY # -4.8600 4.8300
-116.4060 33.7990 -6.3381 26.9118 0.26 0.22 1.88 0.80 CAC1 # -15.6900 15.2700
-117.9890 35.1000 -2.7688 28.0759 0.27 0.17 3.37 0.06 CAC2 # -12.3000 15.9200
-124.1840 41.7460 10.5757 32.8552 0.21 0.21 1.01 -4.65 CACC # 0.2200 18.7800
-121.8050 39.7140 -0.3682 25.5064 0.32 0.24 0.51 -2.99 CACH # -10.6000 12.1500
-116.9440 32.7460 -19.1793 39.3376 0.40 0.38 -0.74 2.28 CACJ # -28.1700 27.5200
-116.4750 32.6250 -19.3322 39.8544 0.28 0.24 -1.32 1.04 CACM # -28.3400 28.1900
-121.2290 40.3100 1.2671 24.8089 0.64 0.37 -0.30 -2.62 CACR # -9.2000 11.6300
-115.9900 33.6550 -2.7126 21.6852 0.14 0.13 2.29 0.45 CACT # -12.0700 10.1800
-115.5270 32.6720 -8.4858 36.3525 0.25 0.23 0.73 -0.75 CACX # -17.6100 25.0000
-122.5050 37.7280 -11.4630 44.4904 0.26 0.24 -0.19 -0.42 CADY # -21.0900 30.9200
-115.2300 34.7510 4.0159 15.3441 0.20 0.18 2.97 -2.06 CAE1 # -5.7400 4.0900
-115.2300 34.7510 3.9559 15.2641 0.19 0.18 2.97 -1.98 CAE2 # -5.8000 4.0100
-115.5650 32.7910 -10.1653 32.4550 0.23 0.19 0.83 -1.67 CAEC # -19.3200 21.0900
-120.7030 40.4220 4.4931 22.6656 0.30 0.39 -0.53 -2.36 CAEL # -6.0800 9.6500
-124.1360 40.8050 7.8791 37.9409 0.40 0.35 2.48 -3.16 CAEU # -2.2600 23.8800
-121.4310 41.0180 5.9432 23.3913 0.41 0.32 -1.02 -2.49 CAFM # -4.6700 10.1500
-121.9250 37.4700 -12.1758 41.3032 0.42 0.34 1.53 -2.65 CAFT # -21.8200 27.9100
-117.8270 34.1280 -13.6497 34.5137 0.17 0.27 -1.00 1.82 CAGD # -22.9300 22.4100
-114.9430 32.7120 3.6578 15.5487 0.27 0.28 2.35 -0.87 CAGW # -5.5400 4.3900
-122.4900 37.5060 -14.3675 47.7158 0.21 0.20 -1.29 1.21 CAHB # -23.9400 34.1500
-117.1270 32.5750 -19.5887 40.7471 0.21 0.20 -0.98 1.80 CAIB # -28.5100 28.8700
-118.4870 35.6030 -3.2020 25.5658 0.34 0.30 2.34 -0.83 CAIS # -12.8100 13.2500
-118.2420 34.1080 -15.5647 35.7573 0.24 0.28 -1.37 2.60 CAL5 # -24.7900 23.5200
-118.8720 34.8060 -10.9284 33.3987 0.33 0.34 1.24 0.18 CAL8 # -20.2700 20.9600
-118.1290 38.5960 5.5611 18.6310 0.14 0.25 0.32 -1.95 CALA # -4.9000 6.4300
-117.7140 33.6350 -17.0747 38.9673 0.28 0.24 -0.42 2.50 CALK # -26.2300 26.9000
-116.7740 39.6880 6.8400 16.1921 0.15 0.15 0.94 -2.08 CALL # -4.0900 4.4300
-118.1470 34.6490 -7.6129 31.5868 0.24 0.26 2.02 0.22 CALS # -17.0000 19.3800
-119.0730 38.7920 3.7055 22.4527 0.19 0.19 0.18 -2.44 CAMB # -6.6800 9.9500
-122.3140 41.3140 5.8003 24.5522 0.38 0.38 -0.97 -2.73 CAMS # -4.7500 11.0400
-121.8200 36.5800 -18.8013 48.0010 0.16 0.17 -0.41 1.52 CAMT # -28.2300 34.6400
-120.4340 35.9390 -1.5020 36.6117 0.45 0.38 -0.14 -2.22 CAND # -10.9500 23.6800
-115.5170 33.2370 1.8291 14.4292 0.36 0.36 1.39 -1.13 CANI # -7.4600 3.0800
-115.2920 32.9330 4.0352 16.1446 0.25 0.20 1.45 -1.14 CAOR # -5.1900 4.8700
-117.3780 33.1980 -18.1695 39.0486 0.20 0.18 -0.35 2.36 CAOS # -27.2400 27.0900
-119.1740 34.1910 -18.3048 42.7348 0.51 0.34 -1.75 2.46 CAOX # -27.4400 30.2000
-122.2220 37.7140 -11.2757 42.1841 0.21 0.19 1.47 -2.71 CAP1 # -20.9400 28.7000
-122.1500 37.3950 -13.0871 43.7821 0.36 0.36 0.25 -0.79 CAP6 # -22.6800 30.3200
-118.2800 33.7470 -17.4100 41.0195 0.19 0.17 -1.05 2.44 CAPE # -26.5300 28.7700
-121.9020 37.6960 -5.9045 32.8362 0.22 0.27 1.95 -3.15 CAPL # -15.6100 19.4500
-120.8240 38.6970 -0.8035 26.8533 0.40 0.32 0.84 -2.57 CAPV # -10.9200 13.8000
-116.8670 33.0430 -17.9857 38.4325 0.20 0.22 -0.37 1.59 CARA # -27.0700 26.6400
-111.3190 38.5150 9.9496 12.4815 0.24 0.20 0.35 -0.43 CARE # -1.3100 2.5500
-121.3130 38.7900 -1.1698 25.4949 0.17 0.16 1.06 -2.91 CARK # -11.2400 12.2900
-120.4310 35.8880 -11.6052 45.8607 0.38 0.26 -0.24 -2.13 CARR # -21.0400 32.9300
-119.7990 39.1450 1.7269 23.6124 0.23 0.21 0.34 -2.33 CARS # -8.6500 10.8800
-117.9130 33.7590 -17.2832 38.5815 0.47 0.31 -0.71 2.14 CAS4 # -26.4500 26.4500
-117.1220 32.8140 -19.1798 39.6955 0.19 0.17 -0.82 2.00 CASD # -28.1700 27.8200
-117.4040 33.4550 -16.7096 38.5570 0.22 0.19 -0.15 2.48 CASE # -25.8500 26.5900
-119.2370 40.8330 7.2303 19.0247 0.29 0.32 -1.35 -1.84 CASI # -3.6600 6.4700
-116.9710 33.8070 -10.1202 32.6464 0.22 0.18 0.87 2.21 CASJ # -19.4100 20.8200
-118.4720 34.0180 -16.3173 39.6510 0.19 0.20 -1.46 2.43 CASM # -25.4900 27.3400
-119.8450 34.4160 -18.3066 44.0869 0.21 0.19 -2.21 1.75 CASN # -27.4200 31.3400
-122.7470 38.4410 -8.7480 44.1839 0.21 0.19 1.56 -3.53 CASR # -18.5200 30.5400
-110.6770 39.1910 10.9601 11.7098 0.12 0.11 0.05 -0.35 CAST # -0.5600 2.0000
-122.0550 36.9590 -17.1859 47.5731 0.23 0.24 -0.52 1.65 CASZ # -26.6800 34.1400
-118.3340 33.3120 -19.6881 43.3368 0.13 0.11 -0.78 2.36 CAT2 # -28.6800 31.0700
-118.4830 33.4460 -19.6582 43.4745 0.14 0.11 -0.76 2.42 CAT3 # -28.6700 31.1600
-117.1780 33.5140 -17.1069 36.8837 0.24 0.22 0.10 2.42 CATE # -26.2900 24.9900
-123.3670 46.1970 17.9616 24.9310 0.20 0.21 -0.28 -2.27 CATH # 6.4400 11.1000
-120.1700 39.3360 1.7138 24.5390 0.51 0.29 0.20 -2.31 CATK # -8.6600 11.6900
-117.3230 34.5110 -4.8028 27.2007 0.19 0.17 1.57 0.63 CAVI # -14.2500 15.2600
-115.7350 33.0700 -4.5729 32.3712 0.48 0.44 0.80 -0.71 CAWS # -13.7900 20.9500
-118.8330 34.1590 -17.0219 41.1263 0.22 0.21 -1.69 2.43 CAWV # -26.1900 28.7000
-117.3180 33.1210 -18.3245 40.2191 0.17 0.17 -0.37 2.05 CBAD # -27.3800 28.2800
-118.6300 34.1390 -16.3728 39.9415 0.14 0.12 -1.71 2.44 CBHS # -25.5600 27.5800
-122.1910 47.6140 18.5533 21.0947 0.20 0.18 -1.78 -1.94 CBLV # 6.5100 7.6200
-117.6710 35.5650 -1.3514 24.4534 0.15 0.12 2.67 -0.49 CCCC # -11.0500 12.4000
-118.2110 33.8760 -14.2257 40.5873 0.23 0.17 -1.21 2.54 CCCO # -23.3900 28.3600
-117.8650 33.8630 -16.8584 37.9860 0.20 0.22 -0.74 2.53 CCCS # -26.0600 25.8700
-117.9790 46.3210 16.4637 16.2927 0.29 0.31 -2.28 -1.99 CCPW # 4.0300 4.1400
-122.4000 37.7490 -12.2225 44.0884 0.28 0.21 0.70 -1.77 CCSF # -21.8700 30.5500
-119.0130 34.8060 -12.9259 33.3436 0.18 0.20 0.34 0.23 CCST # -22.2500 20.8600
-105.2450 38.4380 11.4222 9.3880 0.22 0.23 0.01 -0.03 CCTY # -0.4000 1.6000
-115.0390 36.1100 5.7633 14.4707 0.23 0.21 1.94 -1.54 CCWR # -4.4000 3.2800
-119.3480 39.1020 4.0287 22.1399 0.13 0.14 0.16 -2.29 CCYN # -6.4000 9.5500
-116.3360 34.8290 2.1021 19.1389 0.14 0.12 1.72 -3.00 CDMT # -7.5500 7.5200
-112.8600 40.6810 9.3772 12.5185 0.14 0.11 -0.52 -0.77 CEDA # -2.3100 2.0600
-114.0410 35.4650 5.9022 14.2873 0.14 0.14 1.88 -1.03 CERB # -4.1900 3.4300
-117.8210 36.5360 1.3665 21.5818 0.10 0.08 2.43 -2.09 CERR # -8.5800 9.4800
-117.9650 34.2440 -13.3937 33.4882 0.19 0.20 -1.24 1.74 CGDM # -22.6900 21.3400
-107.9770 30.3650 7.2372 12.0144 0.51 0.43 0.77 -0.21 CGIG # -1.8800 3.2500
-122.1190 37.7240 -7.5184 37.4826 0.19 0.20 1.80 -3.39 CHAB # -17.2000 24.0300
-122.7760 48.0110 19.1486 20.9827 0.16 0.15 -1.57 -1.83 CHCM # 7.1200 7.3300
-112.7170 44.6480 14.1174 11.8099 0.28 0.29 -1.63 -1.21 CHCN # 1.3600 1.4000
-119.9900 47.8320 17.2058 17.5125 0.17 0.16 -2.37 -2.01 CHEL # 4.7400 4.7200
-121.7860 43.2240 13.4556 22.6706 0.18 0.18 -3.27 -2.92 CHEM # 2.3600 9.3200
-104.8100 41.1180 13.0129 9.0109 0.20 0.18 -0.51 -0.12 CHEY # 0.3700 1.3800
-118.2070 37.8380 4.4787 20.5360 0.14 0.14 0.92 -2.32 CHIA # -5.7700 8.3100
-106.0870 28.6620 7.8069 9.9509 0.32 0.27 0.53 -0.19 CHIH # -0.9000 1.8600
-118.0260 34.3330 -12.4261 33.7878 0.14 0.12 -1.29 1.71 CHIL # -21.7400 21.6200
-109.3660 32.0060 7.1477 11.8833 0.23 0.21 1.03 -0.34 CHIR # -2.3700 2.6300
-116.7660 36.7470 4.7154 16.7095 0.22 0.17 2.06 -1.51 CHLO # -5.4200 4.9500
-121.9950 49.1440 18.7147 20.8847 0.47 0.43 -2.24 -1.96 CHLW # 6.3000 7.4700
-117.8280 34.6400 -5.9469 29.8341 0.16 0.15 2.19 -0.08 CHMS # -15.3700 17.7300
-117.0620 39.7200 6.7206 16.2760 0.19 0.20 1.17 -2.16 CHNA # -4.1800 4.4200
-121.6650 39.4330 -0.0281 25.5434 0.18 0.16 0.57 -3.11 CHO5 # -10.2100 12.2300
-121.6650 39.4330 -0.1781 25.2334 0.17 0.14 0.59 -3.12 CHO6 # -10.3600 11.9200
-120.7350 35.3330 -16.8635 49.1456 0.28 0.24 -2.72 0.40 CHOR # -26.1100 36.1200
-122.9100 46.6120 17.3443 22.6132 0.52 0.47 -0.85 -2.08 CHST # 5.6500 8.9200
-121.9540 49.1530 18.6139 19.0321 0.30 0.33 -2.28 -2.02 CHW2 # 6.1900 5.6300
-122.0080 49.1570 18.3853 19.0087 0.14 0.13 -2.30 -1.96 CHWK # 5.9700 5.5900
-123.9780 45.4870 19.4354 27.2039 0.17 0.14 0.16 -2.02 CHZZ # 8.1800 13.1900
-116.6660 31.8710 -21.0707 42.1069 0.27 0.18 -0.05 1.59 CIC1 # -29.8400 30.3800
-116.6670 31.8710 -20.7408 41.3172 0.51 0.41 -0.15 1.36 CICE # -29.5100 29.5900
-118.8850 39.8050 5.5156 19.3129 0.26 0.22 -0.13 -2.11 CINN # -5.1600 6.8700
-118.9370 34.1100 -17.6981 41.9594 0.14 0.12 -1.72 2.29 CIRX # -26.8400 29.5000
-118.1270 34.1370 -13.7629 35.4103 0.16 0.13 -1.57 2.21 CIT1 # -23.0100 23.2100
-117.4240 34.2710 -5.3020 30.2235 0.55 0.34 0.53 1.27 CJMG # -14.6700 18.2500
-117.4790 34.3140 -8.3464 30.1013 0.16 0.14 0.47 1.59 CJMS # -17.7200 18.1100
-118.1440 34.5300 -10.9855 34.0058 0.33 0.31 0.36 1.12 CJVG # -20.3400 21.8000
-112.0910 34.7870 6.6515 12.9064 0.24 0.18 1.62 -0.51 CLA3 # -3.4500 2.7100
-117.8970 39.6650 6.6245 17.3663 0.22 0.21 0.04 -2.43 CLAN # -4.1500 5.2400
-117.7090 34.1100 -13.4307 33.8857 0.14 0.13 -0.90 2.31 CLAR # -22.7200 21.8200
-117.3110 33.1350 -18.3497 39.3369 0.18 0.17 -0.40 2.12 CLBD # -27.4100 27.4000
-109.4170 32.8460 7.3117 11.7212 0.21 0.17 1.12 -0.32 CLIF # -2.4600 2.4500
-120.5490 39.7680 1.3899 23.6376 0.52 0.37 0.02 -2.51 CLIO # -9.0400 10.6700
-114.8740 40.5580 8.5068 13.9458 0.15 0.13 -0.38 -1.29 CLOV # -2.9000 2.8100
-124.1310 48.8200 19.7185 21.7995 0.18 0.17 -1.26 -1.10 CLRS # 7.7600 7.7400
-115.2580 36.2150 4.8476 15.5634 0.20 0.21 2.05 -1.50 CLV1 # -5.3200 4.3000
-115.2710 36.3180 4.8550 14.2777 0.49 0.39 3.31 -1.23 CLV2 # -5.3400 3.0100
-115.3500 36.1820 5.3276 15.2039 0.38 0.31 2.71 -1.36 CLV3 # -4.8200 3.9100
-120.3860 38.0340 -1.5035 25.6267 0.15 0.13 1.37 -2.52 CMBB # -11.5100 12.7100
-124.3960 40.4420 1.0403 49.8581 0.17 0.17 1.89 -2.52 CME5 # -8.9700 35.7200
-124.3960 40.4410 0.8900 50.6181 0.21 0.21 2.13 -2.58 CME6 # -9.1200 36.4800
-118.4110 34.3530 -13.7869 35.1914 0.14 0.12 -1.81 2.27 CMP9 # -23.0600 22.9000
-116.5270 32.6870 -18.7900 38.5714 0.32 0.40 -0.95 0.98 CMPO # -27.8100 26.8900
-108.7900 40.0770 12.4383 10.7912 0.20 0.21 -0.27 -0.25 CNC1 # 0.4700 1.7400
-121.7490 48.5390 18.0854 19.1692 0.17 0.18 -2.31 -1.96 CNCR # 5.7600 5.8300
-106.6250 35.0760 9.0733 10.3336 0.26 0.21 0.65 -0.08 CNM1 # -1.6200 2.0500
-117.6090 33.8580 -14.5697 36.5334 0.14 0.12 -0.37 2.49 CNPP # -23.8000 24.5000
-106.8550 39.1960 11.8427 9.9557 0.20 0.21 -0.08 -0.09 COA3 # -0.0600 1.5900
-105.8760 37.4600 10.5272 10.0052 0.34 0.42 0.33 -0.02 COA5 # -0.9500 1.9900
-115.1230 32.8630 5.0828 16.0486 0.22 0.21 1.98 -1.23 COAG # -4.1400 4.8300
-118.3460 40.2500 7.1458 17.6106 0.10 0.14 -1.20 -1.64 COAL # -3.7200 5.3400
-105.2030 40.0640 11.8336 9.1529 0.22 0.20 -0.30 -0.08 COBD # -0.4700 1.3800
-104.3320 40.6390 12.8257 9.3777 0.34 0.33 -0.41 -0.08 COBE # 0.2800 1.9200
-106.0480 39.5300 12.0434 9.6369 0.39 0.31 -0.14 -0.06 COBK # -0.0300 1.5600
-104.2180 39.7080 12.2133 8.9463 0.35 0.31 -0.22 -0.03 COBY # -0.0700 1.5300
-104.2980 39.0380 11.6989 9.1253 0.20 0.19 -0.14 -0.03 COCA # -0.3800 1.6800
-105.2980 39.5400 12.0025 9.2671 0.33 0.32 -0.18 -0.05 COCF # -0.1400 1.4600
-119.2410 39.6050 4.5241 20.4660 0.18 0.15 -0.02 -2.19 COF1 # -6.0500 7.9100
-105.1600 40.5930 12.7408 9.2973 0.18 0.16 -0.42 -0.10 COFC # 0.2800 1.5400
-103.8250 40.2680 12.4899 8.7034 0.24 0.18 -0.36 -0.06 COFG # 0.0100 1.4300
-104.8040 40.0790 12.4325 9.2487 0.35 0.46 -0.29 -0.06 COFN # 0.0900 1.6200
-104.7040 40.3780 12.3782 9.1025 0.21 0.20 -0.37 -0.09 COGR # -0.0600 1.5100
-104.8870 39.6100 12.0983 9.2487 0.20 0.23 -0.22 -0.05 COGW # -0.1000 1.5900
-115.7290 32.8510 -12.6556 35.2192 0.28 0.21 0.39 -1.27 COKG # -21.8100 23.8000
-117.8510 39.4110 5.6238 16.6215 0.17 0.16 1.43 -1.68 COLD # -5.0900 4.5100
-105.1050 40.4020 12.1804 9.4975 0.31 0.29 -0.35 -0.08 COLN # -0.2300 1.7600
-118.0540 38.0890 4.9559 18.7869 0.14 0.15 0.85 -2.10 COLU # -5.3800 6.6100
-117.9030 48.5450 16.7176 15.6382 0.16 0.16 -2.19 -1.82 COLV # 3.7500 3.5100
-120.1810 45.2380 15.1415 19.1825 0.19 0.18 -2.60 -2.52 COND # 3.3100 6.3300
-119.1720 38.1250 -0.0133 24.9541 0.14 0.13 0.89 -2.38 CONW # -10.2100 12.4200
-111.5180 32.9770 6.3695 12.8099 0.20 0.19 1.58 -0.55 COOL # -3.2500 2.8100
-112.1210 40.6530 10.1864 12.2767 0.15 0.14 -0.50 -0.65 COON # -1.5800 2.0700
-118.1970 39.9150 5.8491 17.4728 0.10 0.13 -0.00 -1.54 COPP # -4.9500 5.2500
-119.8800 34.4150 -18.8012 43.4779 0.14 0.17 -2.25 1.78 COPR # -27.9100 30.7200
-104.6140 38.2720 11.2852 8.8299 0.18 0.18 0.02 -0.01 COPU # -0.5400 1.2700
-123.3050 44.5860 16.9458 25.6324 0.14 0.15 -1.38 -2.96 CORV # 5.7800 11.8200
-117.2480 32.4150 -20.5980 41.9064 0.21 0.19 -0.52 2.31 CORX # -29.4600 29.9900
-111.8820 33.5690 6.6217 13.7449 0.20 0.19 1.60 -0.48 COSA # -3.1400 3.6200
-104.7810 38.9600 11.7359 9.4504 0.25 0.22 -0.09 -0.02 COSG # -0.2800 1.8300
-117.8810 36.0630 1.2496 22.6412 0.15 0.14 2.96 -0.13 COSJ # -8.5600 10.5200
-103.2260 40.6200 12.5814 9.0249 0.29 0.29 -0.40 -0.06 COSL # -0.0500 1.9700
-110.9720 32.2240 6.6725 12.8018 0.16 0.13 1.02 -0.42 COT1 # -2.7700 2.9900
-110.8310 32.2370 6.3193 12.8631 0.17 0.19 1.11 -0.44 COT2 # -3.1400 3.1000
-116.3870 33.7320 -7.6150 28.7956 0.17 0.15 1.84 1.07 COTD # -16.9500 17.1600
-119.3420 41.5910 9.2273 19.0580 0.16 0.18 -1.70 -1.92 COTT # -1.8400 6.4700
-122.2610 46.0590 17.3505 21.3660 0.23 0.23 -1.70 -2.49 COUG # 5.6700 7.8700
-122.6860 48.2170 19.5097 21.4054 0.18 0.16 -1.76 -1.82 COUP # 7.4200 7.7800
-124.9960 49.6900 19.9891 22.0850 0.22 0.27 -1.39 -1.29 COUR # 8.0100 7.7700
-112.8440 38.6240 8.5312 12.1730 0.22 0.23 0.41 -0.73 COVE # -2.5900 1.7200
-105.7860 39.9170 12.2094 9.3928 0.29 0.22 -0.27 -0.08 COWI # 0.0000 1.4100
-114.6210 32.7010 4.7783 15.3914 0.35 0.34 2.54 -0.80 COYA # -4.4500 4.3400
-117.5730 35.0720 -1.2361 26.6217 0.12 0.10 2.60 -0.27 CPBN # -10.8100 14.6000
-120.3140 47.4300 17.3504 17.9941 0.22 0.20 -2.39 -2.06 CPUD # 5.0300 5.1000
-122.2570 46.8400 18.3784 21.6448 0.17 0.14 -1.52 -2.21 CPXF # 6.5200 8.1500
-122.2570 46.8400 17.8984 21.7348 0.16 0.12 -1.50 -2.26 CPXX # 6.0400 8.2400
-115.7690 49.5220 16.9546 14.1824 0.24 0.21 -1.94 -1.57 CRA4 # 3.4300 2.7500
-116.8180 37.0810 5.3207 16.7865 0.15 0.12 1.57 -1.68 CRAM # -4.9000 5.0100
-116.5690 36.8080 5.1863 16.2452 0.23 0.18 1.91 -1.48 CRAT # -4.9900 4.5500
-112.6350 43.8300 12.8153 11.8320 0.15 0.14 -1.70 -1.30 CRBG # 0.2600 1.4500
-120.7510 35.7920 -12.0332 49.6305 0.15 0.13 -1.85 -0.27 CRBT # -21.4000 36.6000
-117.1000 34.0390 -8.7394 29.6083 0.13 0.14 0.82 3.04 CRFP # -18.0800 17.7400
-119.7250 35.2420 -10.3769 34.5991 0.25 0.22 0.21 -0.71 CRGG # -19.7300 21.8900
-118.2730 33.8240 -17.2776 39.6272 0.18 0.17 -1.16 2.37 CRHS # -26.4200 27.3800
-115.6690 49.6000 17.6879 13.5694 1.30 0.82 -2.01 -1.54 CRNB # 4.1300 2.1700
-110.2570 31.3480 6.8176 12.2541 0.28 0.21 0.99 -0.34 CRND # -2.4200 2.6900
-122.9130 46.2750 16.6779 23.1541 0.21 0.17 -0.92 -2.29 CROK # 5.0600 9.4600
-117.5030 38.7340 6.7304 16.7791 0.16 0.18 0.34 -1.98 CRPL # -3.8500 4.7800
-115.7350 33.0700 -5.1629 30.7612 0.13 0.13 1.00 -0.60 CRRS # -14.3800 19.3400
-119.7850 34.0290 -19.4448 46.7480 0.14 0.12 -1.74 1.72 CRU1 # -28.4600 34.0200
-120.0100 39.2490 1.1241 23.4588 0.27 0.25 0.33 -2.37 CRYS # -9.2500 10.6600
-119.0390 34.1680 -17.9646 42.6319 0.14 0.11 -1.84 2.18 CSCI # -27.1100 30.1400
-118.2570 33.8610 -17.7354 39.4221 0.15 0.11 -1.19 2.40 CSDH # -26.8900 27.1800
-121.7320 46.8710 16.7751 21.2040 0.49 0.43 -1.90 -2.20 CSHQ # 4.8200 7.8700
-121.7320 46.8710 17.0151 20.6240 0.45 0.40 -1.99 -2.16 CSHR # 5.0600 7.2900
-121.8600 37.3190 -11.9355 41.9233 0.19 0.18 1.75 -2.36 CSJB # -21.5500 28.5500
-122.2360 47.3810 17.4535 20.9984 0.18 0.14 -1.62 -1.96 CSKI # 5.4700 7.5100
-118.5240 34.2540 -14.8481 38.2476 0.14 0.12 -1.93 2.51 CSN1 # -24.0800 25.9200
-119.3710 34.4080 -17.2295 38.9672 0.14 0.13 -2.40 1.93 CSST # -26.4000 26.3700
-117.6580 49.2580 16.7801 15.7592 0.23 0.24 -2.05 -1.76 CST1 # 3.6100 3.7100
-118.6130 34.5170 -12.3961 33.6761 0.14 0.12 -1.63 1.98 CTDM # -21.6900 21.3200
-107.7560 37.1530 8.9998 10.2961 0.19 0.19 0.45 -0.10 CTI4 # -2.2200 1.6100
-105.1930 39.7220 12.0748 9.2092 0.22 0.19 -0.25 -0.06 CTMC # -0.1300 1.4400
-116.3700 34.1240 -0.6315 22.4400 0.14 0.13 3.43 1.23 CTMS # -10.0800 10.8100
-122.8940 42.3770 11.4553 26.0784 0.20 0.14 -2.41 -3.10 CTPT # 0.7400 12.3900
-119.6740 34.9430 -13.2415 40.8130 0.37 0.34 -2.30 1.93 CUHS # -22.5200 28.1200
-121.6870 47.9750 17.4511 19.5102 0.38 0.40 -2.13 -1.97 CULM # 5.2400 6.1900
-123.2200 47.4230 19.0004 22.6868 0.19 0.19 -0.57 -1.83 CUSH # 7.1800 8.9000
-117.9020 34.0820 -15.3614 35.0579 0.18 0.13 -1.17 2.17 CVHS # -24.6200 22.9300
-122.4960 45.6110 17.2582 23.6776 0.19 0.14 -1.69 -2.60 CVO1 # 5.7200 10.1100
-115.4190 32.2250 -16.6747 39.6767 0.28 0.20 -0.65 1.12 DAEX # -25.6800 28.3600
-118.3970 34.3340 -15.2205 33.3670 0.52 0.39 -1.97 2.25 DAM1 # -24.4900 21.0800
-118.3970 34.3350 -13.7302 35.0870 0.24 0.17 -1.92 2.48 DAM2 # -23.0000 22.8000
-118.3970 34.3340 -14.4105 34.8770 0.24 0.19 -1.75 2.33 DAM3 # -23.6800 22.5900
-120.7720 35.2540 -16.5894 49.0971 0.23 0.22 -2.68 0.53 DAPK # -25.8100 36.0600
-120.5780 39.9560 3.0035 22.6366 0.23 0.38 -0.11 -2.47 DAVI # -7.4700 9.6600
-120.4190 42.7910 11.5345 20.3070 0.17 0.18 -2.74 -2.37 DBLO # 0.3300 7.3800
-120.8450 35.2120 -17.1703 49.7798 0.20 0.22 -2.65 0.58 DCAN # -26.3700 36.7200
-123.3420 43.2110 13.8198 26.8135 0.19 0.17 -2.68 -3.54 DCSO # 2.9800 12.9900
-111.5280 40.4130 11.9382 12.2734 0.23 0.19 -0.38 -0.62 DCUT # 0.1700 2.2700
-123.2440 43.1190 13.7143 26.5040 0.15 0.12 -2.72 -3.47 DDSN # 2.8800 12.7100
-122.4800 48.7530 18.6835 19.5128 0.41 0.35 -2.31 -1.82 DEA2 # 6.4400 5.9500
-119.0910 38.0510 -0.7919 24.7584 0.21 0.16 0.85 -2.30 DECH # -10.9800 12.2500
-123.9260 47.4690 21.3444 25.0084 0.23 0.22 0.75 -1.63 DEEJ # 9.6400 11.0100
-118.0470 37.3430 3.5966 21.5046 0.12 0.11 0.82 -2.85 DEEP # -6.5400 9.3300
-116.6420 32.8300 -18.8316 38.8790 0.15 0.14 -0.73 1.25 DESC # -27.8800 27.1600
-114.4840 35.9170 5.7019 13.8257 0.21 0.18 1.83 -1.20 DETR # -4.4700 2.8200
-116.2800 36.4380 4.6991 16.0905 0.11 0.08 2.30 -1.39 DEVL # -5.4100 4.4900
-115.7880 33.3900 -3.7364 22.1787 0.15 0.12 1.66 0.13 DHLG # -13.0400 10.7400
-121.9160 37.8790 -3.8095 30.3505 0.15 0.14 1.92 -3.42 DIAB # -13.5600 16.9600
-120.4730 40.2040 3.4617 22.4339 0.25 0.21 -0.41 -2.39 DIAM # -7.0900 9.4900
-110.3800 37.9140 9.8869 11.7268 0.23 0.21 0.45 -0.30 DIRT # -1.3000 2.1200
-118.2100 39.5400 6.0893 16.8470 0.57 0.62 -0.38 -0.65 DIXI # -4.6100 4.6200
-123.0150 49.1340 19.2299 20.2950 0.26 0.32 -2.03 -1.83 DLTA # 7.0000 6.5700
-117.3070 33.4310 -17.5153 38.3956 0.18 0.17 -0.11 2.45 DLUZ # -26.6600 26.4600
-117.2170 32.9280 -18.2480 39.4963 0.38 0.42 -0.52 1.89 DMAR # -27.2600 27.5900
-117.1640 48.1370 16.4486 15.1891 0.18 0.18 -2.11 -1.78 DMND # 3.4600 3.3000
-118.7660 38.0500 2.4614 23.4249 0.26 0.21 1.22 -1.96 DOBI # -7.7700 11.0200
-119.6900 37.2640 -2.6207 24.8780 0.27 0.20 1.15 -2.75 DOND # -12.5200 12.1800
-119.0180 36.6920 -0.9745 25.3852 0.25 0.23 0.85 -2.42 DONO # -10.8100 12.9000
-119.7630 39.1560 2.1348 22.8011 0.27 0.20 0.30 -2.35 DOT1 # -8.2500 10.0800
-120.1470 40.0260 3.2937 21.9718 0.13 0.13 -0.29 -2.30 DOYL # -7.2600 9.1300
-119.6250 49.3230 16.7730 17.5075 0.27 0.26 -2.17 -1.88 DR2O # 3.9100 4.8300
-119.6250 49.3220 17.2927 17.4475 0.21 0.23 -2.17 -1.89 DRA3 # 4.4300 4.7700
-119.6240 49.3230 17.0631 17.1672 0.22 0.23 -2.17 -1.88 DRA4 # 4.2000 4.4900
-119.6250 49.3230 16.7730 16.7475 0.12 0.12 -2.30 -1.88 DRAO # 3.9100 4.0700
-117.3300 38.6070 6.6090 16.4430 0.12 0.11 0.52 -2.04 DRYC # -3.9600 4.5000
-119.8520 40.4010 4.9818 20.9591 0.11 0.11 -0.76 -2.14 DRYV # -5.7100 8.2100
-116.7910 35.2480 2.3065 21.2277 0.30 0.26 2.52 -1.25 DS13 # -7.4100 9.4600
-118.3490 34.0240 -16.0409 38.6816 0.27 0.22 -1.62 2.53 DSHS # -25.2300 26.4100
-117.2500 33.0360 -18.6009 39.3671 0.14 0.12 -0.43 2.12 DSME # -27.6400 27.4500
-105.2610 39.9910 12.1173 9.0938 0.15 0.13 -0.31 -0.07 DSRC # -0.1600 1.3000
-116.7120 33.7330 -8.7416 30.6119 0.16 0.13 1.37 2.24 DSSC # -18.0400 18.8700
-117.8460 35.2670 -1.6451 26.6999 0.29 0.25 2.98 0.08 DTPG # -11.2400 14.5900
-117.3090 37.3140 5.1929 17.8462 0.23 0.17 1.08 -2.30 DUNF # -5.0300 5.9100
-119.7700 38.7640 0.1721 24.4233 0.24 0.24 0.58 -2.39 DVAL # -10.1100 11.7000
-114.0390 44.3830 13.5073 13.8466 0.35 0.31 -1.88 -1.37 DVCG # 0.9900 2.9900
-117.0010 33.7010 -14.1336 34.5861 0.25 0.19 0.80 2.81 DVLE # -23.3900 22.7500
-117.0670 33.6580 -15.1534 35.0176 0.20 0.18 0.57 2.55 DVLW # -24.3900 23.1600
-116.9940 33.6940 -14.1948 34.3338 0.37 0.29 0.78 2.63 DVNE # -23.4500 22.5000
-117.8600 34.4130 -10.5240 32.7044 0.16 0.17 -0.15 1.02 DVPB # -19.8800 20.5900
-118.1480 47.6560 16.4427 16.2171 0.15 0.16 -2.25 -1.94 DVPT # 3.7200 4.0100
-122.0800 47.7740 20.5282 19.4807 0.35 0.39 -2.10 -1.54 DWH1 # 8.4300 6.0400
-118.0390 37.7430 4.8352 19.5720 0.23 0.17 0.83 -2.36 DYER # -5.4100 7.4000
-118.1270 33.9380 -17.3584 37.4103 0.23 0.21 -1.17 2.15 DYH2 # -26.5500 25.2100
-118.1260 33.9380 -19.6383 37.5200 0.22 0.22 -1.40 2.57 DYHS # -28.8300 25.3200
-116.3670 36.1920 3.7303 16.5190 0.11 0.11 2.41 -1.38 EAGL # -6.3000 4.8900
-119.8160 38.5480 -0.5205 25.3678 0.39 0.39 0.68 -2.35 EBBS # -10.7400 12.6300
-122.2840 37.8150 -10.5289 42.9030 0.16 0.14 1.51 -2.96 EBMD # -20.2100 29.4000
-106.8480 39.6520 11.8156 9.6332 0.16 0.17 -0.18 -0.11 EC01 # -0.2200 1.2700
-118.3290 33.8870 -16.4867 40.2952 0.37 0.27 -1.34 2.60 ECCO # -25.6400 28.0300
-117.4120 33.6480 -15.8160 37.2696 0.14 0.12 -0.04 2.58 ECFS # -25.0100 25.3000
-114.2640 37.9160 7.0795 13.7621 0.13 0.11 0.82 -1.02 ECHO # -3.6800 2.8300
-117.3150 40.9010 7.9466 17.1481 0.38 0.29 -0.92 -2.00 EDNA # -3.2300 5.2100
-118.8300 34.9460 -10.2047 30.9953 0.14 0.14 3.16 -0.77 EDPP # -19.5900 18.5700
-114.9390 39.3450 7.6914 13.9674 0.14 0.12 0.29 -1.32 EGAN # -3.3800 2.8100
-120.7870 43.0310 12.6763 21.2918 0.21 0.17 -2.97 -2.54 EGLI # 1.4700 8.2500
-114.5220 37.3550 6.8828 13.9484 0.62 0.68 1.13 -1.19 ELGI # -3.6900 2.9300
-117.9280 45.5650 15.9397 16.7963 0.36 0.24 -2.33 -2.04 ELGN # 3.6800 4.6600
-115.8170 40.9150 8.3005 14.7882 0.12 0.10 -0.60 -1.46 ELKO # -3.0800 3.3400
-118.2080 34.0300 -15.4924 35.8863 0.14 0.12 -1.41 2.23 ELSC # -24.7000 23.6600
-117.4260 33.6490 -16.7373 37.7641 0.27 0.26 -0.07 2.65 ELSG # -25.9300 25.7900
-122.7610 47.4980 18.3980 21.2981 0.16 0.14 -1.24 -1.88 ELSR # 6.4800 7.6500
-118.4260 34.7030 -9.1019 30.4263 0.24 0.29 2.06 0.59 ELTN # -18.4700 18.1300
-118.4540 34.5990 -8.2940 34.2052 0.34 0.35 -0.14 1.34 ELTS # -17.6300 21.9000
-116.2280 43.5590 12.5696 15.0034 0.28 0.27 -1.97 -1.66 EM01 # 0.5600 3.4200
-112.9270 44.0740 13.5020 12.1712 0.20 0.17 -1.71 -1.27 EMIG # 0.9200 1.6900
-120.5370 39.4620 0.5136 24.1438 0.47 0.43 0.31 -2.51 ENGL # -9.8400 11.1800
-117.2880 45.4310 15.2830 15.7394 0.18 0.18 -2.27 -1.93 ENTR # 2.9600 3.8100
-121.9560 47.2060 17.3725 20.8727 0.18 0.18 -1.78 -2.07 ENUM # 5.3800 7.4700
-119.7700 34.4510 -21.1476 42.2033 0.41 0.36 -2.38 1.79 EOCG # -30.2800 29.4800
-111.9290 41.2530 11.9528 12.1110 0.16 0.13 -0.75 -0.71 EOUT # 0.0000 1.9700
-117.8810 37.9200 5.4733 18.3112 0.14 0.15 0.79 -2.26 EPAS # -4.8400 6.1900
-119.5450 47.3290 16.5033 17.3723 0.15 0.15 -2.36 -2.07 EPHR # 4.0800 4.7200
-107.5680 40.5130 12.5341 10.4894 0.18 0.19 -0.40 -0.20 EPP1 # 0.3200 1.8700
-115.8230 33.1160 -8.6392 29.0902 0.22 0.22 0.84 -0.92 ERRG # -17.8600 17.6400
-117.1180 33.1290 -18.0195 38.9442 0.26 0.21 -0.31 1.92 ESCN # -27.1000 27.0700
-116.9940 33.6750 -13.5202 35.1038 0.19 0.18 0.68 2.14 ESE2 # -22.7700 23.2700
-117.0670 33.6820 -14.5866 34.9176 0.22 0.19 0.56 2.35 ESRW # -23.8300 23.0600
-120.5830 41.8650 8.9415 21.1782 0.27 0.25 -2.04 -2.21 EVER # -2.0100 8.2000
-118.6380 38.6930 4.5786 20.7741 0.17 0.18 0.09 -2.51 EWLK # -5.8400 8.4100
-117.5260 34.1040 -12.7309 33.8265 0.14 0.12 -0.43 2.28 EWPP # -22.0400 21.8200
-120.5800 43.1470 13.0066 20.8973 0.39 0.39 -2.93 -2.51 FAND # 1.7400 7.9200
-123.0010 37.6970 -15.2832 50.5207 0.14 0.11 -2.09 2.29 FARB # -24.8300 36.8000
-118.7340 40.5130 7.4297 18.2347 0.17 0.14 -1.37 -1.71 FARR # -3.4500 5.8400
-120.3080 40.0770 3.9435 22.8523 0.21 0.33 -0.31 -2.36 FERI # -6.6000 9.9600
-112.4550 35.3420 6.7165 13.0907 0.13 0.11 1.59 -0.46 FERN # -3.5100 2.7700
-118.2590 34.0510 -14.6926 39.9427 0.56 0.65 -1.43 2.30 FGNW # -23.9000 27.7000
-118.2590 34.0510 -18.8926 38.4927 0.41 0.51 -1.32 2.43 FGSE # -28.1000 26.2500
-120.0090 34.7330 -18.3711 43.5485 0.15 0.12 -2.48 1.80 FGST # -27.5500 30.7500
-118.2590 34.0510 -15.0226 36.7427 0.53 0.48 -1.28 2.44 FGSW # -24.2300 24.5000
-116.9360 34.0940 -6.0249 27.2250 0.21 0.23 1.51 2.02 FHOG # -15.4000 15.4100
-118.2080 38.7760 5.0583 18.5163 0.24 0.26 1.16 -1.86 FING # -5.4400 6.2900
-119.0900 39.9040 5.5126 19.5081 0.25 0.26 -0.33 -2.15 FIRE # -5.1600 7.0000
-118.0060 37.5670 5.0722 20.6514 0.13 0.11 0.87 -2.77 FISH # -5.1300 8.4900
-118.0930 40.3320 7.6720 17.1294 0.23 0.27 -1.35 -1.37 FITT # -3.2500 4.9400
-120.5890 42.0220 9.6394 20.7801 0.23 0.19 -2.21 -2.22 FITZ # -1.3500 7.8000
-105.1030 40.1650 12.3217 9.3068 0.21 0.20 -0.32 -0.08 FLA2 # -0.0200 1.5700
-111.6490 35.2020 7.2782 13.1250 0.24 0.25 1.44 -0.44 FLAG # -2.9900 3.0800
-119.8200 40.1580 4.9244 21.0490 0.18 0.19 -0.52 -2.20 FLAN # -5.7100 8.3100
-118.4630 38.3040 4.5891 20.6381 0.10 0.10 0.77 -2.27 FLAT # -5.7500 8.3300
-120.2800 40.4180 4.9641 21.6535 0.16 0.15 -0.69 -2.26 FLEM # -5.6700 8.7700
-118.7640 39.4670 4.9544 19.3343 0.15 0.14 0.19 -2.13 FLN1 # -5.6500 6.9300
-118.8940 34.4100 -14.8201 37.0357 0.14 0.18 -2.26 2.19 FMTP # -24.0500 24.5900
-118.8840 34.3560 -16.2437 40.8425 0.13 0.14 -2.11 2.16 FMVT # -25.4600 28.4000
-104.7000 38.6830 11.8205 9.1310 0.20 0.19 -0.06 -0.03 FNT1 # -0.1200 1.5400
-113.8050 39.3690 8.0456 13.2879 0.12 0.11 0.16 -0.94 FOOT # -3.1700 2.5100
-111.4400 49.4760 16.8390 11.6031 0.18 0.18 -1.68 -1.12 FOR3 # 2.7100 1.6300
-111.3800 40.5120 11.7023 12.1025 0.15 0.14 -0.42 -0.59 FORE # -0.1100 2.1500
-120.7920 41.1090 6.6821 21.9733 0.15 0.16 -1.23 -2.29 FOST # -4.0500 8.9300
-120.6880 43.3640 13.1925 20.4509 0.19 0.18 -3.01 -2.60 FOUR # 1.8900 7.4400
-118.2410 34.7340 -7.6907 31.2269 0.20 0.20 2.92 0.27 FOXG # -17.0900 18.9900
-119.4720 40.5750 6.5108 19.6492 0.13 0.14 -1.06 -2.00 FOXR # -4.2800 7.0200
-112.4990 36.9880 8.2769 12.7857 0.12 0.10 1.00 -0.51 FRED # -2.4200 2.4500
-120.2220 39.8840 2.6767 22.5453 0.25 0.40 -0.15 -2.38 FREN # -7.8300 9.6800
-121.9600 47.0080 17.0572 20.9040 0.43 0.33 -1.75 -2.22 FRFX # 5.1100 7.5000
-118.6370 39.3570 4.9131 20.2537 0.21 0.19 0.01 -2.30 FRG2 # -5.6800 7.8900
-123.0180 48.5350 19.4799 20.6259 0.26 0.28 -1.88 -1.66 FRID # 7.3800 6.9000
-115.8000 32.9450 -12.0561 34.9226 0.18 0.17 0.51 -1.05 FSHB # -21.2300 23.4800
-122.2880 49.1380 18.3214 19.2743 1.84 0.81 -2.41 -1.94 FSRH # 5.9600 5.7700
-123.9560 46.2050 20.8201 26.6473 0.14 0.12 0.77 -2.08 FTS5 # 9.4000 12.6400
-123.9560 46.2050 20.5401 26.4473 0.16 0.13 0.79 -2.10 FTS6 # 9.1200 12.4400
-117.9360 33.6620 -17.1731 41.0789 0.14 0.28 -0.53 2.75 FVPK # -26.3100 28.9400
-117.2220 44.2920 13.8623 15.8480 0.18 0.19 -2.20 -1.90 FWBD # 1.8100 3.9400
-118.3590 34.0810 -17.9462 36.6148 0.22 0.19 -1.63 2.44 FXHS # -27.1500 24.3400
-118.8930 34.8000 -11.8126 33.2054 0.16 0.14 0.93 0.21 FZHS # -21.1500 20.7600
-117.9160 38.9700 6.8086 17.0524 0.21 0.16 -0.03 -1.64 GABB # -3.7800 4.9200
-114.7390 36.2190 5.4585 14.6708 0.20 0.15 1.77 -1.24 GALE # -4.7700 3.5800
-119.3560 40.4170 6.8070 19.5025 0.12 0.10 -0.97 -2.02 GARC # -3.9600 6.9100
-114.9410 36.1610 5.5390 14.8981 0.19 0.16 1.86 -1.35 GARD # -4.6500 3.7400
-119.3550 40.4170 7.0671 19.6722 0.14 0.11 -0.96 -2.01 GARL # -3.7000 7.0800
-118.9790 40.6260 7.5041 18.5328 0.13 0.08 -1.30 -1.77 GARR # -3.3700 6.0600
-122.7160 39.6550 -1.3699 26.3745 0.33 0.35 1.23 -3.61 GASB # -11.4500 12.7400
-112.0640 43.9860 13.0672 11.5272 0.15 0.15 -1.75 -1.45 GBIG # 0.4000 1.3400
-121.4390 44.5650 15.4602 21.9238 0.37 0.39 -2.91 -2.92 GBN1 # 3.9900 8.6800
-121.5650 44.5590 15.6983 22.2826 0.40 0.55 -2.90 -2.93 GBN2 # 4.2500 9.0000
-121.7130 44.5480 16.0416 22.1982 0.45 0.46 -2.86 -2.97 GBN3 # 4.6200 8.8700
-122.1020 44.5680 16.3825 23.2374 0.39 0.43 -2.67 -3.06 GBN4 # 5.0200 9.7900
-122.2360 44.6020 16.7583 23.3584 0.37 0.58 -2.60 -3.05 GBN5 # 5.4100 9.8700
-121.4230 44.4250 15.8497 20.8988 0.36 0.38 -2.98 -2.91 GBN6 # 4.4100 7.6600
-112.1290 36.0480 7.2457 12.6594 0.27 0.28 1.32 -0.47 GCES # -3.2200 2.4500
-102.1800 37.7750 11.9716 8.7717 0.21 0.19 -0.09 0.01 GDAC # 0.1100 2.1000
-119.8640 35.1890 -12.5291 38.4829 0.14 0.13 -1.94 1.28 GDEC # -21.8500 25.7300
-119.7010 39.3840 3.9625 22.2515 0.48 0.37 0.20 -2.29 GEIG # -6.4900 9.5500
-117.2980 37.7450 5.7212 17.4626 0.14 0.18 0.84 -2.20 GEMF # -4.6200 5.5300
-117.1620 39.0890 7.2797 16.2685 0.38 0.32 0.43 -2.15 GEND # -3.4400 4.3800
-116.6880 38.2220 6.6978 16.3541 0.19 0.16 0.76 -2.02 GEOR # -3.8500 4.6200
-119.3610 40.6500 6.8958 19.0441 0.25 0.20 -1.15 -1.95 GERL # -3.9300 6.4500
-117.3980 34.2040 -9.2278 30.1751 0.23 0.17 0.14 2.16 GHRP # -18.5800 18.2100
-105.0760 41.1580 12.9910 9.1970 0.21 0.18 -0.52 -0.13 GILC # 0.3600 1.4700
-118.5090 38.6730 4.8907 20.4428 0.15 0.16 0.14 -2.49 GILL # -5.5400 8.1200
-120.0050 39.6280 2.8423 22.8172 0.29 0.33 0.08 -2.33 GIRL # -7.6300 10.0200
-117.2180 34.0690 -9.6147 31.5567 0.27 0.23 0.53 2.06 GISA # -18.9500 19.6500
-111.6210 37.0360 8.8646 12.3753 0.23 0.21 0.86 -0.43 GLCA # -1.9400 2.3400
-121.2890 46.0200 16.8046 19.8574 0.52 0.38 -2.39 -2.47 GLNW # 4.9700 6.6600
-115.5210 33.2750 2.0996 15.6005 0.14 0.11 1.55 -1.01 GLRS # -7.2000 4.2500
-121.2890 46.0200 16.3946 20.4174 0.24 0.21 -2.25 -2.51 GLWD # 4.5600 7.2200
-116.3830 34.2910 0.1944 21.9043 0.26 0.23 3.36 0.62 GMAG # -9.3000 10.2700
-114.8270 33.0510 5.1290 15.5201 0.15 0.12 1.76 -0.68 GMPK # -4.1800 4.4000
-115.6600 34.7840 3.4868 16.1864 0.14 0.14 3.20 -2.45 GMRC # -6.2300 4.7900
-114.1890 34.3090 5.3928 14.9169 0.14 0.13 2.44 -1.06 GNPS # -4.3500 4.0100
-114.0680 36.5270 6.9319 14.2463 0.24 0.17 1.45 -0.98 GOAT # -3.4600 3.3800
-120.8150 45.8390 16.1605 19.8105 0.14 0.12 -2.49 -2.49 GOBS # 4.2900 6.7600
-116.8890 35.4250 2.3643 21.5796 0.14 0.13 2.48 -1.25 GOL2 # -7.3900 9.7800
-116.8890 35.4250 2.2543 21.5196 0.14 0.13 2.38 -1.13 GOLD # -7.5000 9.7200
-117.6000 40.4620 8.0334 16.6904 0.17 0.21 -0.84 -1.80 GOLM # -2.9900 4.6600
-120.8020 45.8290 16.1603 19.8364 0.16 0.15 -2.43 -2.51 GOLY # 4.2900 6.7900
-112.3640 33.4650 5.2633 13.6497 0.33 0.35 1.90 -0.56 GOO1 # -4.4200 3.3600
-114.1800 40.6400 8.9357 13.3539 0.14 0.11 -0.48 -1.08 GOSH # -2.5800 2.4500
-111.8970 39.9140 9.6482 12.8900 0.21 0.18 -0.18 -0.63 GOUT # -1.9400 2.7600
-120.4160 36.3990 -0.4773 29.2460 0.20 0.18 1.06 -2.99 GR8R # -10.0500 16.3200
-119.0490 40.0870 5.9156 19.3550 0.17 0.14 -0.62 -2.06 GRAN # -4.8100 6.8600
-120.6050 41.3500 7.5602 21.7351 0.20 0.15 -1.54 -2.22 GRAV # -3.2600 8.7500
-117.6650 48.1440 16.6222 15.7615 0.16 0.18 -2.18 -1.84 GRCK # 3.7100 3.7100
-119.6920 38.9120 1.0015 22.7787 0.20 0.17 0.42 -2.38 GRDV # -9.3300 10.0800
-115.5240 33.2780 1.2602 14.9315 0.37 0.35 1.50 -1.36 GRES # -8.0400 3.5800
-123.0230 46.7950 18.0856 23.2474 0.18 0.19 -0.67 -2.04 GRMD # 6.3700 9.5200
-122.1270 48.1950 17.6934 19.9451 0.34 0.26 -2.22 -1.89 GRP4 # 5.5100 6.4900
-111.4220 42.9380 12.6375 11.6069 0.19 0.18 -1.27 -0.99 GRRG # 0.1700 1.6400
-120.7870 45.3640 15.6839 20.1018 0.18 0.17 -2.58 -2.63 GRSV # 3.9200 7.0600
-107.3280 39.5470 11.6202 10.2542 0.16 0.16 -0.15 -0.12 GSC1 # -0.3400 1.7200
-111.4040 37.7990 9.2865 12.2407 0.18 0.18 0.58 -0.44 GSES # -1.7600 2.2800
-123.2970 42.4340 11.5036 27.1100 0.18 0.15 -2.11 -3.40 GTPS # 0.8400 13.3000
-113.2410 43.2440 11.8156 12.6976 0.12 0.10 -1.63 -1.20 GTRG # -0.5100 2.1100
-119.4830 42.0160 9.7934 19.1427 0.30 0.35 -2.00 -1.98 GUAN # -1.3600 6.5100
-118.2900 28.8840 -29.8113 48.5027 0.23 0.19 -0.25 1.18 GUAX # -37.5400 36.2500
-113.8020 37.2900 7.6176 13.7969 0.20 0.17 1.07 -0.92 GUNL # -3.0200 3.0200
-118.1130 34.0470 -15.6063 36.2658 0.15 0.12 -1.37 2.22 GVRS # -24.8300 24.0700
-121.3280 45.7830 16.9732 20.5395 0.19 0.15 -2.38 -2.55 GWN5 # 5.2000 7.3300
-121.3270 45.7830 16.6234 20.2692 0.18 0.16 -2.38 -2.55 GWN6 # 4.8500 7.0600
-121.7880 47.2910 17.2905 20.7012 0.22 0.19 -1.91 -2.07 HAHD # 5.2500 7.3500
-117.1000 44.8720 14.6836 15.8583 0.18 0.19 -2.24 -1.90 HALF # 2.4700 3.9900
-114.1730 46.1950 16.2464 13.6016 0.33 0.35 -1.88 -1.41 HAML # 3.2900 2.7000
-118.3480 38.9740 6.7418 19.4013 0.23 0.18 -0.42 -2.58 HAND # -3.7900 7.1300
-116.8980 38.0980 6.2176 16.5526 0.24 0.20 0.80 -2.07 HANN # -4.2700 4.7500
-117.2990 35.0120 -0.0599 25.7530 0.28 0.22 2.17 0.10 HAR7 # -9.6500 13.8200
-113.2690 33.3470 5.8076 14.1471 0.21 0.20 2.10 -0.67 HARQ # -3.7500 3.5500
-120.6820 34.4690 -19.8586 48.7491 0.19 0.22 -2.17 1.06 HARV # -28.8800 35.7400
-119.0480 39.5870 4.6064 19.7647 0.25 0.24 0.04 -2.12 HAZE # -5.9900 7.2700
-118.2860 33.7840 -16.1203 40.9614 0.21 0.14 -1.02 2.56 HBCO # -25.2500 28.7100
-116.4300 34.7550 1.4403 19.8897 0.14 0.12 1.15 -2.32 HCMN # -8.1800 8.2400
-121.4700 40.8160 4.6872 23.1333 0.16 0.13 -0.63 -2.56 HCRO # -5.8700 9.8800
-120.7290 40.7830 5.4900 22.5437 0.53 0.30 -0.90 -2.33 HEAV # -5.1700 9.5200
-111.3730 40.5140 11.7737 12.0401 0.27 0.22 -0.45 -0.51 HEBE # -0.0400 2.0900
-119.0230 36.6790 -0.4986 27.2568 0.26 0.34 0.85 -2.45 HELB # -10.3300 14.7700
-116.9790 36.7240 4.3728 17.4190 0.33 0.30 2.08 -1.47 HELL # -5.7300 5.5900
-120.5340 39.5180 0.7684 23.6429 0.43 0.36 0.23 -2.49 HENN # -9.6000 10.6800
-117.3260 34.5100 -4.4734 27.3417 0.48 0.35 1.58 0.42 HFVV # -13.9200 15.4000
-122.9210 47.0190 17.1534 21.4466 0.33 0.36 -0.82 -1.95 HGP1 # 5.3700 7.7500
-118.5310 38.8410 5.7320 20.3499 0.27 0.15 -0.21 -2.57 HIDD # -4.7400 8.0200
-116.1530 36.2830 4.8212 15.9588 0.18 0.15 2.22 -1.35 HIGH # -5.2600 4.4000
-115.1770 37.6970 6.7204 14.4565 0.16 0.19 1.03 -1.34 HIKO # -3.8700 3.2200
-120.4620 35.2710 -15.4243 46.5704 0.22 0.26 -2.72 0.69 HIMT # -24.6900 33.6300
-117.7990 34.7600 -5.0200 29.1247 0.19 0.15 2.40 -0.20 HIVI # -14.4800 17.0300
-105.0040 40.5750 12.2293 9.3810 0.20 0.18 -0.40 -0.09 HIX1 # -0.2400 1.6800
-114.4140 43.5630 12.8168 13.3423 0.18 0.18 -1.92 -1.45 HLID # 0.5600 2.3600
-123.1090 44.3780 16.2508 24.8933 0.25 0.24 -1.91 -3.14 HLSY # 5.1000 11.1400
-117.0020 33.7080 -13.6218 34.2264 0.22 0.21 0.59 2.35 HMTG # -22.8800 22.3900
-117.7160 33.6500 -16.8108 39.5079 0.29 0.36 -0.42 2.25 HNA1 # -25.9700 27.4400
-115.6350 33.7050 1.9011 16.4882 0.15 0.14 2.41 -1.04 HNPS # -7.5100 5.1000
-116.8390 38.5030 6.6245 16.3533 0.26 0.20 0.67 -2.02 HNTS # -3.9800 4.5700
-117.8450 34.4580 -9.1796 31.6196 0.16 0.13 0.49 0.83 HOL3 # -18.5500 19.5100
-117.8450 34.4580 -9.6096 31.8596 0.32 0.27 0.39 0.84 HOLC # -18.9800 19.7500
-118.1680 33.9250 -16.9769 37.7935 0.14 0.12 -1.20 2.33 HOLP # -26.1600 25.5800
-117.9240 38.4590 5.8618 18.3950 0.56 0.59 1.09 -2.38 HOLT # -4.5900 6.2600
-114.9010 35.0480 4.7075 15.1748 0.15 0.12 2.45 -1.59 HOME # -5.1700 4.0300
-119.9370 40.0800 4.3377 21.2158 0.16 0.23 -0.41 -2.26 HONY # -6.2600 8.4400
-116.7850 33.1050 -15.5488 37.2457 0.56 0.52 -0.18 1.45 HOOT # -24.6600 25.4800
-123.0750 38.9950 -9.4483 41.3831 0.17 0.13 1.13 -4.09 HOPB # -19.3100 27.6400
-120.4950 40.5920 5.2565 22.5807 0.24 0.25 -0.82 -2.31 HORS # -5.3900 9.6300
-117.4740 41.1540 9.0505 17.2397 0.25 0.21 -1.08 -1.88 HOTS # -2.1700 5.2500
-113.1000 43.7130 12.5061 12.4499 0.20 0.18 -1.71 -1.27 HPIG # 0.0400 1.9100
-117.6080 43.8660 12.8802 16.0630 0.36 0.32 -2.23 -1.99 HRPR # 0.9900 4.0300
-119.5640 42.2470 10.3291 19.4683 0.40 0.36 -2.15 -2.06 HRTM # -0.8700 6.8100
-122.3690 37.5920 -12.3081 44.0290 0.34 0.26 -0.00 -0.70 HSIB # -21.9200 30.5000
-120.9660 47.1920 17.4473 18.0474 0.55 0.57 -2.31 -2.14 HTCH # 5.2900 4.9500
-114.0190 35.7390 5.9231 14.3299 0.14 0.19 1.79 -1.00 HUAL # -4.2500 3.4800
-119.7540 39.6890 3.3336 21.4382 0.20 0.17 -0.07 -2.28 HUNG # -7.1900 8.7200
-113.5750 37.0640 7.6295 13.9005 0.24 0.22 1.11 -0.67 HURR # -2.9700 3.2000
-119.1880 34.4410 -16.0778 37.0392 0.14 0.13 -2.44 1.91 HVYS # -25.2800 24.5000
-116.7570 39.4250 6.8822 15.7966 0.18 0.31 0.79 -2.17 HW50 # -3.9800 4.0400
-113.5130 37.6710 7.3277 13.2795 0.36 0.43 0.85 -0.83 HW56 # -3.4500 2.6000
-114.8450 34.0650 4.1114 14.6461 0.24 0.19 2.56 -2.05 HW62 # -5.4900 3.5200
-120.3400 39.5560 1.4259 23.1123 0.21 0.16 0.14 -2.43 HW89 # -8.9800 10.2100
-116.9450 37.1930 5.7056 17.2579 0.14 0.12 1.36 -1.88 HW95 # -4.5300 5.4400
-113.0970 43.9270 13.1322 12.4589 0.18 0.17 -1.69 -1.27 HWFG # 0.6100 1.9200
-119.1480 42.1180 10.3882 18.7765 0.36 0.35 -1.95 -1.96 HWKV # -0.8400 6.2500
-111.5650 41.6070 12.6016 12.1361 0.15 0.12 -0.84 -0.72 HWUT # 0.5100 2.1200
-115.9110 34.7270 2.9921 17.1292 0.13 0.12 3.27 -2.87 I40A # -6.6800 5.6500
-116.3680 35.8480 4.1943 16.8194 0.35 0.29 2.42 -1.47 IBEX # -5.7400 5.1900
-106.0660 28.6470 6.8934 11.5034 0.34 0.40 0.49 -0.21 ICHI # -1.8100 3.4200
-112.9410 44.3300 13.6566 12.3560 0.19 0.18 -1.66 -1.22 ICIG # 1.0100 1.8700
-117.7370 38.8820 6.9790 16.6447 0.25 0.21 0.04 -1.82 ICKY # -3.6100 4.5700
-117.2980 37.4660 5.4856 17.9926 0.14 0.11 0.97 -2.25 ICOR # -4.7800 6.0600
-112.8390 42.9440 11.7670 12.8213 0.29 0.27 -1.46 -1.14 IDAB # -0.5300 2.3700
-111.4550 44.0820 12.7969 11.2283 0.24 0.26 -1.69 -1.62 IDAS # 0.0300 1.2500
-112.4810 43.1990 11.9587 12.7596 0.52 0.69 -1.54 -1.21 IDB1 # -0.4500 2.4300
-112.0420 43.4820 12.6474 11.4897 0.14 0.13 -1.55 -1.28 IDBB # 0.1100 1.3100
-112.3540 43.1930 12.1428 12.0963 0.24 0.23 -1.51 -1.16 IDBF # -0.2800 1.8100
-116.3190 43.6120 12.7404 15.1533 0.25 0.23 -2.01 -1.73 IDBO # 0.7300 3.5400
-111.7840 43.8200 12.9480 11.0213 0.14 0.14 -1.69 -1.43 IDBY # 0.2900 0.9300
-116.7970 47.7420 16.3019 15.3996 0.27 0.29 -2.10 -1.80 IDCA # 3.3500 3.6300
-114.2200 44.5150 14.2569 13.4373 0.25 0.23 -1.83 -1.37 IDCH # 1.7300 2.5200
-111.1100 43.7460 12.9197 10.7094 0.15 0.13 -1.45 -1.23 IDDR # 0.2000 0.8500
-112.1260 42.4230 11.1556 11.9884 0.32 0.28 -1.22 -0.96 IDDY # -1.0900 1.7800
-116.9160 44.0090 14.0758 15.7884 0.24 0.24 -2.16 -1.85 IDFL # 2.0500 3.9800
-114.3130 43.5180 12.3285 13.5885 0.44 0.47 -1.92 -1.38 IDHA # 0.0700 2.6400
-116.2020 43.9090 12.8518 15.0149 0.29 0.25 -2.09 -1.80 IDHD # 0.7500 3.4400
-112.0520 43.5190 12.4059 11.2631 0.14 0.14 -1.57 -1.26 IDIF # -0.1400 1.0800
-111.2970 43.4090 13.1679 11.2439 0.24 0.23 -1.41 -1.14 IDIR # 0.5600 1.3200
-113.3430 44.6650 14.3710 13.1221 0.24 0.23 -1.63 -1.16 IDLD # 1.6900 2.5000
-117.0260 46.4090 16.2992 15.8943 0.28 0.25 -2.20 -1.87 IDLW # 3.7000 4.0500
-116.3870 43.6060 13.1293 15.0856 0.43 0.39 -2.17 -2.02 IDM1 # 1.1300 3.4500
-113.6030 43.9070 13.2119 13.1199 0.30 0.26 -1.82 -1.24 IDMA # 0.7600 2.4100
-115.6700 43.1380 12.2090 13.9697 0.28 0.34 -1.82 -1.59 IDMH # 0.2300 2.5700
-116.7010 43.7060 12.6904 15.8983 0.40 0.40 -2.12 -1.82 IDMN # 0.7100 4.1600
-116.5700 43.5820 12.9576 15.1155 0.24 0.24 -2.05 -1.75 IDNA # 0.9900 3.4200
-113.0090 43.5480 12.3345 12.4590 0.21 0.21 -1.64 -1.22 IDNL # -0.1000 1.9500
-116.1210 45.9400 15.5386 15.2583 0.15 0.17 -2.15 -1.73 IDNP # 2.9200 3.7100
-116.7500 43.2050 12.2968 15.0143 0.52 0.56 -1.99 -1.75 IDNR # 0.4500 3.2600
-116.2220 33.7970 -4.0179 24.4215 0.18 0.17 2.27 -0.10 IDOG # -13.3900 12.8400
-112.4490 42.8730 11.6664 12.3286 0.31 0.28 -1.38 -1.08 IDP1 # -0.6600 2.0100
-112.4320 42.8660 11.4766 11.8629 0.16 0.14 -1.41 -1.05 IDPO # -0.8500 1.5500
-111.9360 42.2090 11.5609 11.8334 0.30 0.24 -1.13 -0.91 IDPR # -0.6500 1.6900
-116.2390 33.7680 -5.1281 25.8870 0.17 0.20 2.16 -0.01 IDQG # -14.4900 14.3000
-113.7460 42.6610 11.2683 12.8581 0.40 0.38 -1.54 -1.29 IDRU # -0.8400 2.1000
-113.8970 45.1920 14.9021 13.1889 0.19 0.16 -1.80 -1.35 IDSN # 2.1600 2.3800
-111.5840 42.6860 11.6508 12.1126 0.19 0.17 -1.22 -0.93 IDSS # -0.7300 2.0900
-114.4750 42.5800 10.7333 13.1727 0.42 0.47 -1.60 -1.41 IDT1 # -1.2600 2.1700
-116.2830 43.6530 12.5958 15.0115 0.15 0.15 -2.05 -1.67 IDTD # 0.5700 3.4100
-114.4480 42.5360 11.5553 13.7436 0.32 0.29 -1.48 -1.32 IDTF # -0.4300 2.7500
-110.9610 29.0680 5.9088 13.3280 0.57 0.53 0.74 -0.07 IHER # -2.5600 3.5200
-115.0320 32.7060 3.3067 16.4683 0.18 0.14 2.46 -1.03 IID2 # -5.8800 5.2800
-116.6160 31.8620 -20.6079 41.6905 0.20 0.18 -1.41 1.27 IMIE # -29.3800 29.9800
-115.1450 34.1580 3.5554 15.3959 0.14 0.12 2.94 -1.76 IMPS # -6.0400 4.1700
-118.2470 36.7980 1.3536 23.4989 0.17 0.12 1.05 -1.01 INDE # -8.6100 11.2600
-118.3040 38.6500 5.5521 19.3872 0.17 0.20 0.21 -2.25 INDI # -4.9000 7.1300
-117.0170 38.7360 6.3142 16.3313 0.12 0.13 0.47 -2.04 INKH # -4.3300 4.4900
-119.9710 39.2520 0.7004 23.7365 0.23 0.21 0.33 -2.35 INV1 # -9.6800 10.9500
-116.9300 47.7140 16.7251 14.9430 0.29 0.30 -2.23 -1.78 INW1 # 3.8000 3.1300
-118.4740 35.6620 -2.6142 25.4616 0.17 0.13 2.38 -0.73 ISLK # -12.2400 13.1500
-115.4100 35.7270 4.8825 15.5637 0.17 0.10 2.21 -1.70 IVAN # -5.1300 4.2500
-115.5070 32.8290 -4.8181 33.0758 0.35 0.25 0.87 0.38 IVCO # -13.9900 21.7300
-124.0390 46.3060 21.1479 26.3721 0.42 0.31 1.08 -1.96 IWAC # 9.7200 12.3400
-118.1870 39.6630 4.8646 18.0796 0.19 0.12 0.85 -2.18 IXLC # -5.8700 5.8600
-116.8440 40.8660 8.9213 15.5950 0.38 0.40 -0.71 -1.73 IZZN # -2.3100 3.8100
-118.4060 38.1140 4.5462 21.3398 0.16 0.17 0.92 -2.23 JACK # -5.7500 9.0500
-117.0630 41.1520 8.8862 17.2063 0.33 0.31 -1.04 -1.85 JAKE # -2.3900 5.3500
-120.7230 39.7350 0.9063 23.7218 0.25 0.36 0.12 -2.59 JAMI # -9.4900 10.7000
-116.9880 32.8280 -19.1008 39.3719 0.36 0.31 -0.61 2.25 JAS1 # -28.1100 27.5400
-115.1780 35.8510 5.3042 15.3268 0.17 0.17 2.06 -1.50 JEAN # -4.7700 4.0900
-117.4380 40.2780 6.5073 16.7480 0.18 0.18 1.09 -2.43 JERS # -4.4900 4.7700
-122.9910 45.5230 17.2940 25.4477 0.19 0.15 -1.15 -2.59 JIME # 5.8600 11.7300
-120.8330 35.8730 -14.6426 48.8961 0.39 0.28 -2.12 -0.42 JLN5 # -24.0200 35.8400
-117.9550 34.4490 -9.6253 32.9250 0.25 0.23 0.06 0.69 JNHG # -18.9800 20.7800
-122.4370 48.5620 18.2394 19.9297 0.27 0.22 -2.08 -1.88 JOBO # 6.0300 6.3800
-116.0990 36.4590 5.0566 15.8011 0.22 0.17 2.09 -1.52 JOHN # -5.0800 4.2600
-114.2020 37.1520 7.4230 13.8513 0.17 0.16 1.17 -1.04 JONE # -3.1300 2.9400
-124.0540 48.4330 19.6799 22.7165 0.50 0.54 -0.62 -0.91 JORD # 7.7900 8.6800
-118.1740 34.2020 -14.2004 35.6354 0.39 0.46 -1.51 1.82 JPL4 # -23.4600 23.4200
-118.1780 34.2020 -14.4208 36.6967 0.06 0.06 -1.54 1.95 JPLF # -23.6800 24.4800
-118.1730 34.2050 -14.4294 35.4351 0.14 0.14 -1.65 2.12 JPLM # -23.6900 23.2200
-118.1780 34.2020 -14.4008 35.2067 0.27 0.29 -1.36 2.62 JPLQ # -23.6600 22.9900
-118.1780 34.2020 -14.2508 35.9267 0.34 0.40 -1.50 1.83 JPLT # -23.5100 23.7100
-118.1740 34.2020 -14.2904 34.9354 0.17 0.17 -1.48 2.33 JPLV # -23.5500 22.7200
-122.2270 37.4060 -12.9853 44.5156 0.20 0.18 -0.04 -0.15 JRSC # -22.5700 31.0300
-118.0780 43.7440 13.6711 16.7946 0.42 0.35 -2.28 -2.05 JUN1 # 1.8800 4.6100
-118.4120 40.9080 8.2965 17.4618 0.13 0.16 -1.45 -1.59 JUNG # -2.7300 5.1700
-119.0680 40.3230 6.5637 19.0311 0.17 0.13 -0.94 -1.97 JUNI # -4.2200 6.5300
-118.5570 46.6410 16.6701 17.0282 0.40 0.40 -2.40 -2.05 KAHL # 4.2500 4.6900
-113.4610 35.1950 5.9674 13.7020 0.16 0.13 1.86 -0.77 KAYO # -4.1100 3.0400
-119.0080 34.3990 -15.2071 36.5120 0.18 0.17 -2.26 2.08 KBRC # -24.4200 24.0300
-119.4570 49.8760 16.8041 15.9544 0.35 0.42 -2.07 -1.86 KEL1 # 3.7900 3.3300
-122.8960 46.1180 18.4154 24.5990 0.26 0.23 -1.15 -2.33 KELS # 6.8300 10.9100
-114.4650 35.6120 5.5572 14.2993 0.18 0.20 2.02 -1.20 KEMP # -4.5300 3.3000
-119.1590 46.1980 15.8208 17.3100 0.16 0.17 -2.40 -2.22 KENI # 3.6000 4.7800
-118.2010 36.0360 -2.4077 24.1341 0.15 0.15 3.02 -0.14 KENN # -12.1700 11.9100
-121.7840 42.2240 10.4147 23.0600 0.21 0.18 -2.56 -2.61 KFRC # -0.4400 9.7100
-114.0020 35.2310 5.8293 13.3042 0.25 0.21 2.04 -1.07 KGMN # -4.2000 2.4600
-114.0410 35.1970 5.6852 14.4073 0.17 0.15 2.04 -0.98 KING # -4.3300 3.5500
-119.8510 38.9610 0.7020 23.4788 0.29 0.22 0.45 -2.40 KINS # -9.6200 10.7300
-117.9120 40.0630 6.7067 17.1311 0.14 0.11 -0.25 -1.68 KITT # -4.1700 5.0000
-119.4580 49.8770 16.5442 17.6648 0.30 0.51 -2.06 -1.84 KLO3 # 3.5300 5.0400
-118.5580 46.6430 15.8204 17.3585 0.23 0.24 -2.33 -2.09 KLTS # 3.4000 5.0200
-111.9890 37.5200 9.0141 12.6015 0.20 0.20 0.74 -0.52 KODA # -1.8900 2.4400
-116.8100 47.7710 16.7468 15.8939 0.16 0.21 -2.15 -1.78 KOOT # 3.7900 4.1200
-122.3210 47.8030 20.8127 21.1643 0.24 0.22 -1.90 -1.88 KRMT # 8.7500 7.6500
-101.7550 37.9790 12.0637 7.9453 0.28 0.26 -0.05 0.02 KSSY # 0.1100 1.4300
-122.7950 47.5470 18.7629 21.4584 0.14 0.13 -1.23 -1.83 KTBW # 6.8400 7.8000
-118.9700 40.4440 7.1787 18.8899 0.17 0.19 -1.13 -1.85 KUMI # -3.6500 6.4200
-117.8550 40.4010 8.0926 16.7528 0.15 0.24 -1.42 -1.40 KYLE # -2.8800 4.6400
-116.1730 33.9250 -1.5558 21.1654 0.15 0.13 3.04 0.57 KYVW # -10.9700 9.6000
-120.4420 39.4580 0.1962 23.7642 0.39 0.37 0.25 -2.51 LACE # -10.1700 10.8300
-115.7040 40.8510 8.4983 14.7009 0.14 0.14 -0.56 -1.48 LACR # -2.8800 3.2900
-119.3750 39.9360 5.3508 20.2885 0.30 0.22 -0.36 -2.18 LAKE # -5.2900 7.6900
-104.3720 49.9190 17.1796 8.0322 0.30 0.23 -1.23 -0.69 LAN5 # 2.1200 0.5600
-120.4730 35.9000 -11.3876 46.8239 0.44 0.38 -0.48 -1.80 LAND # -20.8200 33.8800
-106.3040 35.8830 9.8659 10.1887 0.34 0.31 0.58 -0.06 LANM # -1.1000 2.0200
-119.4890 38.5150 0.5760 24.2346 0.16 0.12 0.62 -2.43 LANT # -9.6800 11.6000
-118.5750 34.1820 -15.7842 39.5239 0.13 0.12 -1.77 2.47 LAPC # -24.9900 27.1800
-118.3040 39.3940 5.4582 19.2272 0.14 0.13 0.35 -2.87 LAPL # -5.1900 6.9700
-121.5060 43.6650 14.1057 21.7844 0.18 0.16 -3.25 -2.93 LAPN # 2.8600 8.5200
-118.3070 33.9280 -16.2826 39.1281 0.26 0.19 -1.40 2.53 LASC # -25.4500 26.8700
-118.1810 37.0290 1.9346 22.5977 0.12 0.10 1.28 -2.22 LAVA # -8.1000 10.3800
-118.2920 37.3930 3.4283 21.9133 0.11 0.11 0.86 -2.52 LAWS # -6.6900 9.6600
-118.1370 33.8320 -16.5992 39.1535 0.21 0.17 -1.00 2.36 LBC1 # -25.7600 26.9500
-118.1730 33.7920 -16.7847 39.7351 0.17 0.16 -0.99 2.44 LBC2 # -25.9300 27.5200
-118.2030 33.7880 -17.8394 40.4547 0.24 0.17 -1.04 2.41 LBCH # -26.9800 28.2300
-117.2380 32.8810 -19.8737 39.5432 0.42 0.37 -0.57 2.83 LBNO # -28.8700 27.6300
-117.2300 32.8860 -19.4014 39.7106 0.33 0.47 -0.56 2.14 LBRF # -28.4000 27.8000
-117.2380 32.8810 -19.6637 39.4632 0.42 0.36 -0.56 2.82 LBSE # -28.6600 27.5500
-117.2380 32.8810 -19.6837 39.5632 0.41 0.34 -0.54 2.87 LBSW # -28.6800 27.6500
-117.8790 46.8200 15.6679 16.0305 0.38 0.34 -2.19 -2.04 LCR1 # 3.1000 3.9100
-123.1070 44.6340 17.1503 25.2827 0.20 0.17 -1.65 -2.97 LCSO # 5.9400 11.5300
-116.4330 34.2670 -0.3181 21.8807 0.13 0.12 3.37 1.03 LDES # -9.8000 10.2300
-116.2090 34.6990 2.3400 18.5672 0.15 0.13 2.71 -3.10 LDSW # -7.2900 6.9900
-117.9460 36.9200 2.1251 22.3821 0.57 0.49 1.76 -2.87 LEAD # -7.9100 10.2400
-118.8720 34.8250 -13.2931 31.8687 0.48 0.46 1.79 -0.18 LEBC # -22.6400 19.4300
-118.3220 34.1350 -15.6568 36.6029 0.15 0.13 -1.74 2.38 LEEP # -24.8800 24.3400
-120.3080 39.5810 1.3669 23.0223 0.26 0.26 0.15 -2.45 LEMO # -9.0500 10.1300
-112.6010 49.5920 17.6899 11.8804 2.61 0.83 -1.80 -1.22 LETH # 3.6900 1.5100
-124.1080 43.9840 17.1109 27.8326 0.18 0.16 0.14 -2.65 LFLO # 6.2200 13.7800
-118.4130 34.0950 -15.9288 37.4021 0.14 0.11 -1.68 2.38 LFRS # -25.1300 25.1100
-117.7640 33.6410 -17.3189 39.0934 0.18 0.17 -0.49 2.40 LGWD # -26.4700 27.0100
-116.4010 36.8570 5.2804 16.0302 0.30 0.25 1.79 -1.32 LICE # -4.9300 4.3900
-120.4430 41.2280 7.1439 21.7845 0.16 0.17 -1.46 -2.20 LIKE # -3.6700 8.8500
-119.0580 36.3600 -0.8990 26.8979 0.25 0.18 1.20 -2.46 LIND # -10.6400 14.4000
-120.5390 47.0000 16.2946 18.6445 0.15 0.13 -2.39 -2.17 LINH # 4.1100 5.6800
-118.1390 34.6620 -8.0183 31.2942 0.14 0.13 2.03 0.52 LINJ # -17.4100 19.0900
-121.9030 44.1790 14.6237 24.4265 0.46 0.62 -3.02 -3.08 LINL # 3.3200 11.0400
-116.3080 36.7460 5.1710 15.8797 0.21 0.17 1.92 -1.42 LITT # -5.0200 4.2700
-121.7020 37.7030 -3.9141 30.8748 0.11 0.09 1.98 -3.20 LIVM # -13.6500 17.5500
-118.8680 34.8080 -11.3673 32.7674 0.19 0.18 1.37 0.06 LJRN # -20.7100 20.3300
-121.8310 47.9440 18.1493 19.7644 0.15 0.14 -2.12 -1.98 LKCP # 5.9700 6.4000
-116.7590 33.2360 -16.2685 37.2772 0.47 0.30 0.04 1.70 LKHG # -25.4200 25.5200
-115.7420 40.8600 8.6858 14.3635 0.39 0.29 -0.56 -1.41 LKN1 # -2.6900 2.9400
-120.3470 42.1720 8.9031 19.9345 0.27 0.21 -2.29 -2.21 LKVW # -2.1600 7.0300
-117.8350 34.4850 -8.6109 31.3963 0.14 0.13 0.72 0.80 LL01 # -17.9900 19.2900
-117.8380 34.5860 -6.8631 30.2873 0.15 0.13 1.52 0.17 LLAS # -16.2700 18.1800
-112.9330 43.7230 12.6999 12.2033 0.21 0.20 -1.66 -1.25 LLRG # 0.2100 1.7200
-117.3910 33.7440 -14.8765 36.1228 0.24 0.22 0.00 2.54 LMHG # -24.1000 24.1600
-120.2850 46.3690 16.3904 18.8151 0.20 0.18 -2.38 -2.31 LMID # 4.3100 5.9300
-119.8130 39.5390 2.7867 22.2768 0.23 0.26 0.11 -2.30 LMRR # -7.6900 9.5400
-117.4450 33.8170 -14.2921 36.0503 0.25 0.21 -0.08 2.32 LMSG # -23.5300 24.0700
-111.9280 40.2610 9.8607 12.2906 0.15 0.13 -0.33 -0.64 LMUT # -1.8200 2.1500
-121.3500 38.8470 -1.2706 25.6563 0.15 0.13 1.06 -2.99 LNC1 # -11.3500 12.4400
-121.3510 38.8470 -1.2108 25.6466 0.15 0.14 1.06 -2.96 LNC2 # -11.2900 12.4300
-122.7030 49.0580 18.7198 19.6705 0.25 0.22 -2.13 -1.89 LNG2 # 6.4500 6.0400
-122.7580 47.2190 17.8765 22.1772 0.17 0.13 -1.08 -1.95 LNGB # 6.0200 8.5300
-119.7520 41.7850 9.3958 19.9076 0.15 0.16 -1.86 -2.00 LNGV # -1.6600 7.1900
-116.9400 35.0900 1.0146 22.6763 0.15 0.12 1.94 -0.82 LNMT # -8.6400 10.8600
-118.7100 41.4770 8.9198 17.7171 0.20 0.22 -1.51 -1.70 LNRD # -2.2100 5.3300
-114.0970 46.7630 16.1775 13.3161 0.25 0.23 -1.92 -1.41 LOLO # 3.0700 2.4400
-120.4470 34.6910 -20.4285 48.4357 0.25 0.24 -2.61 1.10 LOMP # -29.5400 35.5000
-120.6150 40.6610 5.6462 22.8482 0.31 0.31 -0.83 -2.35 LONC # -5.0000 9.8600
-118.0030 34.1120 -14.6550 35.4004 0.22 0.20 -1.46 2.19 LONG # -23.9100 23.2400
-118.1150 36.5530 0.3740 23.4765 0.12 0.11 1.62 -0.75 LONP # -9.5400 11.2800
-117.7540 34.1330 -13.3996 33.9602 0.14 0.11 -1.00 2.13 LORS # -22.6900 21.8800
-119.7740 41.0740 7.6138 20.2245 0.11 0.09 -1.35 -1.97 LOST # -3.2600 7.5000
-118.0100 39.5240 6.3221 17.4427 0.36 0.23 0.21 -1.96 LOUD # -4.4000 5.2800
-117.5460 34.3150 -8.2041 30.4130 0.25 0.22 0.41 1.20 LPCG # -17.5700 18.4000
-117.9570 34.0270 -16.4733 36.9956 0.22 0.20 -1.07 2.23 LPHS # -25.7100 24.8500
-123.0900 44.0510 16.1980 25.2776 0.17 0.14 -2.21 -3.30 LPSB # 5.1200 11.5300
-122.2440 37.8750 -8.1278 34.2708 0.40 0.73 1.72 -3.17 LRA2 # -17.8300 20.7800
-122.2400 37.8780 -5.9465 33.3096 0.28 0.32 1.80 -3.26 LRA5 # -15.6500 19.8200
-122.2860 37.9130 -11.4342 41.2337 0.71 0.93 1.80 -3.17 LRA6 # -21.1400 27.7300
-113.4990 44.2420 13.6019 13.0948 0.23 0.23 -1.63 -1.21 LRID # 1.0500 2.4200
-118.0300 34.5270 -9.2526 31.5191 0.25 0.25 0.74 0.92 LRRG # -18.6200 19.3500
-121.6900 47.6950 17.9480 20.1811 0.17 0.18 -2.09 -2.02 LSIG # 5.8000 6.8600
-117.1640 47.2820 16.1971 15.5791 0.15 0.17 -2.18 -1.85 LTAH # 3.4100 3.6900
-112.8330 49.6940 17.2320 12.3693 0.19 0.19 -1.77 -1.28 LTHB # 3.2400 1.9200
-112.2470 41.5920 11.3074 11.8397 0.15 0.13 -0.88 -0.83 LTUT # -0.7000 1.5900
-118.7690 38.4240 2.7900 21.6959 0.14 0.12 0.55 -2.43 LUCK # -7.5400 9.2900
-119.2850 38.9880 3.6377 22.0700 0.16 0.15 0.16 -2.31 LUDW # -6.7700 9.5000
-120.5010 39.6290 0.8614 23.5526 0.32 0.39 0.16 -2.51 LUNC # -9.5400 10.6000
-113.4750 38.0080 7.4666 13.3367 0.21 0.20 0.70 -0.84 LUND # -3.4100 2.6700
-121.8650 37.2870 -11.4644 41.6448 0.14 0.11 1.70 -2.22 LUTZ # -21.0700 28.2700
-119.2320 40.5150 6.9497 19.3332 0.28 0.25 -1.08 -1.94 LUXO # -3.8600 6.7800
-119.3780 41.0700 7.8803 19.3794 0.30 0.33 -1.46 -1.84 LVIL # -3.0500 6.7800
-119.1040 34.7340 -12.8369 34.4725 0.15 0.12 -1.77 1.11 LVMS # -22.1300 21.9600
-115.1910 36.1590 5.8996 14.8611 0.31 0.29 1.83 -1.36 LVWD # -4.2600 3.6200
-124.0540 46.2780 20.6291 27.7265 0.24 0.22 1.14 -2.03 LWCK # 9.2100 13.6900
-117.0020 46.3730 15.8042 15.1864 0.16 0.15 -2.22 -1.89 LWST # 3.2100 3.3500
-120.1850 39.6690 1.8571 21.4137 0.50 0.41 0.14 -2.40 LYAL # -8.6000 8.5600
-120.4360 41.0350 6.6066 21.6523 0.25 0.20 -1.24 -2.21 MADE # -4.1600 8.7200
-118.4370 40.7070 8.2113 17.2798 0.15 0.18 -1.55 -1.43 MAJU # -2.7600 4.9800
-113.1220 34.3900 5.7391 13.7673 0.22 0.19 1.90 -0.70 MALP # -4.1400 3.2200
-117.1810 38.5030 6.5205 16.7047 0.25 0.23 0.64 -2.06 MANH # -4.0400 4.8100
-109.7180 40.9960 12.5997 11.1164 0.20 0.17 -0.57 -0.42 MANI # 0.4700 1.7400
-111.7800 36.4500 8.1187 12.5699 0.26 0.23 1.08 -0.44 MARB # -2.5000 2.4800
-119.8010 38.6770 0.0352 24.4230 0.36 0.27 0.62 -2.44 MARK # -10.2200 11.6900
-119.5480 41.6050 9.0707 19.4032 0.14 0.14 -1.73 -1.95 MASC # -1.9700 6.7500
-119.1630 39.0740 3.4669 22.0313 0.10 0.08 0.07 -2.30 MASO # -6.9800 9.5000
-119.1270 38.8930 3.6646 22.2998 0.22 0.18 0.13 -2.41 MASV # -6.7400 9.7800
-117.4370 33.8570 -13.8499 35.6877 0.13 0.11 -0.06 2.57 MAT2 # -23.1000 23.7100
-117.4370 33.8570 -14.7799 35.7677 0.35 0.28 0.17 2.95 MATH # -24.0300 23.7900
-106.1870 41.9040 13.3413 9.6768 0.20 0.18 -0.74 -0.18 MBWW # 0.6000 1.5500
-108.5280 39.0910 10.6826 10.2890 0.13 0.12 0.01 -0.17 MC01 # -1.0300 1.3300
-108.9740 38.6840 11.1211 11.2859 0.15 0.16 0.14 -0.17 MC04 # -0.4300 2.1700
-108.0730 38.7400 11.3254 10.4884 0.16 0.15 0.07 -0.13 MC05 # -0.3300 1.6900
-108.5580 38.2430 9.9642 11.0995 0.19 0.21 0.24 -0.16 MC09 # -1.5000 2.1300
-107.8780 38.4560 11.0914 10.7294 0.27 0.23 0.15 -0.11 MC10 # -0.5000 2.0000
-122.8800 38.1450 -12.2922 46.4941 0.58 0.37 -0.19 0.04 MCCM # -21.9700 32.8100
-117.7840 40.2090 7.0023 16.7799 0.12 0.13 -0.41 -1.56 MCKI # -3.9300 4.6900
-117.5900 40.1180 5.9848 16.9172 0.18 0.19 1.26 -2.43 MCOY # -4.9500 4.8900
-109.4650 49.9780 17.2036 10.4680 0.42 0.24 -1.51 -0.97 MCRK # 2.7000 1.1800
-122.9560 44.9740 16.9842 24.9171 0.20 0.19 -1.60 -2.85 MCSO # 5.6700 11.2100
-110.7240 50.0090 17.4511 11.4261 0.21 0.26 -1.63 -1.07 MDHT # 3.1000 1.7000
-121.2220 42.4180 11.1095 21.8267 0.15 0.15 -2.71 -2.48 MDMT # 0.1200 8.6500
-121.1300 44.6640 15.4035 21.1382 0.19 0.18 -2.86 -2.84 MDRS # 3.8600 7.9900
-106.6130 34.9870 9.4870 10.4693 0.40 0.41 0.72 -0.01 MDS1 # -1.1800 2.1900
-114.0830 36.0860 5.8950 14.3614 0.15 0.19 1.64 -1.01 MEAD # -4.3700 3.4900
-110.6740 50.0390 17.4448 11.3087 0.22 0.21 -1.62 -1.07 MED1 # 3.0800 1.6000
-110.7140 50.0560 16.6936 12.0626 0.48 0.41 -1.61 -1.09 MED2 # 2.3300 2.3400
-120.7590 36.1870 -1.1695 27.9430 0.16 0.17 0.14 -1.57 MEE1 # -10.6400 14.9100
-120.7670 36.1810 -18.8221 48.6155 0.15 0.15 0.10 -1.54 MEE2 # -28.2900 35.5800
-115.9790 36.6330 5.3693 15.5816 0.14 0.12 1.93 -1.50 MERC # -4.8300 4.0800
-115.7040 35.6940 4.5392 16.0609 0.15 0.10 2.36 -1.82 MESQ # -5.4300 4.6500
-105.1940 39.9480 11.9207 9.2896 0.34 0.35 -0.30 -0.07 MFLE # -0.3500 1.5200
-105.1940 39.9490 12.2210 8.8896 0.20 0.17 -0.29 -0.07 MFTC # -0.0500 1.1200
-105.1940 39.9490 12.1610 8.8996 0.19 0.18 -0.30 -0.07 MFTN # -0.1100 1.1300
-105.1940 39.9490 12.3810 9.0796 0.18 0.15 -0.31 -0.07 MFTS # 0.1100 1.3100
-105.1940 39.9490 12.3310 9.0796 0.18 0.17 -0.29 -0.07 MFTW # 0.0600 1.3100
-124.6970 49.0000 19.8213 22.4671 0.49 0.42 -1.17 -0.85 MGRB # 7.9300 8.2400
-121.6430 37.3420 -4.2989 29.9166 0.14 0.13 2.13 -2.69 MHCB # -13.9500 16.6100
-122.4940 37.8420 -11.2224 43.5670 0.23 0.18 0.67 -1.69 MHDL # -20.8800 30.0000
-118.2440 33.9390 -15.1021 38.7079 0.22 0.18 -1.26 2.24 MHMS # -24.2800 26.4700
-121.7110 45.3290 16.5545 21.5175 0.22 0.20 -2.39 -2.75 MHTL # 4.9500 8.1900
-118.9110 38.5220 3.1066 22.5111 0.13 0.14 0.44 -2.47 MICH # -7.2300 10.0600
-120.4590 35.9220 -0.6598 37.8095 0.56 0.39 -0.31 -1.99 MIDA # -10.1000 24.8700
-111.9070 40.6210 11.0623 12.0334 0.23 0.19 -0.49 -0.64 MIDV # -0.7200 1.9000
-120.3510 34.0380 -20.1432 49.2057 0.15 0.14 -1.68 1.31 MIG1 # -29.0900 36.3000
-113.1550 38.3070 8.5470 12.8485 0.53 1.70 0.55 -0.86 MILF # -2.4500 2.2900
-118.1260 34.1370 -14.3527 35.8900 0.20 0.18 -1.42 1.91 MILK # -23.6000 23.6900
-118.0640 40.6520 8.3190 16.9801 0.20 0.26 -1.56 -1.26 MILL # -2.6900 4.8000
-121.8340 37.4490 -8.6283 35.6653 0.21 0.19 1.92 -2.84 MILP # -18.2800 22.3000
-117.4420 38.1200 6.2238 17.2393 0.16 0.34 0.78 -2.25 MILR # -4.2000 5.2600
-118.1550 38.4200 5.4309 18.5993 0.12 0.11 0.64 -1.95 MINA # -4.9800 6.3900
-116.0960 40.1480 7.8508 15.0801 0.12 0.11 0.29 -1.60 MINE # -3.2900 3.5400
-122.2880 49.1590 18.7059 19.0443 0.22 0.25 -2.20 -1.97 MIS1 # 6.3400 5.5400
-114.2450 37.6870 6.9879 13.8257 0.17 0.25 0.94 -1.04 MISE # -3.7100 2.9000
-117.5500 33.7140 -16.4434 37.8143 0.17 0.14 -0.14 2.83 MJPK # -25.6400 25.8000
-124.5890 48.3710 21.1081 23.1952 0.21 0.20 0.50 0.01 MKAH # 9.3300 9.0000
-117.3180 33.9180 -13.0289 34.7591 0.13 0.11 0.16 2.49 MLFP # -22.3100 22.8200
-119.2740 47.1310 16.6312 17.1565 0.25 0.23 -2.31 -2.08 MLKE # 4.2100 4.5900
-120.4010 39.6250 1.5948 23.4014 0.23 0.18 0.10 -2.44 MNDS # -8.8200 10.4800
-122.4430 38.8790 -1.7727 32.4315 0.20 0.19 1.26 -3.79 MNRC # -11.7000 18.8800
-120.3030 41.9020 9.4828 20.4607 0.16 0.14 -2.05 -2.13 MODB # -1.5200 7.5700
-119.9260 39.5250 3.6770 21.6124 0.45 0.79 0.05 -2.31 MOGL # -6.7800 8.8400
-120.6040 39.6840 0.5806 23.4347 0.30 0.24 0.12 -2.61 MOHA # -9.8200 10.4500
-118.2450 38.2460 4.7627 19.6882 0.23 0.26 0.83 -2.08 MOHO # -5.5900 7.4500
-115.4120 40.7110 8.4890 14.4144 0.15 0.15 -0.44 -1.38 MOIL # -2.8900 3.1000
-122.4200 37.9470 -10.2850 41.8545 0.47 0.40 1.47 -3.18 MOLA # -19.9800 28.3100
-123.6040 46.9830 18.9251 23.8822 0.32 0.19 0.23 -1.82 MON3 # 7.2700 9.9800
-121.8060 36.5720 -18.3114 48.6167 0.13 0.09 -0.38 1.48 MON6 # -27.7400 35.2600
-121.8670 37.4850 -7.3437 34.8255 0.14 0.11 2.01 -3.00 MONB # -17.0000 21.4500
-116.7160 39.1480 6.9535 16.0732 0.24 0.18 0.61 -1.96 MONI # -3.8400 4.3300
-119.1200 37.8980 -0.9863 26.7176 0.41 0.25 0.94 -2.30 MONO # -11.1300 14.2000
-116.4220 32.8920 -18.5495 38.6871 0.14 0.13 0.17 1.38 MONP # -27.6400 27.0400
-117.7080 38.0780 5.8581 17.4753 0.09 0.11 0.73 -2.24 MONT # -4.5200 5.4100
-120.0650 40.4470 5.5127 21.3761 0.10 0.11 -0.74 -2.18 MORG # -5.1600 8.5600
-117.0700 40.3030 7.5033 15.9686 0.23 0.15 0.76 -2.00 MOUN # -3.5500 4.1100
-111.6660 41.0460 12.3367 12.4908 0.26 0.26 -0.65 -0.70 MOUT # 0.4100 2.4400
-109.4680 49.9900 17.0961 11.0190 1.22 0.71 -1.54 -0.94 MPCK # 2.5900 1.7300
-111.6340 40.0160 11.0562 12.1398 0.21 0.16 -0.23 -0.58 MPUT # -0.5900 2.1000
-118.8780 34.2960 -16.4695 40.9106 0.13 0.12 -2.04 2.23 MPWD # -25.6700 28.4700
-117.8820 34.1750 -13.8930 34.0115 0.19 0.18 -1.15 1.72 MRDM # -23.1800 21.8900
-123.9140 49.4670 18.7959 20.9748 0.36 0.38 -1.80 -1.64 MRIB # 6.6600 6.9800
-121.7420 46.7850 16.9939 20.7871 0.25 0.21 -1.96 -2.23 MRSD # 5.0600 7.4500
-116.6480 34.0390 -4.5474 26.5010 0.19 0.17 2.27 2.03 MSC1 # -13.9400 14.7800
-121.9250 37.5560 -7.5137 35.7832 0.25 0.21 1.98 -3.02 MSHP # -17.1800 22.3900
-119.2740 47.1310 16.0212 16.6565 0.26 0.26 -2.38 -2.08 MSLK # 3.6000 4.0900
-117.2100 34.2310 -7.2481 27.4541 0.16 0.17 0.91 1.96 MSOB # -16.6300 15.5500
-114.1090 46.9290 16.1167 13.4201 0.13 0.13 -1.97 -1.42 MSOL # 2.9700 2.5400
-118.2450 34.0550 -16.9098 36.0982 0.13 0.09 -1.47 2.10 MTA1 # -26.1200 23.8600
-120.1470 44.5650 14.7565 19.6618 0.28 0.27 -2.76 -2.58 MTCL # 3.0800 6.8200
-112.3160 48.6430 16.7606 12.3933 0.38 0.35 -1.80 -1.21 MTCU # 2.9500 2.1200
-111.9940 46.5890 16.4150 12.0632 0.20 0.21 -1.73 -0.98 MTDT # 3.0700 1.9000
-108.6000 45.7460 15.6176 10.1843 0.13 0.14 -1.30 -0.58 MTEI # 2.0800 1.2000
-114.3270 48.2270 16.7414 13.1931 0.16 0.15 -1.97 -1.44 MTFV # 3.3100 2.2400
-116.6470 33.1990 -18.2865 37.5007 0.41 0.31 0.08 1.39 MTGG # -27.4400 25.7800
-106.7930 48.3700 16.2454 9.7236 0.38 0.33 -1.34 -0.70 MTGW # 1.8300 1.3800
-112.5100 45.9380 15.4939 12.4094 0.22 0.20 -1.68 -1.05 MTHC # 2.3800 2.0700
-108.7800 48.5460 16.5640 9.9477 0.41 0.37 -1.47 -0.85 MTHM # 2.3300 0.9000
-107.3420 45.3120 14.1502 10.6492 0.39 0.33 -1.24 -0.58 MTLG # 0.5900 2.1100
-110.5050 47.9510 16.5655 11.6302 0.33 0.36 -1.63 -0.93 MTLO # 2.6900 1.9800
-109.4430 47.0540 16.2186 10.8003 0.18 0.18 -1.46 -0.71 MTLW # 2.4400 1.5200
-105.7970 46.4470 15.4213 9.2668 0.38 0.39 -1.21 -0.56 MTMI # 1.4000 1.2800
-109.6870 48.5410 16.6535 10.7555 0.14 0.16 -1.57 -0.88 MTMS # 2.5300 1.3900
-112.3360 48.0710 16.3884 12.3701 0.40 0.35 -1.78 -1.20 MTPJ # 2.7200 2.0900
-111.0450 45.6610 15.3780 11.6070 0.15 0.17 -1.38 -0.30 MTSU # 2.1500 1.7700
-113.4720 46.9500 15.6594 13.0157 0.32 0.22 -1.90 -1.31 MTUM # 2.4200 2.3500
-122.1000 37.4170 -12.6343 44.1568 0.12 0.20 1.05 -1.70 MTVW # -22.2400 30.7100
-114.6940 36.3940 5.7131 14.5058 0.14 0.12 1.67 -1.21 MUDD # -4.5700 3.4300
-119.6480 39.8780 4.0272 20.9848 0.17 0.18 -0.24 -2.22 MULL # -6.5600 8.3000
-119.3090 37.1700 -0.7048 25.8576 0.14 0.13 0.79 -2.56 MUSB # -10.6300 13.2800
-119.0960 34.2620 -18.2757 42.6400 0.53 0.38 -2.45 2.29 MUSD # -27.4400 30.1300
-116.5250 33.2110 -16.5494 36.0708 0.15 0.13 0.62 1.63 MVFD # -25.7200 24.3900
-115.4740 32.6440 -7.0583 35.0849 0.51 0.48 0.98 -0.81 MXS1 # -16.1800 23.7500
-110.0490 40.1030 12.3744 12.3417 0.14 0.13 -0.27 -0.38 MYT2 # 0.5300 2.8500
-110.0480 40.1030 11.8645 12.3614 0.15 0.14 -0.28 -0.36 MYT5 # 0.0200 2.8700
-119.2190 39.9970 5.6485 19.6590 0.12 0.11 -0.47 -2.14 NACH # -5.0300 7.1100
-112.2300 41.0160 11.0129 12.0639 0.13 0.12 -0.67 -0.72 NAIU # -0.8400 1.8200
-123.9380 49.1640 20.0773 22.1920 0.20 0.26 -1.70 -1.49 NANA # 8.0100 8.1900
-123.8970 49.1070 19.6428 21.5798 0.28 0.32 -1.67 -1.46 NANI # 7.5800 7.5900
-124.0860 49.2950 19.8376 21.5861 0.12 0.12 -1.75 -1.48 NANO # 7.7700 7.5400
-119.2830 39.2550 4.0975 21.3493 0.17 0.13 0.10 -2.23 NARR # -6.3800 8.7800
-110.5320 36.6870 8.8557 11.9295 0.21 0.20 0.83 -0.29 NAVA # -1.9600 2.2700
-115.2960 32.3240 -7.3928 37.3960 0.26 0.23 1.55 0.33 NAYX # -16.4400 26.1200
-123.7200 48.8240 19.6849 21.3069 0.24 0.21 -1.52 -1.42 NCOW # 7.6500 7.3700
-114.6190 34.7680 4.5186 14.5908 0.15 0.14 2.53 -1.47 NDAP # -5.3100 3.5400
-102.7440 46.8850 16.4158 7.7686 0.29 0.29 -1.07 -0.46 NDDI # 1.9900 0.8900
-101.3300 48.4160 16.4917 7.2585 0.16 0.18 -1.06 -0.49 NDMB # 1.5400 0.9000
-124.6250 48.2980 21.8858 23.5058 0.15 0.14 1.06 0.23 NEAH # 10.1300 9.3000
-101.5310 40.0610 13.2458 8.1927 0.28 0.24 -0.33 -0.03 NEBK # 0.6500 1.7600
-102.0730 41.0510 13.1474 8.4923 0.34 0.32 -0.46 -0.07 NEBS # 0.3000 1.8600
-101.6440 40.5080 13.2100 7.5644 0.25 0.30 -0.40 -0.05 NEIM # 0.4900 1.0900
-114.7960 35.7140 4.7790 13.9398 0.14 0.13 2.02 -1.37 NELS # -5.3000 2.8300
-101.7130 41.1230 13.5456 8.0898 0.22 0.22 -0.49 -0.07 NEOG # 0.6500 1.5900
-103.6610 41.8270 13.5851 8.1637 0.15 0.16 -0.62 -0.13 NESC # 0.6400 0.9500
-116.3100 36.8500 5.3995 16.0103 0.17 0.14 1.82 -1.51 NEVA # -4.8200 4.4000
-124.0620 44.5850 18.8364 27.8089 0.25 0.20 0.42 -1.93 NEWP # 7.8000 13.7700
-117.5090 39.6860 5.8121 16.4610 0.13 0.11 1.45 -2.03 NEWS # -5.0200 4.4600
-118.7110 39.4220 4.0900 19.7674 0.52 0.34 0.24 -2.15 NFLN # -6.5100 7.3800
-119.4050 42.3060 10.4474 19.0680 0.34 0.25 -2.14 -2.04 NGWN # -0.7900 6.4600
-119.1410 34.4990 -14.9860 35.8343 0.14 0.12 -2.52 1.84 NHRG # -24.2100 23.3100
-121.7970 47.4950 17.3048 20.0340 0.21 0.24 -1.99 -2.03 NINT # 5.2200 6.6800
-120.5380 35.0910 -17.4725 48.8942 0.24 0.25 -2.57 0.81 NIPO # -26.6800 35.9300
-105.2630 39.9950 12.2583 9.4545 0.30 0.30 -0.29 -0.07 NISA # -0.0200 1.6600
-105.2630 39.9950 12.2083 9.3145 0.19 0.19 -0.30 -0.07 NIST # -0.0700 1.5200
-105.2620 39.9950 12.0784 9.4441 0.30 0.29 -0.32 -0.05 NISU # -0.2000 1.6500
-106.7760 34.6430 9.5082 10.2775 0.21 0.20 0.74 -0.11 NMBL # -1.0400 1.9400
-104.2280 32.3760 8.9124 10.4199 0.33 0.34 0.55 -0.12 NMCB # -1.1200 3.0000
-107.7580 32.2660 8.2823 10.4668 0.39 0.35 0.93 -0.20 NMD1 # -1.4500 1.7800
-107.7260 32.2670 7.9252 10.8855 0.16 0.16 0.94 -0.20 NMDE # -1.8100 2.2100
-107.9300 35.2170 9.0245 10.9678 0.16 0.15 0.77 -0.12 NMGR # -1.6000 2.2200
-103.1270 32.7050 9.2521 9.3488 0.21 0.19 0.45 -0.08 NMHB # -0.9600 2.3300
-107.1620 32.6660 7.8150 10.5251 0.39 0.33 0.80 -0.17 NMHT # -2.0900 2.0500
-106.7250 35.6110 9.1879 10.4193 0.35 0.26 0.62 -0.08 NMJZ # -1.6600 2.1000
-106.7550 32.2800 8.0962 10.7600 0.23 0.18 0.80 -0.17 NMLC # -1.7200 2.4300
-107.3720 35.0400 8.9493 10.3598 0.19 0.19 0.76 -0.12 NMLG # -1.6700 1.8100
-106.0430 34.9920 9.8052 9.7351 0.16 0.17 0.64 -0.05 NMMY # -0.9100 1.6600
-104.5890 33.3950 9.0798 9.5808 0.14 0.13 0.52 -0.08 NMRO # -1.2500 2.0300
-106.6850 35.3110 9.1900 9.8250 0.30 0.28 0.70 -0.09 NMRR # -1.5700 1.5200
-106.0200 35.6380 9.4748 10.1069 0.28 0.21 0.52 -0.06 NMSA # -1.4400 2.0400
-105.9590 35.6740 10.0508 9.9350 0.15 0.14 0.50 -0.05 NMSF # -0.8800 1.8900
-106.7450 32.2740 8.0551 10.5364 0.21 0.17 0.79 -0.16 NMSU # -1.7600 2.2100
-117.5700 33.9200 -13.8177 35.6207 0.14 0.12 -0.33 2.64 NOCO # -23.0700 23.6000
-111.6300 45.5970 15.5590 11.5984 0.15 0.15 -1.57 -0.58 NOMT # 2.4200 1.5600
-115.9850 35.9690 4.6335 16.1636 0.17 0.14 2.34 -1.70 NOPE # -5.3800 4.6600
-118.3480 33.9800 -15.2730 38.8613 0.19 0.17 -1.41 2.48 NOPK # -24.4500 26.5900
-119.3200 38.8860 3.0162 22.4611 0.12 0.10 0.23 -2.37 NORD # -7.3600 9.8800
-117.5360 39.5820 5.8311 16.3997 0.15 0.15 1.45 -1.96 NPAS # -4.9700 4.3900
-112.8280 43.5970 12.6802 12.1676 0.23 0.26 -1.66 -1.28 NPRG # 0.2100 1.7200
-116.9730 32.5790 -19.3004 40.0070 0.13 0.11 -0.22 1.96 NSSS # -28.2400 28.1800
-122.2460 37.9630 -6.1257 41.7914 0.48 0.73 1.87 -3.78 NUNE # -15.8500 28.3000
-116.4640 36.4480 4.9396 17.1408 0.40 0.37 2.95 -2.06 NVAG # -5.1500 5.4800
-115.1590 37.3700 6.5219 14.6105 0.18 0.17 1.23 -1.26 NVAL # -3.9800 3.3800
-123.1070 49.3220 18.7535 19.9727 0.35 0.31 -2.07 -1.84 NVAN # 6.5000 6.2200
-114.8540 35.9730 4.9358 14.2891 0.43 0.37 3.42 -1.21 NVB1 # -5.2100 3.1600
-114.8540 35.9730 4.7358 13.9491 0.47 0.39 3.47 -1.23 NVBC # -5.4100 2.8200
-115.1580 35.9700 4.9601 14.4102 0.15 0.14 2.19 -1.57 NVBM # -5.1500 3.1800
-115.1720 36.2200 4.7589 14.6948 0.17 0.14 2.10 -1.47 NVCA # -5.4200 3.4600
-119.7650 39.1810 2.7110 24.2317 0.48 0.38 0.11 -2.26 NVCC # -7.6800 11.5100
-114.8920 36.7950 6.7729 14.6718 0.29 0.23 1.49 -1.22 NVCO # -3.6000 3.5300
-115.2880 36.0770 4.1453 15.0133 0.41 0.37 3.71 -1.32 NVDB # -5.9800 3.7400
-118.7980 39.4750 5.7218 20.4151 0.36 0.33 0.10 -2.17 NVFN # -4.8800 8.0000
-115.0210 36.1120 4.9360 14.9747 0.36 0.34 2.42 -1.27 NVFW # -5.2300 3.7900
-114.5230 36.6730 6.6413 13.4487 0.34 0.34 1.47 -1.33 NVGL # -3.7400 2.4300
-114.9830 36.0300 4.4772 14.3220 0.41 0.41 3.38 -1.25 NVH1 # -5.6700 3.1500
-115.1000 35.9770 4.3888 14.4509 0.48 0.35 3.63 -1.31 NVH2 # -5.7300 3.2400
-115.6460 36.5780 5.9437 15.1318 0.28 0.26 1.92 -1.38 NVIS # -4.2800 3.7400
-114.9270 36.3900 4.7751 14.2734 0.51 0.39 2.73 -1.13 NVKP # -5.4800 3.1200
-115.1900 36.0970 4.9222 14.4908 0.40 0.34 3.56 -1.28 NVL1 # -5.2200 3.2500
-114.5800 35.1710 5.0784 14.3277 0.17 0.15 2.34 -1.51 NVLA # -4.8700 3.2900
-114.8130 36.0700 5.2679 14.2255 0.16 0.14 1.97 -1.37 NVLM # -4.9100 3.1100
-115.1850 36.0840 4.2592 15.2492 0.35 0.30 3.23 -1.31 NVLV # -5.8800 4.0100
-114.0910 36.8100 6.5794 13.8240 0.96 0.46 1.92 -0.84 NVM1 # -3.8900 2.9500
-114.4110 36.5330 7.0447 14.0413 0.34 0.28 1.72 -1.03 NVMV # -3.3100 3.0600
-115.1260 36.2120 4.7620 14.5796 0.47 0.37 3.29 -1.22 NVNL # -5.4200 3.3600
-114.4480 36.5420 5.8830 14.3636 0.44 0.39 2.45 -0.97 NVOV # -4.4700 3.3700
-114.4510 37.9370 6.7833 13.9246 0.17 0.16 0.84 -1.15 NVPI # -3.9600 2.9300
-115.4960 35.9560 4.5071 16.1922 0.21 0.18 2.31 -1.52 NVPO # -5.5600 4.8500
-114.9220 36.0250 5.1828 14.3818 0.32 0.28 2.81 -1.25 NVRM # -4.9700 3.2300
-114.9210 35.4660 5.0444 15.0814 0.18 0.18 2.35 -1.54 NVSL # -4.9500 3.9300
-119.7020 39.5290 3.5598 22.8318 0.36 0.29 -0.04 -2.22 NVSP # -6.9300 10.1300
-114.4030 38.9170 7.7398 13.8786 0.19 0.15 0.43 -1.19 NVSV # -3.2800 2.9000
-115.3290 36.0990 5.0067 14.8669 0.15 0.14 2.19 -1.56 NVTP # -5.1200 3.5800
-114.7160 36.7250 5.6737 14.5931 0.26 0.25 1.64 -1.16 NVWS # -4.7000 3.5100
-122.9760 45.3000 17.6056 25.0532 0.18 0.15 -1.40 -2.74 NWBG # 6.2200 11.3400
-122.9420 49.2000 19.1873 19.0729 0.23 0.28 -2.08 -1.86 NWE3 # 6.9300 5.3700
-105.5910 40.0550 12.4169 9.4227 0.34 0.26 -0.30 -0.09 NWOT # 0.1500 1.5100
-117.0480 48.1780 16.7660 14.9414 0.24 0.28 -2.21 -1.76 NWPT # 3.7500 3.0900
-115.1590 35.4910 4.8745 15.0805 0.14 0.13 2.24 -1.64 NYOR # -5.1000 3.8500
-116.0680 34.1410 0.9876 18.6209 0.13 0.12 3.82 -1.05 OAES # -8.5000 7.0900
-122.4450 43.7380 15.4312 24.3321 0.20 0.17 -3.07 -3.28 OAKR # 4.3200 10.7800
-116.7910 37.0370 5.3120 16.8777 0.10 0.15 1.61 -1.75 OASI # -4.9000 5.1100
-118.6010 34.3300 -14.6264 37.3122 0.36 0.33 -2.05 2.11 OAT2 # -23.8700 24.9600
-123.0980 44.0660 15.7102 25.3800 0.21 0.16 -2.16 -3.30 OBEC # 4.6300 11.6300
-117.2450 32.7450 -19.3433 40.5554 0.27 0.24 -0.74 1.89 OBRC # -28.3000 28.6400
-121.8150 46.9000 18.3676 20.3495 0.37 0.29 -1.87 -2.21 OBSR # 6.4200 6.9900
-120.1570 40.7350 6.4822 21.4149 0.34 0.47 -1.00 -2.12 OBSV # -4.2500 8.5700
-124.1600 46.9520 23.5891 29.2181 0.19 0.19 1.46 -1.47 OCEN # 12.0400 15.1500
-117.3470 33.2410 -18.1637 39.7385 0.21 0.22 -0.32 2.21 OCSD # -27.2500 27.7900
-123.0010 44.8970 16.9288 24.8207 0.23 0.20 -1.58 -2.94 ODOT # 5.6400 11.1000
-118.7130 47.3290 16.7570 16.9380 0.33 0.30 -2.25 -2.02 ODSA # 4.2000 4.5500
-117.7440 33.7660 -16.9114 38.5470 0.15 0.15 -0.42 2.61 OEOC # -26.1000 26.4700
-117.0420 33.1310 -17.8003 38.8595 0.30 0.22 0.51 2.81 OGHS # -26.8900 27.0100
-122.2730 38.0060 -6.6586 36.8197 0.15 0.14 1.93 -3.47 OHLN # -16.3900 23.3200
-101.4790 36.6750 11.5522 7.7935 0.17 0.19 0.06 0.01 OKGM # -0.0200 1.3800
-119.5520 48.3730 16.7513 17.1345 0.20 0.18 -2.26 -1.95 OKNG # 4.0900 4.4800
-122.9080 46.9610 17.2428 22.7126 0.27 0.22 -0.82 -2.01 OLAR # 5.4700 9.0200
-119.5450 49.1800 16.9444 17.3223 0.20 0.20 -2.17 -1.91 OLI1 # 4.1000 4.6700
-122.8950 47.0450 18.4738 22.9787 0.28 0.21 -0.83 -2.01 OLMP # 6.6800 9.2900
-117.9040 36.2100 0.0770 22.4786 0.12 0.18 2.42 -0.92 OLNC # -9.7700 10.3500
-124.0750 44.5150 17.9482 27.6528 0.23 0.16 0.52 -2.13 ONAB # 6.9300 13.6100
-120.2680 40.9640 6.7736 21.2897 0.20 0.15 -1.22 -2.17 ONLY # -4.0000 8.4100
-116.9380 44.0230 13.3662 16.1056 0.30 0.27 -2.17 -1.87 ONT1 # 1.3400 4.2900
-115.9180 34.3700 2.1698 17.3115 0.15 0.14 4.33 -1.99 OPBL # -7.4000 5.8300
-116.3050 34.4280 1.3422 20.2187 0.15 0.13 3.56 -0.70 OPCL # -8.2000 8.6100
-116.0830 34.3670 1.8902 18.1858 0.21 0.19 4.36 -1.59 OPCP # -7.6600 6.6500
-116.1490 34.4300 2.1406 18.4075 0.14 0.13 4.19 -1.58 OPCX # -7.4200 6.8500
-116.2920 34.5330 1.1735 19.5544 0.17 0.14 3.09 -1.38 OPRD # -8.4000 7.9500
-120.2030 45.7190 15.9816 19.2294 0.27 0.27 -2.49 -2.45 ORAL # 4.0400 6.3700
-121.3020 44.0940 15.3807 21.3215 0.30 0.27 -3.08 -2.89 ORBN # 4.0000 8.1200
-120.4760 34.8490 -19.1696 48.9348 0.78 0.54 -2.32 1.05 ORC4 # -28.3200 35.9900
-120.1810 45.2270 14.7489 19.2325 0.33 0.26 -2.60 -2.54 ORCD # 2.9200 6.3800
-120.4810 34.8500 -18.0700 48.1164 0.39 0.39 -2.48 1.12 ORCU # -27.2200 35.1700
-122.8160 45.2340 17.4576 24.5148 0.33 0.26 -1.52 -2.69 ORDO # 6.0600 10.8500
-120.2790 34.7390 -16.8940 47.4332 0.18 0.16 -2.44 1.39 ORES # -26.0400 34.5500
-123.1620 44.0450 15.7246 25.5193 0.39 0.28 -2.04 -3.27 OREU # 4.6600 11.7500
-124.1110 43.9860 16.0609 28.7735 0.51 0.26 0.25 -2.52 ORFL # 5.1700 14.7200
-122.4160 45.4980 16.9358 23.1033 0.32 0.26 -1.78 -2.67 ORGR # 5.4100 9.5600
-123.1540 44.2900 16.8228 25.3069 0.41 0.30 -1.82 -3.15 ORHA # 5.7000 11.5400
-123.0250 45.5190 17.4672 24.9980 0.34 0.27 -1.11 -2.58 ORHI # 6.0400 11.2700
-119.3210 45.8050 15.4922 18.2514 0.31 0.27 -2.46 -2.27 ORHM # 3.3900 5.6700
-119.5650 45.3610 15.2483 18.6086 0.31 0.29 -2.51 -2.44 ORHP # 3.2900 5.9500
-117.4530 37.2530 4.8281 18.3329 0.82 0.53 1.30 -2.42 ORIE # -5.3600 6.3500
-121.6690 42.2890 10.5785 22.2646 0.20 0.20 -2.62 -2.55 ORK5 # -0.3100 8.9500
-121.6700 42.2890 10.1083 22.3349 0.21 0.20 -2.62 -2.58 ORK6 # -0.7800 9.0200
-121.8090 42.1430 10.3211 23.6877 0.34 0.30 -2.44 -2.59 ORKF # -0.5100 10.3300
-121.1410 44.6020 14.9771 21.2016 0.39 0.31 -2.84 -2.83 ORM1 # 3.4500 8.0500
-122.8840 42.3800 11.1076 25.9054 0.34 0.27 -2.39 -3.08 ORMF # 0.3900 12.2200
-122.6020 45.1540 16.4453 25.7299 0.37 0.29 -1.81 -2.81 ORMO # 5.0300 12.1300
-116.8150 34.6750 -0.1771 22.9855 0.16 0.14 0.48 0.33 ORMT # -9.7300 11.2100
-123.2090 45.1880 17.4703 25.4435 0.28 0.33 -1.06 -2.62 ORMV # 6.1500 11.6600
-124.0610 44.6750 18.6271 27.7686 0.41 0.27 0.49 -1.87 ORNW # 7.5700 13.7300
-122.4850 43.7460 15.0466 24.6743 0.37 0.31 -3.00 -3.25 OROR # 3.9400 11.1100
-118.8500 45.6710 15.3739 17.7417 0.30 0.27 -2.39 -2.25 ORPE # 3.2300 5.3100
-122.6730 45.5070 17.0744 24.6614 0.26 0.21 -1.53 -2.64 ORPO # 5.5900 11.0400
-123.3490 43.2980 13.4090 26.6856 0.35 0.31 -2.53 -3.50 ORRB # 2.5500 12.8600
-119.0590 44.1640 13.9778 17.9882 0.19 0.17 -2.63 -2.23 ORS1 # 2.2300 5.4900
-119.0580 44.1640 14.0680 17.9279 0.19 0.18 -2.65 -2.25 ORS2 # 2.3200 5.4300
-124.0490 44.6250 19.7078 27.7551 0.29 0.20 0.43 -2.00 ORSB # 8.6600 13.7200
-122.7280 44.3980 16.2191 24.3381 0.34 0.31 -2.27 -3.16 ORSH # 5.0000 10.7000
-122.9550 44.9730 19.0941 24.4668 0.40 0.26 -1.54 -2.84 ORSL # 7.7800 10.7600
-123.1110 44.5580 16.8721 25.4839 0.38 0.30 -1.63 -2.98 ORTA # 5.6800 11.7300
-123.8460 45.4860 18.7982 26.7645 0.47 0.30 -0.02 -2.12 ORTI # 7.5200 12.7900
-121.5000 39.5550 0.2870 25.2426 0.14 0.11 0.42 -2.97 ORVB # -9.9500 11.9800
-120.6870 45.5860 16.1022 19.7506 0.27 0.25 -2.50 -2.56 ORWA # 4.2700 6.7400
-116.9320 32.6080 -18.4875 39.6737 0.45 0.46 -0.90 1.61 OTAY # -27.4400 27.8600
-119.1680 46.8230 15.5563 17.8929 0.18 0.20 -2.36 -2.12 OTHL # 3.1900 5.3600
-122.3370 48.4180 17.6256 19.9792 0.36 0.25 -2.28 -1.79 OTIS # 5.4300 6.4600
-119.1420 34.3270 -16.1634 40.1146 0.14 0.14 -2.19 2.01 OVLS # -25.3400 27.5900
-118.0550 36.7430 1.6132 21.7072 0.15 0.13 1.85 -1.83 OWEN # -8.3600 9.5300
-122.4240 37.4990 -14.2798 46.9657 0.20 0.17 -0.97 0.82 OXMT # -23.8600 33.4200
-118.2070 34.1290 -15.1046 35.9260 0.15 0.12 -1.64 2.24 OXYC # -24.3400 23.7000
-122.2050 47.4750 17.9599 20.5189 0.17 0.15 -1.70 -1.95 OYLR # 5.9500 7.0400
-119.3530 34.6830 -15.0920 36.4715 0.14 0.14 -2.63 1.70 OZST # -24.3400 23.8800
-112.8020 31.9490 5.7875 13.4588 0.15 0.13 1.53 -0.71 P001 # -3.4000 3.0200
-117.1870 39.5210 6.4113 16.5266 0.14 0.13 1.09 -2.24 P002 # -4.4200 4.6300
-114.0050 32.7230 5.0084 14.3552 0.14 0.13 2.27 -0.61 P003 # -4.2900 3.5100
-112.1520 34.7840 6.4844 12.7073 0.16 0.16 1.66 -0.48 P004 # -3.6100 2.4900
-115.2790 39.9100 7.8817 14.3203 0.15 0.13 0.11 -1.44 P005 # -3.3000 3.0500
-114.4570 36.1540 6.1422 14.7066 0.16 0.14 1.75 -1.14 P006 # -4.1000 3.7100
-114.8200 41.7240 9.9037 13.7778 0.17 0.14 -1.13 -1.31 P007 # -1.8200 2.6600
-111.1300 36.1430 8.0964 12.0463 0.15 0.12 1.13 -0.35 P008 # -2.5000 2.1800
-112.2230 38.4800 9.0606 12.5515 0.19 0.16 0.39 -0.60 P009 # -2.0900 2.3100
-113.7310 34.6670 5.3657 13.7930 0.15 0.14 2.14 -1.00 P010 # -4.5300 3.0400
-109.5190 36.1500 8.8475 11.3168 0.14 0.12 0.85 -0.18 P011 # -1.9100 2.0100
-109.3340 38.0970 10.2456 11.0221 0.14 0.12 0.30 -0.20 P012 # -1.1000 1.7800
-117.3300 41.4290 9.6314 16.2530 0.14 0.13 -1.26 -1.86 P013 # -1.6800 4.3100
-111.0990 31.9730 6.5544 12.8856 0.17 0.14 1.18 -0.50 P014 # -2.8000 3.0300
-110.0090 34.2640 7.5886 11.8178 0.13 0.13 1.21 -0.29 P015 # -2.5600 2.3400
-112.3610 40.0780 9.1404 12.4886 0.14 0.14 -0.24 -0.71 P016 # -2.4400 2.2000
-119.9360 41.2760 8.1010 20.2655 0.17 0.13 -1.50 -2.02 P017 # -2.8000 7.4900
-117.0650 42.9820 11.8159 15.7569 0.14 0.13 -1.93 -1.80 P018 # 0.0700 3.9000
-115.3120 43.3000 11.9292 14.1313 0.15 0.14 -1.81 -1.53 P019 # -0.1400 2.8500
-118.5660 47.0020 16.0537 16.7811 0.12 0.12 -2.32 -2.03 P020 # 3.5500 4.4400
-118.7300 48.6750 16.7046 16.8134 0.13 0.17 -2.23 -1.89 P021 # 3.8400 4.4200
-118.0140 45.2320 14.9860 16.5940 0.17 0.14 -2.41 -2.06 P022 # 2.8200 4.4300
-116.1030 44.8980 14.8438 15.0024 0.15 0.13 -2.11 -1.72 P023 # 2.4800 3.4600
-115.8420 47.5620 16.4222 14.4965 0.18 0.15 -2.04 -1.69 P024 # 3.3700 3.0400
-116.2880 48.7310 16.8018 14.6731 0.14 0.14 -2.06 -1.67 P025 # 3.5400 3.0700
-107.1950 32.6590 8.0802 10.6069 0.16 0.16 0.82 -0.17 P026 # -1.8200 2.1200
-105.8040 32.8020 8.7831 10.2093 0.15 0.13 0.69 -0.12 P027 # -1.2700 2.2200
-107.9080 36.0320 9.3618 10.6500 0.13 0.12 0.66 -0.10 P028 # -1.5100 1.9100
-110.5130 41.7500 12.9407 11.8130 0.15 0.12 -0.84 -0.59 P030 # 0.6900 2.1600
-107.2560 41.7420 13.3122 10.1386 0.13 0.12 -0.70 -0.26 P032 # 0.7200 1.6300
-107.3880 43.9530 15.1597 9.9955 0.14 0.12 -1.17 -0.41 P033 # 1.9700 1.4400
-106.4590 34.9460 9.4872 10.2242 0.14 0.12 0.61 -0.08 P034 # -1.1800 2.0000
-105.1840 34.6010 9.5723 9.7860 0.13 0.12 0.51 -0.06 P035 # -1.0900 2.0200
-105.2940 36.4200 10.3320 9.4557 0.18 0.14 0.34 -0.02 P036 # -0.8800 1.6500
-105.1050 38.4220 11.5592 9.2975 0.13 0.12 -0.01 -0.02 P037 # -0.2700 1.5600
-103.4070 34.1470 9.5608 9.0110 0.13 0.12 0.39 -0.06 P038 # -1.0900 1.8900
-103.1540 36.4480 10.7951 8.8086 0.13 0.12 0.16 0.00 P039 # -0.5900 1.7800
-102.6870 38.0710 11.6746 8.4977 0.13 0.11 -0.06 0.00 P040 # -0.2400 1.6400
-105.1940 39.9490 12.1910 9.1196 0.14 0.12 -0.31 -0.06 P041 # -0.0800 1.3500
-104.9110 42.0520 13.6308 9.0674 0.13 0.12 -0.69 -0.16 P042 # 0.7300 1.4000
-104.1860 43.8810 14.8394 8.8547 0.13 0.12 -0.93 -0.28 P043 # 1.3600 1.4500
-103.2220 40.1720 12.7304 8.5535 0.12 0.11 -0.37 -0.04 P044 # 0.2300 1.5000
-112.6170 45.3830 15.1489 12.2659 0.14 0.14 -1.63 -1.09 P045 # 2.1900 1.8900
-113.3320 47.0300 16.4482 12.7284 0.14 0.13 -1.91 -1.30 P046 # 3.1700 2.1100
-113.2200 48.4210 17.1036 12.5505 0.22 0.17 -1.89 -1.30 P047 # 3.4700 1.9700
-111.2040 45.6530 15.4064 11.8819 0.14 0.13 -1.45 -0.33 P048 # 2.2000 1.9900
-110.9060 47.3500 16.3449 11.4790 0.14 0.13 -1.65 -0.87 P049 # 2.6700 1.6900
-111.2480 48.8090 17.1124 11.6070 0.14 0.14 -1.71 -1.06 P050 # 3.1200 1.7000
-108.5460 45.8070 15.6396 10.4953 0.13 0.12 -1.33 -0.58 P051 # 2.0800 1.5300
-107.0190 47.3750 16.3759 9.9142 0.13 0.12 -1.33 -0.64 P052 # 2.2400 1.4900
-107.7250 48.7260 16.8916 9.8551 0.13 0.12 -1.42 -0.77 P053 # 2.4900 1.1800
-104.4410 45.8460 15.6932 8.8872 0.13 0.14 -1.11 -0.44 P054 # 1.7000 1.3900
-104.6850 47.1170 16.3881 8.9456 0.13 0.13 -1.19 -0.54 P055 # 2.0800 1.3600
-112.6230 41.7570 10.9469 12.2679 0.13 0.12 -0.99 -0.91 P057 # -1.0600 1.8900
-124.0750 40.8760 8.4059 36.5728 0.15 0.13 3.39 -3.49 P058 # -1.7600 22.5300
-123.7260 38.9280 -14.2438 50.6287 0.15 0.13 -1.31 0.98 P059 # -23.9900 36.6900
-122.4150 40.9980 4.3374 24.9830 0.17 0.15 -0.26 -2.89 P060 # -6.1200 11.4400
-124.0140 42.9670 14.9311 29.7346 0.23 0.17 -1.55 -3.58 P061 # 4.2600 15.7100
-121.0910 43.1120 12.7385 21.3362 0.15 0.14 -3.14 -2.65 P062 # 1.5600 8.2000
-120.9460 44.9230 15.4744 20.3412 0.15 0.13 -2.82 -2.74 P063 # 3.8400 7.2500
-123.4880 47.9700 19.9625 21.7474 0.21 0.25 -0.66 -1.49 P064 # 8.0700 7.8800
-120.9330 46.8440 17.0134 19.3571 0.17 0.15 -2.25 -2.23 P065 # 4.9300 6.2700
-116.1700 32.6170 -18.5511 39.6644 0.15 0.12 -0.42 0.95 P066 # -27.5900 28.1000
-121.0030 35.5520 -16.1905 51.0489 0.17 0.15 -2.43 0.50 P067 # -25.4600 37.9400
-117.9850 39.3060 5.3381 17.4447 0.15 0.13 1.42 -2.10 P068 # -5.3300 5.2900
-117.6050 39.2880 6.4242 16.6821 0.16 0.13 0.70 -2.00 P069 # -4.2900 4.6500
-104.6980 36.0450 10.1950 9.4303 0.14 0.13 0.34 -0.01 P070 # -0.9500 1.8400
-117.4010 39.3470 6.4169 16.6460 0.15 0.13 0.86 -2.15 P071 # -4.3400 4.6800
-116.7410 39.5210 6.6999 15.9914 0.15 0.14 0.86 -2.12 P072 # -4.1900 4.2400
-116.4240 39.5010 6.9757 15.6577 0.14 0.13 0.70 -1.97 P073 # -3.9500 4.0100
-116.0500 39.5460 7.3059 15.2149 0.15 0.14 0.54 -1.78 P074 # -3.6800 3.6900
-115.8890 39.3740 7.1802 15.0820 0.15 0.14 0.51 -1.72 P075 # -3.7800 3.6100
-115.5130 39.5360 7.5315 14.5878 0.15 0.12 0.37 -1.52 P076 # -3.5200 3.2400
-115.4320 39.3890 7.2920 14.4810 0.14 0.13 0.40 -1.53 P077 # -3.7300 3.1600
-117.8800 40.4330 7.9475 16.7908 0.15 0.12 -1.42 -1.47 P078 # -3.0300 4.6700
-114.6920 39.2550 7.7572 14.1751 0.17 0.16 0.32 -1.26 P079 # -3.3200 3.1000
-114.2770 39.1190 7.6604 13.6364 0.17 0.15 0.31 -1.14 P080 # -3.4300 2.7000
-113.8710 39.0670 7.7146 13.4401 0.15 0.13 0.29 -1.00 P081 # -3.4100 2.6400
-113.5050 39.2690 8.1037 13.1268 0.14 0.12 0.17 -0.92 P082 # -3.1200 2.4500
-117.4680 40.3210 6.6345 16.9477 0.18 0.14 0.86 -2.41 P083 # -4.3700 4.9600
-113.0540 40.4940 9.0931 12.6643 0.13 0.12 -0.42 -0.85 P084 # -2.5200 2.1400
-116.7360 40.4950 7.9184 15.2797 0.15 0.13 0.02 -1.70 P085 # -3.2300 3.5300
-112.2820 40.6490 10.0765 12.1917 0.17 0.15 -0.50 -0.75 P086 # -1.6700 1.9300
-116.2790 40.3630 7.8440 15.1802 0.14 0.14 0.13 -1.58 P087 # -3.3300 3.5800
-111.7230 40.7720 11.7750 12.1004 0.14 0.13 -0.54 -0.66 P088 # -0.0700 2.0300
-111.4150 40.8070 11.9098 12.4045 0.33 0.26 -0.49 -0.53 P089 # 0.0200 2.4400
-119.8000 39.5730 3.2373 22.0127 0.17 0.15 0.06 -2.29 P090 # -7.2500 9.2800
-117.5320 36.6140 2.5540 19.8385 0.15 0.14 2.40 -2.16 P091 # -7.4500 7.8300
-117.4070 36.8040 3.5916 19.0780 0.15 0.13 2.02 -2.03 P092 # -6.4800 7.1100
-117.9940 36.6060 0.7337 22.2876 0.16 0.14 2.04 -1.75 P093 # -9.2100 10.1300
-117.7040 37.2010 4.2321 19.6041 0.14 0.13 1.12 -2.61 P094 # -5.9100 7.5400
-119.5370 39.6980 4.0266 21.2597 0.16 0.14 -0.07 -2.22 P095 # -6.5300 8.6100
-119.3060 39.7960 4.9044 20.2066 0.17 0.15 -0.20 -2.21 P096 # -5.7100 7.6300
-118.8740 39.8390 5.2259 19.2994 0.15 0.13 -0.20 -2.12 P097 # -5.4600 6.8600
-118.6840 39.8890 5.6753 18.8288 0.15 0.13 -0.27 -2.09 P098 # -5.0500 6.4500
-118.1590 39.2120 6.3300 19.2806 0.14 0.12 0.11 -2.98 P099 # -4.2900 7.0700
-113.2940 41.8570 10.0418 12.8256 0.15 0.16 -1.08 -1.04 P100 # -1.9100 2.2200
-111.2360 41.6920 12.6927 12.0029 0.14 0.13 -0.86 -0.70 P101 # 0.5400 2.1000
-115.5560 39.9250 7.6906 14.6421 0.15 0.14 0.21 -1.49 P102 # -3.4600 3.2800
-113.0420 39.3450 8.2489 12.7502 0.16 0.14 0.11 -0.83 P103 # -3.0500 2.2300
-112.7170 39.1860 8.5124 12.7299 0.14 0.12 0.14 -0.74 P104 # -2.7800 2.3200
-112.5040 39.3880 8.4729 12.8574 0.14 0.16 0.07 -0.70 P105 # -2.9000 2.5200
-112.2620 39.4590 8.6003 12.5748 0.15 0.13 0.01 -0.65 P106 # -2.8200 2.3200
-107.8800 35.1320 8.8931 10.6901 0.15 0.13 0.77 -0.11 P107 # -1.7100 1.9600
-111.9450 39.5890 9.5224 12.4965 0.14 0.12 -0.05 -0.60 P108 # -1.9700 2.3500
-111.6510 39.5970 10.4176 12.3256 0.22 0.13 -0.05 -0.55 P109 # -1.1100 2.2800
-111.5710 39.7150 10.4895 12.8382 0.17 0.16 -0.10 -0.55 P110 # -1.0800 2.8200
-113.0120 41.8170 10.2558 12.5701 0.14 0.12 -1.06 -0.99 P111 # -1.7200 2.0600
-111.4500 39.8170 11.0015 12.1566 0.14 0.13 -0.16 -0.54 P112 # -0.6100 2.1800
-113.2780 40.6710 9.1044 12.7701 0.13 0.12 -0.50 -0.93 P113 # -2.5300 2.1700
-112.5280 40.6340 9.6536 12.3256 0.17 0.13 -0.49 -0.77 P114 # -2.0600 1.9800
-112.4280 40.4740 9.4415 12.3315 0.16 0.15 -0.42 -0.75 P115 # -2.2400 2.0200
-112.0140 40.4340 9.8485 12.0801 0.15 0.13 -0.40 -0.67 P116 # -1.8700 1.9100
-111.7510 40.4350 9.9789 11.7000 0.17 0.14 -0.40 -0.60 P117 # -1.7700 1.6200
-111.3500 40.6350 11.7797 12.0522 0.14 0.13 -0.47 -0.59 P118 # -0.0700 2.1100
-111.2580 40.7320 11.9469 12.0605 0.15 0.14 -0.50 -0.59 P119 # 0.0600 2.1500
-105.6260 35.0070 9.6032 9.9653 0.14 0.13 0.54 -0.05 P120 # -1.1500 2.0400
-112.6980 41.8030 10.6102 12.2834 0.13 0.12 -0.99 -0.91 P121 # -1.4000 1.8800
-112.3320 41.6350 11.2889 11.9287 0.13 0.12 -0.92 -0.85 P122 # -0.7200 1.6500
-105.9110 36.6350 10.1364 9.6877 0.14 0.12 0.36 -0.02 P123 # -1.0900 1.6600
-111.9570 41.5580 11.8824 12.3706 0.20 0.23 -0.85 -0.79 P124 # -0.1500 2.2200
-111.8990 41.5890 11.4877 11.8307 0.19 0.15 -0.87 -0.79 P125 # -0.5600 1.7000
-111.7810 41.5830 12.4299 12.1202 0.17 0.14 -0.85 -0.77 P126 # 0.3700 2.0300
-119.6000 39.4990 3.7064 21.6596 0.16 0.14 0.10 -2.24 P127 # -6.7900 8.9900
-119.0690 39.4860 4.6472 20.3014 0.15 0.13 0.09 -2.13 P128 # -5.9200 7.8000
-118.4500 39.1340 6.3901 19.9139 0.15 0.14 -0.56 -2.79 P129 # -4.1700 7.6100
-118.9380 39.2680 4.9985 20.4997 0.15 0.14 -0.01 -2.16 P130 # -5.5300 8.0400
-118.3510 39.4550 4.9878 19.3822 0.15 0.14 0.51 -2.69 P131 # -5.6700 7.1100
-118.0050 38.7290 6.2128 17.7211 0.14 0.13 0.19 -1.81 P132 # -4.3000 5.5600
-118.4600 38.7250 5.4410 20.2171 0.14 0.14 0.05 -2.46 P133 # -5.0100 7.9100
-118.9300 38.9810 4.5246 21.4372 0.15 0.12 -0.09 -2.38 P134 # -5.9300 8.9800
-119.0150 38.7050 3.6506 22.6342 0.20 0.17 0.23 -2.50 P135 # -6.7200 10.1500
-119.4590 38.7610 2.1744 23.4251 0.19 0.15 0.41 -2.39 P136 # -8.1500 10.8000
-119.4770 40.7800 7.0823 19.4608 0.18 0.15 -1.24 -1.97 P137 # -3.7600 6.8300
-119.0100 40.2420 6.4911 19.1726 0.18 0.14 -0.90 -2.01 P138 # -4.2800 6.6900
-119.7220 39.9080 4.2444 21.2981 0.18 0.14 -0.26 -2.24 P139 # -6.3400 8.5900
-120.6930 38.8290 -0.6409 24.9825 0.15 0.13 0.84 -2.63 P140 # -10.8100 11.9700
-120.3860 39.0470 0.0288 24.6967 0.17 0.15 0.58 -2.50 P141 # -10.2400 11.7800
-119.8110 39.1240 1.5198 23.5762 0.23 0.17 0.35 -2.34 P142 # -8.8500 10.8400
-119.7650 38.7600 0.3818 24.2217 0.20 0.15 0.58 -2.40 P143 # -9.9000 11.5000
-120.8930 39.4670 0.0235 24.3947 0.16 0.14 0.39 -2.67 P144 # -10.2800 11.3200
-119.6240 41.3580 8.3174 19.5872 0.15 0.14 -1.59 -1.94 P145 # -2.6500 6.9100
-120.5370 39.3370 0.7617 24.2038 0.17 0.15 0.41 -2.52 P146 # -9.5600 11.2400
-120.2840 39.9370 2.8913 22.5547 0.16 0.14 -0.19 -2.37 P147 # -7.6200 9.6700
-120.8060 40.4190 4.1871 22.6877 0.16 0.16 -0.53 -2.43 P148 # -6.3700 9.6400
-120.1050 39.6020 2.0814 22.5786 0.21 0.16 0.09 -2.38 P149 # -8.3700 9.7500
-120.0340 39.2920 1.0918 23.2563 0.19 0.17 0.31 -2.38 P150 # -9.2900 10.4500
-120.0770 40.2890 4.6408 21.3898 0.16 0.14 -0.56 -2.25 P151 # -5.9900 8.5700
-123.3600 41.8070 8.9039 27.9689 0.17 0.16 -0.72 -3.44 P154 # -1.6000 14.1400
-123.1890 41.2720 5.7926 27.1675 0.17 0.15 0.48 -3.34 P155 # -4.6100 13.3900
-123.9060 40.0240 -11.7131 43.9624 0.19 0.18 1.78 -3.91 P156 # -21.7000 29.9700
-124.3080 40.2480 -11.1724 51.8420 0.15 0.15 2.13 -3.23 P157 # -21.1500 37.7300
-124.1070 40.4220 0.7616 42.6323 0.15 0.17 3.44 -3.63 P158 # -9.2900 28.5800
-124.2830 40.5050 4.6735 45.5546 0.15 0.18 2.51 -2.91 P159 # -5.3700 31.4500
-124.1330 40.5510 4.2685 40.5700 0.15 0.12 3.12 -3.44 P160 # -5.8100 26.5100
-124.2130 40.6370 7.6364 40.9338 0.15 0.14 3.17 -3.19 P161 # -2.4500 26.8500
-124.2370 40.6910 9.2555 40.3309 0.14 0.12 3.26 -3.07 P162 # -0.8400 26.2400
-124.0570 40.2200 -7.4393 44.0374 0.16 0.16 2.77 -3.61 P163 # -17.4500 30.0000
-123.6930 40.1190 -6.4466 35.4088 0.14 0.14 1.60 -3.86 P164 # -16.4900 21.4800
-123.8530 40.2460 -3.6708 37.8066 0.16 0.16 1.73 -3.79 P165 # -13.7200 23.8300
-123.8630 40.4350 1.7734 36.3696 0.15 0.15 2.14 -3.95 P166 # -8.3200 22.3900
-123.8800 40.5440 3.7671 35.5347 0.14 0.15 2.32 -3.92 P167 # -6.3500 21.5500
-123.8810 40.6690 6.1471 34.7350 0.15 0.15 2.52 -3.89 P168 # -4.0000 20.7500
-123.9680 40.7910 7.5026 35.6309 0.13 0.12 3.07 -3.76 P169 # -2.6600 21.6200
-123.8630 40.8800 5.5908 32.2896 0.17 0.15 3.03 -3.92 P170 # -4.6100 18.3100
-121.7930 36.4860 -18.6520 49.0927 0.15 0.16 -0.56 1.48 P171 # -28.0600 35.7400
-121.7670 36.2280 -18.8858 49.8148 0.17 0.16 -1.05 1.31 P172 # -28.2300 36.4700
-121.2900 35.9460 -17.8647 49.6278 0.16 0.15 -1.41 0.41 P173 # -27.2000 36.4300
-121.0510 36.3020 -18.6885 49.8338 0.16 0.14 -0.05 -0.90 P174 # -28.1500 36.7100
-121.1350 36.4260 -18.8373 50.0798 0.16 0.13 0.15 -0.86 P175 # -28.3200 36.9300
-122.3570 37.4720 -14.3170 45.8053 0.17 0.15 -0.66 0.44 P176 # -23.9000 32.2800
-122.4950 37.5280 -14.4726 47.4873 0.17 0.17 -1.24 1.07 P177 # -24.0500 33.9200
-122.3320 37.5350 -12.8073 43.9377 0.19 0.13 -0.05 -0.46 P178 # -22.4100 30.4200
-123.6860 42.0990 10.1508 28.9967 0.19 0.16 -1.02 -3.81 P179 # -0.3700 15.0700
-121.4030 36.2930 -18.2888 49.8027 0.17 0.14 -0.64 0.27 P180 # -27.7000 36.5700
-122.3770 37.9150 -11.0269 42.7814 0.14 0.13 1.56 -3.00 P181 # -20.7200 29.2500
-123.1810 38.4950 -11.1890 48.6751 0.15 0.13 -0.86 -0.49 P182 # -20.9100 34.9000
-123.0690 38.3140 -11.9577 48.9713 0.14 0.12 -1.00 0.28 P183 # -21.6500 35.2300
-123.7090 39.1170 -13.9946 47.1236 0.16 0.14 -0.12 -0.46 P184 # -23.7900 33.1900
-123.7490 39.2610 -14.0353 46.7256 0.15 0.12 0.50 -1.54 P185 # -23.8600 32.7800
-123.5180 39.1500 -12.8072 44.6664 0.17 0.15 1.19 -2.54 P186 # -22.6400 30.7900
-123.6030 39.3520 -14.0404 43.2819 0.19 0.17 1.62 -3.15 P187 # -23.9100 29.3800
-123.2300 38.6680 -10.3232 47.8798 0.17 0.15 -0.29 -2.17 P188 # -20.0800 34.0900
-123.3480 38.9870 -11.4716 45.4453 0.14 0.13 0.84 -2.96 P189 # -21.2900 31.6200
-123.2040 39.2420 -9.6165 37.7520 0.18 0.14 1.61 -3.70 P190 # -19.5200 23.9700
-123.6320 42.2750 10.8013 28.5105 0.18 0.16 -1.45 -3.71 P191 # 0.2300 14.6000
-123.1050 39.3200 -7.1221 34.5621 0.15 0.14 1.64 -3.84 P192 # -17.0600 20.8100
-122.9080 38.1230 -12.8119 48.0626 0.15 0.13 -0.58 0.50 P193 # -22.4800 34.3700
-122.8160 38.1860 -10.9824 45.5748 0.16 0.13 0.70 -1.38 P194 # -20.6800 31.9100
-122.9590 38.6650 -8.9133 45.7580 0.19 0.17 1.21 -3.83 P195 # -18.7100 32.0500
-122.7430 38.2980 -9.6234 44.4226 0.14 0.12 1.68 -3.10 P196 # -19.3600 30.7800
-122.7670 38.4290 -8.6340 45.1099 0.17 0.15 1.74 -3.63 P197 # -18.4000 31.4600
-122.6070 38.2600 -9.1030 42.5814 0.17 0.14 1.94 -3.40 P198 # -18.8500 28.9800
-122.5030 38.2640 -7.2667 39.5098 0.15 0.14 1.98 -3.56 P199 # -17.0300 25.9400
-122.4520 38.2400 -7.3953 38.8442 0.15 0.15 2.07 -3.63 P200 # -17.1600 25.2900
-122.6580 38.5600 -5.1049 38.1169 0.16 0.14 1.72 -3.90 P201 # -14.9200 24.5000
-122.4960 38.4240 -6.3252 37.4376 0.18 0.15 1.93 -3.76 P202 # -16.1300 23.8700
-122.9170 38.8660 -6.4267 36.6053 0.27 0.16 1.10 -4.00 P203 # -16.2800 22.9100
-122.7110 38.6660 -4.2161 38.3529 0.17 0.14 1.49 -3.96 P204 # -14.0500 24.7200
-122.9630 39.3980 -6.3012 33.1493 0.20 0.20 1.43 -3.77 P205 # -16.2800 19.4400
-122.5760 38.7780 -3.1379 35.1220 0.17 0.15 1.37 -3.90 P206 # -13.0200 21.5300
-122.7190 39.2600 -3.3786 26.9954 0.19 0.19 1.28 -3.83 P207 # -13.3600 13.3600
-122.3040 39.1090 -1.4043 26.5291 0.15 0.13 1.12 -3.64 P208 # -11.4100 13.0200
-122.1270 37.0690 -16.3877 47.2751 0.16 0.15 -0.87 1.53 P209 # -25.9000 33.8200
-121.7320 36.8160 -18.6977 47.0740 0.14 0.12 0.38 0.87 P210 # -28.2000 33.7400
-121.6980 36.8790 -18.3866 46.7136 0.15 0.14 0.88 0.25 P211 # -27.9100 33.3900
-121.8630 36.9620 -17.6482 46.2142 0.15 0.15 0.60 0.99 P212 # -27.1700 32.8400
-121.9910 37.2020 -13.0242 43.8335 0.16 0.13 0.63 -0.51 P213 # -22.5900 30.4200
-121.7970 37.0010 -16.5188 45.4140 0.19 0.17 1.19 0.12 P214 # -26.0600 32.0600
-121.7630 37.0490 -14.6716 42.6235 0.17 0.16 1.64 -0.64 P215 # -24.2300 29.2800
-121.7260 37.0020 -15.2186 43.4522 0.16 0.14 1.60 -0.47 P216 # -24.7700 30.1200
-121.6510 37.1040 -12.7516 39.6591 0.15 0.14 2.14 -1.61 P217 # -22.3400 26.3500
-121.7140 37.2040 -12.7346 40.2385 0.18 0.16 1.99 -2.10 P218 # -22.3400 26.9100
-122.2850 37.3420 -13.2300 45.8533 0.41 0.21 -0.91 0.89 P219 # -22.7900 32.3500
-122.2140 37.3300 -13.8830 45.2917 0.17 0.17 -0.45 0.39 P220 # -23.4500 31.8100
-122.0990 37.3370 -12.4948 43.7365 0.17 0.15 0.51 -0.83 P221 # -22.0800 30.2900
-122.0830 37.5390 -12.3306 41.9516 0.15 0.12 1.63 -2.66 P222 # -21.9700 28.5100
-122.1000 37.7220 -8.0361 37.1668 0.16 0.13 1.81 -3.15 P223 # -17.7200 23.7200
-122.2190 37.8640 -7.4570 37.6332 0.17 0.13 1.77 -3.37 P224 # -17.1600 24.1500
-122.0580 37.7140 -8.0322 36.3540 0.14 0.14 1.89 -3.30 P225 # -17.7200 22.9200
-121.8260 37.3370 -12.3060 41.5429 0.28 0.16 1.82 -2.57 P226 # -21.9300 28.1800
-121.7900 37.5330 -4.9204 31.1618 0.15 0.15 2.01 -3.09 P227 # -14.6000 17.8100
-121.6870 37.6020 -3.9680 29.5102 0.15 0.14 1.98 -3.07 P228 # -13.6800 16.1900
-121.9780 37.7490 -6.7117 34.2095 0.16 0.14 1.92 -3.36 P229 # -16.4200 20.8000
-121.7860 37.8190 -3.4063 27.6706 0.18 0.15 1.93 -3.29 P230 # -13.1600 14.3200
-121.9050 36.6220 -18.4822 48.3771 0.16 0.16 -0.42 1.78 P231 # -27.9100 34.9900
-121.5790 36.7240 -18.9204 49.0669 0.16 0.13 0.39 0.24 P232 # -28.4200 35.7800
-121.4200 36.8000 -9.6285 41.5579 0.16 0.14 1.26 -0.90 P233 # -19.1700 28.3200
-121.5910 36.8590 -18.6069 47.4006 0.16 0.13 1.14 -0.36 P234 # -28.1400 34.1100
-121.5420 36.8140 -18.8118 49.2055 0.16 0.15 1.01 -0.41 P235 # -28.3400 35.9300
-121.5540 36.9040 -13.7300 41.0892 0.17 0.14 1.58 -0.81 P236 # -23.2800 27.8100
-121.3870 36.6370 -18.7865 49.6977 0.16 0.14 0.49 -0.48 P237 # -28.2900 36.4700
-121.4530 36.8490 -9.3703 41.2081 0.25 0.20 1.54 -0.96 P238 # -18.9200 27.9600
-121.5480 36.9620 -12.5341 38.5374 0.17 0.14 1.85 -1.14 P239 # -22.1000 25.2600
-121.5420 37.0080 -12.3813 39.2355 0.16 0.16 2.13 -1.37 P240 # -21.9600 25.9600
-121.5740 37.2130 -5.6226 29.4354 0.18 0.14 2.16 -2.20 P241 # -15.2500 16.1500
-121.4630 36.9540 -11.5344 38.7512 0.16 0.19 1.98 -1.35 P242 # -21.1100 25.5000
-121.3350 36.9180 -5.0260 27.2617 0.16 0.14 1.93 -1.50 P243 # -14.6100 14.0500
-121.3550 37.0110 -5.5445 26.4578 0.15 0.13 2.16 -1.68 P244 # -15.1500 13.2400
-119.7060 37.7130 -1.3242 25.8131 0.17 0.15 1.16 -2.51 P245 # -11.3400 13.1100
-121.1880 36.5600 -18.5794 50.6362 0.15 0.15 0.53 -1.01 P247 # -28.0900 37.4700
-121.8690 37.9760 -3.3080 28.7261 0.16 0.14 1.88 -3.39 P248 # -13.0900 15.3500
-121.0640 36.6120 -0.3188 27.5878 0.21 0.17 0.88 -1.48 P249 # -9.8600 14.4600
-121.2680 36.9500 -4.5583 26.7810 0.15 0.14 2.02 -1.69 P250 # -14.1600 13.5900
-121.3480 36.8110 -4.4157 29.9557 0.15 0.14 1.44 -1.18 P251 # -13.9700 16.7400
-121.0580 37.1700 -3.4619 25.6359 0.15 0.13 2.16 -2.23 P252 # -13.1500 12.5100
-121.6530 37.4780 -4.2152 28.8597 0.16 0.16 2.05 -2.89 P253 # -13.9000 15.5500
-121.4690 37.4900 -3.4461 27.2730 0.17 0.16 2.02 -2.70 P254 # -13.1600 14.0200
-121.3250 37.5820 -3.1421 26.8386 0.15 0.13 1.97 -2.70 P255 # -12.9000 13.6300
-121.6050 37.9320 -3.0615 26.7749 0.14 0.12 1.84 -3.16 P256 # -12.8700 13.4800
-121.4640 37.7550 -3.2770 26.7715 0.15 0.14 1.89 -2.94 P257 # -13.0600 13.5200
-121.2830 37.3850 -3.7672 26.0756 0.18 0.15 2.06 -2.39 P258 # -13.4800 12.8800
-122.2180 38.1530 -4.4232 33.7629 0.18 0.14 1.98 -3.63 P261 # -14.2000 20.2800
-122.0960 38.0250 -5.7082 33.9456 0.20 0.17 1.96 -3.54 P262 # -15.4700 20.5000
-122.4290 38.5780 -4.1765 34.2872 0.18 0.15 1.66 -3.78 P263 # -14.0300 20.7400
-122.1950 38.4440 -3.2960 29.8859 0.16 0.14 1.78 -3.63 P264 # -13.1500 16.4100
-121.8440 38.1840 -2.7512 27.2884 0.15 0.13 1.81 -3.39 P266 # -12.5900 13.9200
-122.3550 39.0000 -0.3293 27.3047 0.20 0.15 1.18 -3.69 P269 # -10.3000 13.7800
-121.0950 38.6450 -1.4056 25.3974 0.14 0.11 1.13 -2.83 P276 # -11.4700 12.2600
-122.3670 37.1920 -16.3602 48.9784 0.16 0.13 -1.53 1.83 P277 # -25.8700 35.4500
-121.0610 35.7110 -17.0561 49.1669 0.35 0.33 -2.64 0.24 P278 # -26.3600 36.0400
-121.0620 35.7910 -16.8350 48.9472 0.34 0.28 -2.46 0.16 P279 # -26.1600 35.8200
-120.3480 35.5440 -13.0062 44.2348 0.35 0.31 -3.12 -0.11 P280 # -22.3600 31.3300
-120.9070 35.9330 -15.6566 48.2591 0.43 0.41 -1.84 -0.39 P284 # -25.0400 35.1800
-120.9810 36.4170 -2.3087 29.6720 0.15 0.13 0.38 -1.34 P285 # -11.8100 16.5700
-120.8530 36.5160 -1.3453 27.5123 0.17 0.17 0.83 -1.89 P286 # -10.8900 14.4500
-120.8790 36.1400 -18.1180 49.3304 0.15 0.14 -0.36 -1.07 P288 # -27.5600 36.2600
-120.7490 36.1070 -17.9893 49.1799 0.16 0.12 -0.14 -1.45 P289 # -27.4400 36.1500
-120.7280 36.1790 -0.0574 27.9634 0.14 0.13 0.08 -1.66 P290 # -9.5300 14.9400
-120.6450 35.9230 -14.8843 48.6575 0.35 0.29 -1.50 -1.07 P291 # -24.3000 35.6600
-120.8420 35.6970 -15.2206 48.3689 0.32 0.29 -2.96 -0.11 P295 # -24.5500 35.3100
-120.7100 36.2570 0.6456 29.1978 0.33 0.63 0.41 -1.89 P299 # -8.8500 16.1800
-120.1970 37.3520 -2.0860 25.9875 0.14 0.12 1.56 -2.73 P305 # -11.9400 13.1300
-120.6440 37.7950 -2.4716 25.6672 0.15 0.13 1.62 -2.58 P306 # -12.3800 12.6700
-119.8400 37.9010 -1.4130 25.4853 0.16 0.14 1.17 -2.54 P308 # -11.4600 12.7400
-120.9510 38.0900 -2.3880 25.6627 0.16 0.12 1.53 -2.71 P309 # -12.3300 12.5700
-120.3340 38.7360 -0.4941 24.8504 0.15 0.14 0.82 -2.50 P310 # -10.6900 11.9500
-118.5200 37.1780 1.6209 23.7563 0.17 0.17 0.37 -1.76 P311 # -8.4100 11.4300
-123.6980 39.5290 -14.6216 44.1303 0.19 0.17 1.79 -3.42 P312 # -24.5200 30.2000
-123.5650 39.5540 -14.1449 41.6405 0.17 0.16 1.85 -3.60 P313 # -24.0700 27.7500
-123.5820 39.6860 -14.5951 39.3756 0.14 0.12 1.87 -3.72 P314 # -24.5500 25.4800
-123.7170 39.8640 -13.7025 40.2160 0.16 0.14 1.78 -3.83 P315 # -23.6800 26.2800
-124.0860 41.5590 7.8873 31.4261 0.19 0.18 1.84 -4.80 P316 # -2.4400 17.3800
-123.5520 39.9060 -9.6165 33.8066 0.17 0.15 1.60 -3.73 P317 # -19.6300 19.9200
-123.3720 39.4520 -10.0703 34.2725 0.15 0.13 1.78 -3.63 P318 # -20.0000 20.4400
-123.2950 39.7070 -9.6256 28.9794 0.15 0.18 1.61 -3.65 P319 # -19.6300 15.1700
-123.1870 39.4930 -9.1418 33.4669 0.17 0.17 1.65 -3.73 P320 # -19.1100 19.6900
-123.3950 39.8970 -6.2044 35.4795 0.19 0.16 1.44 -3.63 P321 # -16.2400 21.6400
-123.1820 39.9620 -2.7355 26.9454 0.17 0.18 1.27 -3.56 P322 # -12.8200 13.1700
-123.6560 40.2570 -2.5572 33.9077 0.16 0.14 1.39 -3.83 P324 # -12.6400 19.9900
-123.8830 41.1520 6.7530 30.4956 0.16 0.14 2.57 -3.86 P325 # -3.5100 16.5100
-123.6990 40.5750 2.4232 29.5806 0.15 0.13 1.73 -3.95 P326 # -7.7300 15.6500
-123.5730 40.4790 0.5098 28.9529 0.18 0.17 1.27 -3.80 P327 # -9.6400 15.0600
-123.4520 40.0820 -5.6379 32.0666 0.16 0.15 1.28 -3.68 P329 # -15.7100 18.2100
-123.1360 40.3240 -0.1396 26.8615 0.20 0.15 0.96 -3.56 P330 # -10.3200 13.1000
-123.3240 40.7330 2.6707 27.5981 0.19 0.14 1.23 -3.67 P331 # -7.5800 13.7800
-123.1750 40.5470 1.2988 27.0532 0.18 0.15 1.09 -3.68 P332 # -8.9300 13.2800
-122.9760 39.6210 -3.1279 27.3132 0.18 0.16 1.40 -3.63 P333 # -13.1600 13.6000
-122.7360 39.4940 -2.2129 26.9505 0.19 0.18 1.26 -3.67 P334 # -12.2500 13.3100
-122.8740 39.7260 -2.3764 26.6223 0.18 0.17 1.23 -3.55 P335 # -12.4500 12.9400
-122.4300 39.5280 -0.8883 25.9875 0.16 0.14 1.02 -3.54 P336 # -10.9800 12.4400
-122.8690 40.2960 0.0349 26.2708 0.20 0.20 0.74 -3.42 P337 # -10.1800 12.5900
-122.9230 40.7480 2.6372 26.3072 0.17 0.14 0.72 -3.38 P338 # -7.6800 12.6100
-122.6680 40.0340 -0.2488 26.1099 0.17 0.16 0.80 -3.38 P339 # -10.4300 12.4900
-122.6070 40.6510 1.9926 25.5814 0.17 0.17 0.37 -3.21 P341 # -8.3500 11.9800
-123.3340 40.8870 3.5465 27.8311 0.18 0.14 1.23 -3.63 P343 # -6.7400 14.0100
-122.0280 39.9290 -0.3278 25.3648 0.15 0.12 0.49 -3.13 P344 # -10.5800 11.9400
-122.2710 40.2710 0.6405 25.3491 0.16 0.12 0.42 -3.11 P345 # -9.6600 11.8500
-120.8670 39.7950 0.6406 23.9466 0.21 0.16 0.11 -2.61 P346 # -9.7500 10.8800
-120.9480 41.1830 6.4771 21.8318 0.15 0.14 -1.31 -2.32 P347 # -4.2500 8.7400
-121.8280 40.9060 4.3351 23.5135 0.18 0.14 -0.55 -2.66 P348 # -6.1900 10.1500
-122.3190 40.7310 2.9367 24.5437 0.17 0.16 0.02 -2.96 P349 # -7.4700 11.0300
-114.8630 43.5330 12.2094 13.5321 0.16 0.17 -1.88 -1.52 P350 # 0.0200 2.4000
-114.7190 43.8740 12.8662 13.4941 0.17 0.17 -2.02 -1.51 P351 # 0.5700 2.4100
-114.0960 43.8490 12.5825 12.9657 0.16 0.16 -1.91 -1.45 P352 # 0.2100 2.0900
-113.9790 44.0550 12.9210 13.0264 0.16 0.14 -1.99 -1.48 P353 # 0.4800 2.1900
-113.9790 44.1090 13.3549 13.3064 0.16 0.13 -2.05 -1.46 P354 # 0.9000 2.4700
-113.7220 44.2180 13.5467 13.0400 0.21 0.16 -1.71 -1.23 P355 # 1.0300 2.2900
-110.4890 43.8170 13.3716 11.1146 0.16 0.15 -1.39 -0.91 P356 # 0.5600 1.4700
-113.5820 44.2270 13.3873 12.9628 0.16 0.14 -1.66 -1.20 P357 # 0.8500 2.2600
-113.2410 44.4020 13.9066 12.8376 0.20 0.18 -1.62 -1.18 P358 # 1.2800 2.2500
-111.5300 43.4820 12.2994 10.9441 0.15 0.14 -1.48 -1.22 P359 # -0.3000 0.9400
-111.4510 44.3180 13.1694 10.8569 0.13 0.13 -1.91 -1.95 P360 # 0.3400 0.8800
-124.2260 42.2090 11.6982 30.5577 0.19 0.14 0.01 -3.94 P362 # 1.2400 16.4700
-124.0540 42.8600 14.2394 29.4465 0.23 0.20 -1.39 -3.58 P363 # 3.6000 15.4100
-124.4090 43.0900 17.6435 30.5219 0.17 0.13 -1.82 -2.49 P364 # 7.0100 16.3800
-124.2530 43.3960 15.9007 29.2757 0.17 0.14 -0.81 -2.88 P365 # 5.1700 15.1800
-123.9800 43.6140 15.2872 28.2745 0.21 0.18 -1.01 -3.16 P366 # 4.4600 14.2600
-124.0620 44.5850 17.8364 27.2789 0.21 0.14 0.47 -2.03 P367 # 6.8000 13.2400
-123.3830 42.5040 11.7262 27.3458 0.16 0.14 -2.12 -3.45 P368 # 1.0600 13.5100
-123.4290 43.1400 13.8687 27.0297 0.17 0.14 -2.58 -3.55 P369 # 3.0600 13.1800
-122.6560 42.1910 10.8689 25.1963 0.18 0.15 -2.16 -2.91 P370 # 0.1600 11.5800
-123.0580 43.3630 14.4923 25.9180 0.17 0.13 -2.89 -3.45 P371 # 3.5700 12.1800
-117.2520 45.4280 15.2476 15.8877 0.15 0.14 -2.27 -1.92 P372 # 2.9200 3.9700
-123.3330 43.6230 14.8878 26.5308 0.16 0.15 -2.37 -3.49 P373 # 3.9500 12.7100
-123.5910 44.3820 16.4704 26.5183 0.16 0.18 -0.99 -2.88 P374 # 5.4000 12.6200
-123.4270 44.6890 17.1688 25.9591 0.16 0.20 -1.07 -2.76 P375 # 6.0000 12.1100
-123.1020 44.9410 16.9819 25.3112 0.15 0.15 -1.42 -2.85 P376 # 5.7000 11.5600
-122.8870 44.0520 16.2921 24.9563 0.17 0.13 -2.49 -3.32 P377 # 5.1800 11.2700
-122.9310 44.5350 16.5270 24.7396 0.19 0.14 -2.00 -3.12 P378 # 5.3100 11.0400
-122.5770 44.4970 16.6673 24.0023 0.26 0.20 -2.46 -3.15 P379 # 5.4000 10.4100
-121.7800 42.2600 10.7441 22.7488 0.14 0.13 -2.57 -2.57 P380 # -0.1200 9.4000
-119.9520 43.0020 12.7776 19.4506 0.16 0.14 -2.67 -2.31 P381 # 1.4500 6.6700
-121.7700 43.1770 13.3368 22.6657 0.17 0.15 -3.27 -2.91 P382 # 2.2500 9.3200
-122.2170 44.3420 15.8106 23.3426 0.17 0.15 -2.75 -3.15 P383 # 4.5200 9.8600
-122.4830 44.8410 16.6029 23.7937 0.19 0.15 -2.18 -2.98 P384 # 5.2400 10.2300
-121.9460 44.4350 16.1169 22.6897 0.19 0.18 -2.85 -3.05 P385 # 4.7600 9.2900
-118.9680 44.4030 14.1199 17.7193 0.15 0.15 -2.59 -2.26 P386 # 2.3000 5.2500
-121.5740 44.2970 15.7450 21.7754 0.19 0.15 -3.02 -2.98 P387 # 4.3600 8.4900
-120.3780 42.4690 11.0617 20.3742 0.17 0.16 -2.55 -2.27 P388 # -0.0700 7.4600
-120.6030 43.8120 14.0040 20.1944 0.15 0.14 -3.03 -2.67 P389 # 2.5800 7.2100
-118.9280 43.0340 12.0193 17.9466 0.15 0.13 -2.33 -2.12 P390 # 0.5300 5.4900
-118.4120 42.2550 10.7697 17.3918 0.16 0.14 -1.88 -1.97 P391 # -0.6000 5.1000
-119.0010 43.4470 12.5507 17.4898 0.15 0.14 -2.51 -2.19 P392 # 0.9700 5.0100
-117.8920 43.2340 12.3412 16.4947 0.15 0.13 -2.16 -1.94 P393 # 0.6500 4.3700
-117.8000 44.8350 14.6613 16.3850 0.14 0.13 -2.36 -2.03 P394 # 2.5600 4.2900
-123.8580 45.0220 18.4310 27.1081 0.20 0.16 -0.21 -2.14 P395 # 7.2600 13.1300
-123.8230 45.3100 18.9424 26.9077 0.27 0.18 -0.19 -2.17 P396 # 7.7000 12.9400
-123.7990 46.4220 18.6362 25.7405 0.25 0.16 0.59 -2.05 P397 # 7.1400 11.7800
-123.9160 46.9260 21.2570 25.9954 0.16 0.14 0.80 -1.72 P398 # 9.6700 12.0000
-123.6130 47.4340 20.2329 23.8049 0.20 0.17 0.07 -1.74 P399 # 8.4800 9.9000
-123.8120 47.5130 21.1345 23.7644 0.28 0.21 0.42 -1.59 P400 # 9.4000 9.8000
-124.5570 47.9370 24.1610 25.4357 0.14 0.13 2.73 0.19 P401 # 12.4700 11.2500
-124.3060 47.7660 23.6901 26.0114 0.16 0.15 1.93 -0.61 P402 # 11.9900 11.9000
-124.1410 48.0620 21.2342 24.1524 0.19 0.21 0.37 -0.84 P403 # 9.4400 10.0900
-123.3900 45.1590 17.4027 25.7679 0.15 0.21 -0.92 -2.58 P404 # 6.1200 11.9300
-123.6440 45.6290 18.2056 25.9941 0.21 0.17 -0.28 -2.33 P405 # 6.8600 12.0800
-123.1520 45.1900 17.1704 25.0163 0.17 0.17 -1.20 -2.68 P406 # 5.8400 11.2500
-123.9310 45.9550 22.2287 26.4299 0.22 0.17 0.40 -2.15 P407 # 10.8600 12.4300
-123.3770 46.2010 18.0008 24.8040 0.17 0.18 -0.28 -2.26 P408 # 6.4800 10.9700
-123.2390 45.8510 17.8559 25.1925 0.15 0.18 -0.70 -2.40 P409 # 6.3900 11.4000
-123.0790 46.1110 17.7723 24.2943 0.18 0.19 -0.75 -2.34 P410 # 6.2200 10.5500
-123.1570 45.5380 17.3590 24.7278 0.17 0.19 -0.98 -2.56 P411 # 5.9500 10.9600
-122.5890 45.2210 17.2529 24.1659 0.18 0.13 -1.82 -2.80 P412 # 5.8200 10.5700
-120.1500 48.4270 17.0440 17.6627 0.15 0.15 -2.28 -1.99 P413 # 4.4700 4.8200
-122.6930 45.8350 17.4860 23.6375 0.22 0.14 -1.37 -2.53 P414 # 5.9300 10.0100
-123.7300 46.6560 19.3204 25.7199 0.24 0.15 0.50 -1.90 P415 # 7.7600 11.7800
-121.5970 47.0400 17.1463 20.4025 0.18 0.17 -2.04 -2.16 P416 # 5.1300 7.1100
-123.2980 46.5750 17.6984 24.1803 0.18 0.17 -0.27 -2.07 P417 # 6.0800 10.3700
-123.4080 47.2370 18.9460 23.5934 0.17 0.14 -0.14 -1.84 P418 # 7.2000 9.7500
-123.3670 47.4090 19.1912 22.7010 0.21 0.18 -0.33 -1.80 P419 # 7.4000 8.8700
-122.8660 46.5890 17.1168 23.2299 0.21 0.16 -0.90 -2.14 P420 # 5.4200 9.5500
-122.4290 46.5320 17.2893 22.7072 0.21 0.14 -1.41 -2.25 P421 # 5.5300 9.1600
-116.9800 46.7980 16.0196 15.4093 0.14 0.14 -2.20 -1.85 P422 # 3.3200 3.5800
-122.9410 47.2880 18.3098 22.7226 0.17 0.14 -0.91 -1.88 P423 # 6.4700 9.0200
-122.8750 47.8230 19.1097 21.2926 0.19 0.18 -1.34 -1.79 P424 # 7.1400 7.6100
-122.8450 46.4530 17.0398 23.0836 0.23 0.16 -0.96 -2.21 P425 # 5.3700 9.4100
-122.5150 47.8030 18.7787 20.8934 0.17 0.15 -1.65 -1.85 P426 # 6.7500 7.3200
-122.3410 45.4300 16.9728 23.3404 0.17 0.13 -1.91 -2.75 P427 # 5.4500 9.8200
-121.8770 45.6760 16.5973 22.3785 0.18 0.15 -2.10 -2.65 P429 # 4.9400 9.0000
-123.4360 47.0040 18.7395 23.6418 0.21 0.17 -0.02 -1.89 P430 # 7.0500 9.7900
-121.9880 46.5720 17.3937 21.9426 0.21 0.16 -1.78 -2.29 P431 # 5.5500 8.5300
-121.6830 46.6230 17.0170 20.7289 0.17 0.15 -2.07 -2.30 P432 # 5.1100 7.4100
-119.8720 44.5330 14.4220 18.8454 0.18 0.19 -2.80 -2.48 P433 # 2.7100 6.0900
-121.0760 47.7400 17.3230 19.0115 0.16 0.16 -2.27 -2.05 P434 # 5.0600 5.8800
-123.5030 48.0600 19.7094 22.0419 0.18 0.21 -0.75 -1.43 P435 # 7.8000 8.1700
-123.1340 48.0450 19.2923 21.5109 0.16 0.14 -1.23 -1.65 P436 # 7.3200 7.7500
-122.4590 48.0020 18.9025 20.5164 0.16 0.15 -1.80 -1.89 P437 # 6.8200 6.9600
-122.6700 48.4190 18.7468 20.2005 0.15 0.12 -1.98 -1.80 P438 # 6.6100 6.5800
-122.9090 48.7080 19.2470 20.5529 0.17 0.14 -1.92 -1.76 P439 # 7.0900 6.8600
-122.4930 48.8560 18.6136 20.0567 0.15 0.14 -2.14 -1.90 P440 # 6.3500 6.4900
-122.1400 48.9160 18.3394 19.2591 0.18 0.18 -2.26 -1.96 P441 # 6.0000 5.8000
-121.6160 48.2600 17.9467 19.0983 0.17 0.17 -2.28 -1.97 P442 # 5.6600 5.8000
-121.2860 48.5100 17.9993 19.1465 0.19 0.23 -2.32 -1.98 P443 # 5.6000 5.9500
-121.0680 48.7300 17.7657 18.7390 0.18 0.19 -2.40 -1.96 P444 # 5.2800 5.6100
-120.6720 45.5900 15.9256 19.7759 0.14 0.13 -2.58 -2.54 P445 # 4.0900 6.7700
-122.8930 46.1160 17.4455 23.6981 0.22 0.18 -1.05 -2.37 P446 # 5.8600 10.0100
-119.6900 45.4530 15.1304 18.1880 0.14 0.14 -2.56 -2.40 P447 # 3.1700 5.4900
-120.0050 45.9110 16.0886 18.4172 0.14 0.13 -2.53 -2.36 P448 # 4.0700 5.6200
-119.6310 46.2600 15.9904 18.1794 0.14 0.13 -2.42 -2.26 P449 # 3.8300 5.5000
-119.5440 45.9530 15.7220 18.3719 0.13 0.13 -2.49 -2.28 P450 # 3.6200 5.7200
-119.0410 46.7930 16.1095 17.3325 0.13 0.12 -2.35 -2.11 P451 # 3.7300 4.8400
-119.4870 47.4040 16.5000 17.2539 0.15 0.14 -2.35 -2.06 P452 # 4.0500 4.6200
-118.7450 47.7590 16.4718 16.6482 0.14 0.14 -2.29 -1.96 P453 # 3.8200 4.2500
-118.9930 47.9540 16.6169 16.8372 0.14 0.13 -2.29 -1.97 P454 # 3.9600 4.3600
-112.7290 44.4860 13.8540 12.1740 0.16 0.16 -1.69 -1.22 P455 # 1.1400 1.7600
-110.7460 43.7480 13.5032 10.4037 0.29 0.21 -1.38 -1.04 P459 # 0.7400 0.6700
-110.7590 45.3540 15.3135 11.3282 0.14 0.13 -1.14 -0.04 P461 # 2.1300 1.5900
-116.6290 36.0710 4.0052 17.1848 0.16 0.15 2.64 -1.58 P462 # -5.9600 5.4700
-117.1650 36.0220 2.1466 20.0095 0.16 0.13 2.79 -1.48 P463 # -7.7400 8.1200
-117.4100 36.1590 1.2544 20.8589 0.17 0.14 2.84 -1.54 P464 # -8.6400 8.8900
-118.1320 36.4670 -0.4716 23.7519 0.21 0.17 1.68 -0.61 P465 # -10.3600 11.5500
-117.7890 36.5310 1.2491 21.4315 0.16 0.14 2.44 -2.32 P466 # -8.7000 9.3400
-118.0910 36.5700 0.4116 22.8888 0.17 0.14 1.72 -0.97 P467 # -9.5100 10.7000
-118.1180 36.9760 1.9283 22.2274 0.15 0.13 1.48 -2.40 P468 # -8.1000 10.0300
-117.9360 37.2310 3.6306 20.8389 0.15 0.13 0.97 -2.89 P469 # -6.4900 8.7000
-117.3940 34.4620 -5.5249 28.1638 0.14 0.13 1.56 0.65 P470 # -14.9500 16.2000
-117.5410 33.5620 -16.4752 38.4114 0.14 0.13 -0.19 2.66 P471 # -25.6300 26.4000
-117.1050 32.8890 -18.8965 39.3200 0.14 0.12 -0.53 2.04 P472 # -27.9100 27.4500
-116.9500 32.7340 -19.1634 39.5995 0.13 0.12 -0.75 1.81 P473 # -28.1500 27.7800
-117.2490 33.3550 -17.5202 38.1967 0.13 0.12 -0.00 2.37 P474 # -26.6500 26.2800
-117.2440 32.6660 -20.0958 40.9051 0.15 0.13 -0.89 1.98 P475 # -29.0300 28.9900
-117.1900 33.4400 -16.9093 37.5276 0.15 0.12 0.10 2.35 P476 # -26.0700 25.6300
-117.1130 33.5030 -15.7126 37.1726 0.15 0.14 0.22 2.29 P477 # -24.9000 25.3000
-117.0720 33.2360 -17.9038 38.3992 0.13 0.12 -0.06 2.12 P478 # -27.0200 26.5400
-116.7830 33.4930 -14.5579 35.0051 0.14 0.12 0.66 1.68 P479 # -23.7800 23.2400
-116.3490 32.9760 -17.8973 37.6031 0.16 0.15 0.21 1.05 P480 # -27.0200 25.9800
-116.0110 32.8220 -15.9946 37.5921 0.17 0.14 -0.32 -0.17 P481 # -25.1100 26.0800
-116.6710 33.2400 -16.8974 36.9285 0.15 0.13 0.46 1.65 P482 # -26.0600 25.2000
-116.5690 33.0590 -17.9778 38.0652 0.17 0.12 0.13 1.43 P483 # -27.1000 26.3700
-116.6210 33.3760 -15.1730 35.1022 0.16 0.13 0.65 1.51 P484 # -24.3800 23.3900
-116.4090 33.2100 -16.1568 35.6328 0.19 0.17 0.37 0.60 P485 # -25.3400 23.9900
-116.3220 33.2600 -14.6327 34.5043 0.15 0.14 0.77 0.92 P486 # -23.8400 22.8900
-116.1830 33.2140 -13.2205 32.9187 0.16 0.15 0.66 0.15 P487 # -22.4300 21.3500
-116.0790 33.2010 -11.4928 31.1645 0.16 0.14 0.78 -0.04 P488 # -20.7100 19.6300
-116.1120 33.2960 -9.3891 28.6253 0.17 0.14 0.96 -0.11 P489 # -18.6300 17.0800
-116.4260 33.5230 -9.4991 29.8384 0.17 0.15 1.26 0.81 P490 # -18.7700 18.1900
-116.2270 33.5750 -7.1819 27.4231 0.16 0.15 1.64 0.17 P491 # -16.4900 15.8400
-115.9690 32.8870 -15.0212 36.8183 0.16 0.14 -0.08 -0.53 P492 # -24.1600 25.3200
-115.8250 32.9550 -12.4859 34.6209 0.15 0.13 0.51 -0.96 P493 # -21.6600 23.1700
-115.7320 32.7600 -13.5723 37.4402 0.17 0.20 0.28 -0.42 P494 # -22.7000 26.0200
-115.6280 33.0450 -1.9785 28.6558 0.15 0.17 1.08 -0.84 P495 # -11.2000 17.2700
-115.5960 32.7510 -11.3503 35.7853 0.34 0.33 0.62 -1.30 P496 # -20.4900 24.4100
-115.5770 32.8350 -7.2738 33.9190 0.15 0.18 0.85 -1.29 P497 # -16.4400 22.5500
-115.5700 32.8980 -4.8448 32.9667 0.14 0.17 0.94 -0.65 P498 # -14.0300 21.6000
-115.4880 32.9800 2.2578 18.7696 0.15 0.13 1.19 -1.17 P499 # -6.9600 7.4300
-115.3980 32.8760 4.7873 18.3298 0.15 0.15 1.27 -1.06 P501 # -4.4100 7.0200
-115.4220 32.9820 3.9955 16.9977 0.14 0.13 1.32 -1.24 P502 # -5.2300 5.6800
-115.7200 32.9490 -9.3263 32.9762 0.15 0.14 0.73 -1.25 P503 # -18.5100 21.5600
-115.7660 33.5160 -0.6477 18.4814 0.14 0.14 1.84 -0.71 P504 # -9.9900 7.0500
-115.6870 33.4240 2.1545 17.4853 0.15 0.14 1.65 -1.31 P505 # -7.1700 6.0800
-115.5100 33.0810 3.4547 16.5468 0.15 0.18 1.31 -1.23 P506 # -5.7900 5.2000
-115.6120 33.2000 -1.2219 11.1306 0.15 0.13 1.35 -1.03 P507 # -10.4900 -0.2500
-115.4290 33.2480 3.6318 16.0700 0.14 0.12 1.51 -0.61 P508 # -5.6700 4.7500
-115.2940 32.8910 5.6028 16.7553 0.16 0.12 1.50 -1.20 P509 # -3.6100 5.4800
-115.3430 33.1440 4.4610 15.8916 0.14 0.13 1.53 -1.28 P510 # -4.8200 4.6000
-115.2960 33.8870 3.2408 15.4960 0.15 0.13 2.70 -1.64 P511 # -6.2600 4.2200
-119.6940 37.5630 -0.9622 25.9093 0.18 0.15 1.15 -2.57 P512 # -10.9400 13.2100
-120.6500 34.9070 -18.5565 48.7391 0.15 0.16 -2.52 0.88 P513 # -27.7000 35.7400
-120.4100 35.0110 -17.1374 46.9042 0.16 0.14 -2.69 1.11 P514 # -26.3400 33.9800
-120.2400 34.8710 -18.1633 44.9610 0.15 0.13 -2.49 1.46 P515 # -27.3500 32.0900
-120.3830 35.1060 -16.4284 46.2157 0.15 0.13 -2.67 1.08 P516 # -25.6600 33.3000
-118.1780 34.3760 -12.4424 33.9567 0.15 0.15 -1.25 1.64 P517 # -21.7500 21.7400
-120.0750 35.0200 -15.8018 42.8892 0.19 0.17 -2.63 1.73 P518 # -25.0500 30.0700
-119.7920 34.5080 -18.5148 42.6502 0.16 0.15 -2.41 1.88 P519 # -27.6600 29.9200
-119.6160 34.6300 -18.0294 39.8347 0.18 0.17 -2.58 2.00 P520 # -27.2300 27.1600
-119.8150 34.8890 -15.8841 40.6474 0.19 0.17 -2.52 2.04 P521 # -25.1300 27.9100
-119.5360 35.0870 -10.7549 34.2494 0.16 0.13 0.32 -0.48 P522 # -20.0900 21.6000
-120.8600 35.3040 -16.6977 49.7345 0.14 0.13 -2.83 0.59 P523 # -25.9200 36.6700
-120.8080 35.4260 -15.9982 49.5083 0.17 0.14 -2.79 0.38 P525 # -25.2600 36.4600
-120.8700 35.6360 -14.7005 48.8076 0.37 0.32 -3.00 0.02 P526 # -24.0100 35.7400
-120.6050 35.7540 -14.6540 46.6151 0.33 0.31 -2.54 -0.58 P527 # -24.0300 33.6300
-120.5450 35.3280 -15.0199 47.5863 0.15 0.13 -2.83 0.47 P528 # -24.2900 34.6200
-120.3540 35.4400 -13.8249 44.8666 0.15 0.13 -2.68 0.38 P529 # -23.1500 31.9600
-120.4800 35.6250 -13.6919 46.7960 0.34 0.36 -3.14 -0.40 P530 # -23.0500 33.8500
-120.2670 35.6340 -11.4515 42.7694 0.14 0.13 -1.30 -1.14 P532 # -20.8400 29.8900
-120.3710 35.7480 -12.0147 44.5420 0.37 0.31 -1.91 -1.50 P533 # -21.4200 31.6300
-122.2380 37.0610 -16.8555 48.2590 0.15 0.13 -1.29 1.79 P534 # -26.3500 34.7700
-120.1010 35.2350 -13.9271 42.1074 0.16 0.14 -2.52 1.38 P535 # -23.2300 29.2800
-120.0250 35.2800 -12.8552 40.5635 0.15 0.12 -2.17 1.17 P536 # -22.1800 27.7600
-119.9350 35.3170 -11.4136 38.8752 0.15 0.13 -1.43 0.44 P537 # -20.7600 26.1000
-120.1820 35.7030 -7.6019 37.2428 0.33 0.29 -0.94 -2.47 P539 # -17.0200 24.3900
-120.1310 35.8010 -4.1490 34.2568 0.35 0.28 -0.46 -3.34 P540 # -13.6000 21.4200
-120.0010 35.6870 -5.4825 34.0560 0.14 0.12 1.38 -3.44 P541 # -14.9200 21.2600
-120.2930 35.6890 -11.5002 42.9276 0.33 0.28 -1.82 -1.50 P542 # -20.9000 30.0400
-119.7130 35.3190 -8.5645 34.8753 0.16 0.14 1.45 -2.00 P543 # -17.9400 22.1700
-119.5040 34.4670 -17.7399 39.6893 0.17 0.19 -2.45 1.90 P548 # -26.9100 27.0500
-119.3260 34.6000 -16.0213 36.5930 0.18 0.19 -2.59 1.75 P549 # -25.2500 24.0100
-119.1150 34.6600 -13.7086 34.7460 0.17 0.15 -2.22 1.41 P550 # -22.9800 22.2300
-119.1550 34.8560 -12.1899 34.5087 0.19 0.19 0.46 -0.16 P551 # -21.5100 21.9800
-120.2450 35.6870 -10.9344 41.7225 0.33 0.30 -1.47 -1.82 P552 # -20.3400 28.8500
-118.8790 34.8350 -11.2913 32.5309 0.15 0.14 1.91 -0.21 P553 # -20.6400 20.0900
-118.8480 34.7920 -12.6192 32.3011 0.17 0.20 1.19 0.12 P554 # -21.9600 19.8700
-118.6690 34.6950 -10.9538 34.1140 0.17 0.21 0.24 0.91 P555 # -20.2900 21.7400
-118.5450 34.7710 -9.5777 32.7743 0.17 0.17 2.68 0.07 P556 # -18.9500 20.4400
-118.6560 34.9440 -8.5537 29.7098 0.18 0.14 3.62 -0.57 P557 # -17.9600 17.3400
-118.6120 35.1390 -6.7047 27.7958 0.15 0.14 3.35 -0.36 P558 # -16.1700 15.4400
-118.6180 34.8390 -8.6079 31.2777 0.26 0.25 3.30 -0.33 P559 # -17.9900 18.9200
-118.5410 34.8220 -8.7431 31.1731 0.15 0.15 3.31 -0.12 P560 # -18.1300 18.8400
-118.3990 34.6180 -10.4021 32.8276 0.26 0.20 0.52 1.32 P561 # -19.7500 20.5400
-118.1890 34.9820 -4.8458 28.6502 0.16 0.14 3.77 -0.03 P562 # -14.3200 16.4300
-118.7540 35.4210 -5.3352 26.6211 0.14 0.12 3.13 -1.47 P567 # -14.8600 14.2200
-118.1270 35.2540 -3.6731 26.2503 0.22 0.15 3.39 -0.19 P568 # -13.2300 14.0500
-118.1240 35.3780 -3.4686 25.6394 0.18 0.14 3.13 -0.23 P569 # -13.0600 13.4400
-118.2600 35.6670 -2.6561 25.0730 0.17 0.14 2.62 -0.49 P570 # -12.3100 12.8300
-118.7670 36.2310 -1.3364 25.9152 0.14 0.12 1.65 -1.82 P571 # -11.0800 13.5100
-118.9550 36.5860 -0.3948 26.3351 0.14 0.13 0.99 -2.31 P572 # -10.2100 13.8700
-118.2600 36.0930 -1.6996 24.1730 0.17 0.14 2.21 -0.62 P573 # -11.4700 11.9300
-117.6340 34.2870 -10.8723 31.4814 0.19 0.17 -0.18 1.42 P574 # -20.2200 19.4400
-117.5420 34.2160 -12.0513 32.9817 0.23 0.24 -0.22 1.61 P575 # -21.3900 20.9700
-117.3190 34.3050 -6.8701 28.2494 0.15 0.16 1.08 1.32 P577 # -16.2600 16.3100
-120.2390 35.6940 -9.4918 40.5706 0.33 0.29 -1.33 -1.96 P578 # -18.9000 27.7000
-118.0060 35.0390 -3.2377 28.1614 0.14 0.13 3.46 -0.15 P579 # -12.7500 16.0000
-117.1920 35.6210 0.6424 22.1182 0.15 0.14 2.62 -1.06 P580 # -9.1300 10.2200
-117.7290 34.5100 -6.8613 30.3721 0.14 0.13 1.49 0.30 P581 # -16.2600 18.3000
-117.5490 34.6340 -4.3752 28.3340 0.16 0.14 2.00 0.12 P582 # -13.8300 16.3200
-117.5430 34.9870 -1.6261 26.7420 0.14 0.12 2.50 -0.22 P583 # -11.1800 14.7300
-116.9520 33.8930 -8.7836 30.4302 0.14 0.13 1.11 2.39 P584 # -18.1000 18.6100
-116.5460 34.0190 -4.1314 25.6876 0.16 0.14 2.58 1.63 P585 # -13.5300 14.0000
-117.2810 34.5350 -4.0311 26.8571 0.15 0.13 1.52 0.63 P586 # -13.4900 14.9300
-118.0310 34.3320 -12.4870 33.7195 0.17 0.16 -1.09 1.56 P587 # -21.8000 21.5500
-117.2680 34.7850 -1.6996 25.8629 0.14 0.14 1.57 0.42 P588 # -11.2300 13.9400
-117.1100 34.6210 -2.2368 25.2416 0.14 0.13 1.07 0.80 P589 # -11.7400 13.3700
-117.3650 35.1170 -0.4885 25.2644 0.15 0.13 2.43 -0.38 P590 # -10.1000 13.3100
-118.0160 35.1520 -2.6777 27.4546 0.15 0.13 3.36 -0.11 P591 # -12.2200 15.2900
-117.3030 35.2390 0.4729 24.4943 0.14 0.14 2.43 -0.53 P592 # -9.1800 12.5600
-117.2050 35.3880 1.2661 23.4324 0.15 0.14 2.58 -0.80 P593 # -8.4400 11.5300
-117.3900 35.8970 0.4446 21.6325 0.16 0.14 2.68 -1.17 P594 # -9.3800 9.6700
-117.4030 35.6980 -0.0819 22.6867 0.14 0.13 2.63 -0.92 P595 # -9.8500 10.7200
-116.8900 35.9980 2.6534 18.7700 0.17 0.14 2.77 -1.52 P596 # -7.2600 6.9700
-116.8880 35.7110 2.1640 20.0193 0.16 0.15 2.69 -1.45 P597 # -7.6700 8.2200
-116.7100 34.1920 -3.6911 25.1912 0.16 0.14 2.31 2.16 P598 # -13.1200 13.4500
-116.5370 34.2170 -1.7542 23.6547 0.16 0.13 2.87 1.99 P599 # -11.2100 11.9700
-116.2120 33.8660 -2.5571 22.7382 0.14 0.14 2.60 0.05 P600 # -11.9500 11.1600
-116.0800 33.9590 -0.1757 19.8648 0.16 0.13 3.11 -0.61 P601 # -9.6100 8.3300
-120.2280 35.7290 -6.7309 37.4872 0.37 0.28 -0.95 -2.41 P602 # -16.1500 24.6200
-116.0300 34.7170 2.8456 17.6784 0.15 0.14 3.14 -3.09 P603 # -6.8100 6.1600
-116.6710 34.9370 1.5435 20.7885 0.17 0.15 1.63 -1.45 P604 # -8.1000 9.0600
-117.9370 34.3410 -11.8133 33.3092 0.16 0.16 -0.81 1.34 P605 # -21.1400 21.1700
-116.8800 34.4620 -2.3646 24.0567 0.15 0.14 0.94 1.50 P606 # -11.8500 12.2600
-115.8210 33.7410 0.8109 17.8195 0.14 0.14 2.49 -1.08 P607 # -8.5900 6.3700
-115.6870 33.9940 1.9583 16.3953 0.15 0.15 3.19 -1.68 P608 # -7.5300 4.9900
-116.8930 34.0630 -5.3387 27.8309 0.15 0.15 1.61 2.29 P609 # -14.7100 16.0300
-115.7640 34.4260 2.7231 16.5907 0.15 0.14 4.13 -2.10 P610 # -6.8800 5.1600
-115.6500 35.2050 4.0674 16.1131 0.14 0.12 2.59 -2.38 P611 # -5.7700 4.7200
-117.3160 34.1870 -8.6429 29.5885 0.15 0.15 0.48 1.84 P612 # -18.0000 17.6500
-115.2500 34.7320 3.6882 15.4707 0.16 0.14 3.05 -1.98 P614 # -6.0600 4.2100
-116.7630 35.2050 2.0778 21.2685 0.15 0.13 2.17 -1.44 P615 # -7.6300 9.5100
-117.8930 35.4250 -2.1173 25.0850 0.16 0.13 2.85 -0.16 P616 # -11.7500 12.9600
-116.5720 35.3210 3.0328 19.2461 0.15 0.13 2.33 -1.87 P617 # -6.7300 7.5500
-116.1040 35.1420 3.5673 17.3727 0.14 0.13 2.41 -2.79 P618 # -6.2000 5.8300
-116.1220 35.5260 4.0032 16.7986 0.17 0.15 2.81 -2.20 P619 # -5.8700 5.2500
-116.1450 35.7850 4.0831 16.4362 0.16 0.15 2.68 -1.89 P620 # -5.8600 4.8800
-115.5440 35.4730 4.4854 15.8081 0.17 0.15 2.53 -1.97 P621 # -5.4400 4.4500
-115.3660 35.1630 4.2979 15.5292 0.15 0.13 2.63 -2.00 P622 # -5.5600 4.2300
-114.5990 34.1890 4.4339 14.7841 0.14 0.13 2.53 -1.45 P623 # -5.2300 3.7400
-114.9650 34.8440 4.2621 15.0261 0.16 0.14 2.77 -1.71 P625 # -5.5500 3.8600
-115.2380 35.2910 4.5688 15.3667 0.15 0.14 2.51 -1.80 P626 # -5.3400 4.1100
-118.3790 37.9730 4.6622 21.4612 0.15 0.14 0.98 -2.27 P627 # -5.6000 9.1800
-119.2490 37.9340 -1.1341 26.0986 0.20 0.17 0.95 -2.38 P628 # -11.2700 13.5400
-119.1790 37.3760 -0.8327 25.1163 0.17 0.14 0.79 -2.38 P629 # -10.8300 12.5800
-119.1470 37.9630 -1.2227 25.8662 0.24 0.16 0.93 -2.35 P636 # -11.3800 13.3400
-118.5930 37.5410 3.0687 22.4297 0.18 0.16 0.85 -2.14 P645 # -7.0500 10.0800
-118.5550 37.8910 4.5871 23.0375 0.16 0.14 0.97 -2.26 P650 # -5.6300 10.7000
-118.3870 37.5630 3.6516 21.7538 0.15 0.14 0.91 -2.34 P651 # -6.5000 9.4700
-118.2380 37.5890 3.7880 21.7560 0.17 0.15 0.93 -2.48 P652 # -6.3900 9.5200
-118.4720 37.7370 4.2470 22.3410 0.16 0.14 0.96 -2.28 P653 # -5.9400 10.0300
-119.1500 38.0580 -0.5780 25.4071 0.22 0.17 0.91 -2.38 P654 # -10.7600 12.8800
-122.2060 41.2940 6.5122 24.1292 0.20 0.18 -0.85 -2.71 P655 # -4.0500 10.6500
-122.1960 41.3450 6.2463 24.3262 0.29 0.23 -1.02 -2.69 P656 # -4.3300 10.8500
-122.2940 41.3810 6.7998 24.2761 0.19 0.16 -0.97 -2.74 P657 # -3.7700 10.7700
-122.1910 41.4790 7.4398 23.7247 0.20 0.23 -1.21 -2.66 P658 # -3.1700 10.2500
-122.0680 41.4100 7.1020 23.3470 0.28 0.22 -1.15 -2.64 P660 # -3.5100 9.9100
-122.3130 41.4640 7.3971 24.0819 0.19 0.16 -1.08 -2.71 P661 # -3.1900 10.5700
-122.1530 41.5320 7.8486 23.6630 0.20 0.18 -1.33 -2.62 P663 # -2.7800 10.2000
-121.5070 41.7120 8.3127 22.0847 0.16 0.16 -1.85 -2.43 P672 # -2.4600 8.8200
-121.6130 41.5860 9.4055 23.1974 0.18 0.17 -1.68 -2.46 P673 # -1.3200 9.9000
-112.7190 42.2120 11.0673 12.1706 0.15 0.14 -1.20 -1.00 P675 # -1.0500 1.7600
-113.8680 42.8790 11.4400 12.8791 0.13 0.12 -1.56 -1.26 P677 # -0.7100 2.0800
-112.8050 43.4490 12.3543 12.1198 0.13 0.12 -1.64 -1.23 P678 # -0.0800 1.6800
-113.3060 44.0400 13.1947 12.6796 0.17 0.17 -1.70 -1.25 P679 # 0.6700 2.0700
-112.6360 44.4000 13.6136 11.9923 0.17 0.15 -1.72 -1.25 P681 # 0.9100 1.6100
-110.9080 42.5030 13.2806 11.7897 0.16 0.14 -1.08 -0.79 P682 # 0.8700 2.0000
-111.7350 42.8270 12.3005 11.2145 0.15 0.13 -1.29 -1.00 P683 # -0.1000 1.1400
-111.4500 43.9190 12.9046 11.0366 0.13 0.12 -1.63 -1.49 P684 # 0.1800 1.0600
-111.8300 44.0680 13.0775 11.2170 0.14 0.14 -1.79 -1.59 P685 # 0.3600 1.1100
-122.3550 46.1100 17.0562 22.6347 0.22 0.19 -1.64 -2.43 P687 # 5.3800 9.1100
-122.1640 46.0300 16.9203 21.3364 0.25 0.19 -1.83 -2.48 P688 # 5.2300 7.8700
-122.3610 46.1900 16.9734 22.8165 0.21 0.15 -1.56 -2.38 P689 # 5.2800 9.2900
-122.3460 46.3000 17.0909 23.0720 0.21 0.17 -1.58 -2.36 P702 # 5.3700 9.5500
-122.3110 46.1730 16.6680 22.7113 0.25 0.17 -1.66 -2.41 P705 # 4.9700 9.2000
-112.5240 45.0430 14.7137 12.2842 0.16 0.16 -1.60 -1.11 P706 # 1.8300 1.9400
-111.8370 44.7190 14.0366 11.6094 0.15 0.15 -1.71 -1.42 P707 # 1.1500 1.5000
-109.6900 43.5010 14.2086 11.1066 0.17 0.14 -1.24 -0.63 P715 # 1.3900 1.7400
-111.7890 45.2180 14.9017 12.0130 0.19 0.15 -1.49 -0.75 P719 # 1.8800 1.9200
-110.0020 45.0030 15.3920 11.4054 0.19 0.19 -1.28 -0.54 P721 # 2.2100 1.9300
-109.5710 45.4570 15.4511 10.9350 0.15 0.14 -1.28 -0.53 P722 # 2.1000 1.6100
-118.7250 37.3800 1.8783 23.2718 0.28 0.21 0.59 -2.01 P723 # -8.1800 10.8800
-118.5610 37.4390 2.2656 22.8395 0.19 0.16 0.74 -2.09 P724 # -7.8300 10.5000
-119.7460 37.0890 -1.2546 26.9457 0.15 0.12 1.16 -2.96 P725 # -11.1000 14.2300
-118.1470 37.2810 3.0869 21.7468 0.16 0.13 0.87 -2.83 P726 # -7.0200 9.5400
-118.4670 37.2740 1.5936 23.3394 0.18 0.15 0.54 -1.91 P727 # -8.4700 11.0300
-106.9740 39.1780 11.5364 9.7581 0.17 0.15 -0.09 -0.10 P728 # -0.3500 1.3500
-119.0960 34.2630 -17.8854 40.5600 0.28 0.17 -1.98 2.13 P729 # -27.0500 28.0500
-120.8280 41.3590 7.2990 21.4845 0.17 0.15 -1.54 -2.28 P730 # -3.4900 8.4300
-120.4730 41.3330 7.7557 21.0939 0.16 0.14 -1.55 -2.18 P731 # -3.0800 8.1500
-123.8910 43.3920 14.5607 28.0680 0.19 0.18 -1.59 -3.37 P732 # 3.7700 14.0800
-124.4130 42.4420 15.0618 31.6531 0.17 0.14 -1.20 -3.28 P733 # 4.5800 17.5100
-124.2930 42.0770 11.5060 31.3876 0.17 0.14 -0.01 -3.96 P734 # 1.0900 17.2800
-123.2310 42.6920 12.1456 26.6101 0.19 0.17 -2.50 -3.34 P735 # 1.4100 12.8200
-121.8800 42.5800 11.7358 22.7894 0.16 0.14 -2.96 -2.73 P736 # 0.8100 9.4100
-122.6100 42.7270 12.6046 24.5323 0.18 0.16 -2.97 -3.09 P737 # 1.7600 10.9300
-119.6590 42.5460 11.0093 18.9983 0.19 0.17 -2.35 -2.12 P738 # -0.2500 6.3100
-117.7250 42.0200 10.2781 16.6108 0.17 0.15 -1.60 -1.88 P739 # -1.1300 4.5400
-116.5960 33.5980 -10.2768 30.4040 0.22 0.19 1.14 1.28 P740 # -19.5500 18.7000
-116.5310 33.5570 -9.9012 30.6127 0.21 0.19 1.13 1.07 P741 # -19.1700 18.9300
-116.6030 33.4960 -12.9267 33.2063 0.18 0.14 0.86 1.15 P742 # -22.1700 21.5000
-115.5080 32.8290 -2.8582 33.5062 0.17 0.20 1.17 -1.57 P744 # -12.0300 22.1600
-111.4150 40.8080 12.0100 12.1145 0.17 0.14 -0.54 -0.63 P783 # 0.1200 2.1500
-122.4200 41.8310 8.9595 24.3245 0.22 0.17 -1.74 -2.75 P784 # -1.7000 10.7800
-123.9810 41.8450 10.1524 31.0248 0.19 0.17 0.40 -4.44 P786 # -0.2600 17.0100
-121.5810 36.7990 -18.8011 48.4775 0.17 0.15 0.79 -0.10 P787 # -28.3200 35.1900
-121.4790 36.7440 -18.6813 49.6061 0.20 0.16 0.75 -0.40 P788 # -28.2000 36.3500
-122.1370 46.2450 17.7240 22.4981 0.31 0.34 -1.78 -2.40 P792 # 5.9800 9.0400
-123.5730 40.4790 0.4598 29.0029 0.20 0.17 1.21 -3.79 P793 # -9.6900 15.1100
-122.9640 39.8460 -2.0605 26.9896 0.21 0.20 1.15 -3.49 P794 # -12.1500 13.2800
-116.1480 34.5080 2.3029 18.4472 0.17 0.16 4.06 -2.58 P795 # -7.2800 6.8900
-114.7590 32.4980 4.5644 15.5075 0.20 0.17 3.24 -0.84 P796 # -4.5900 4.4100
-116.5930 33.5370 -11.9839 31.7130 0.19 0.19 1.00 1.18 P797 # -21.2400 20.0100
-110.9610 43.7960 12.9706 10.5480 0.19 0.18 -1.43 -1.18 P798 # 0.2200 0.7400
-118.3060 33.9280 -15.0525 39.7078 0.20 0.18 -1.31 2.37 P799 # -24.2200 27.4500
-118.3490 34.0220 -15.3515 39.1116 0.18 0.17 -1.47 2.31 P800 # -24.5400 26.8400
-118.6210 34.8360 -8.8291 31.2486 0.23 0.22 3.20 -0.23 P808 # -18.2100 18.8900
-118.0170 35.1520 -2.9478 27.7150 0.21 0.19 3.38 -0.10 P811 # -12.4900 15.5500
-118.0170 35.1520 -2.9578 27.3650 0.21 0.20 3.37 -0.04 P812 # -12.5000 15.2000
-118.7460 47.7590 16.6216 16.8485 0.22 0.23 -2.27 -1.97 P813 # 3.9700 4.4500
-118.7450 47.7590 16.4118 16.5782 0.23 0.23 -2.26 -1.98 P814 # 3.7600 4.1800
-124.5570 47.9370 24.3910 25.7257 0.21 0.19 2.76 0.14 P815 # 12.7000 11.5400
-124.5570 47.9370 24.2710 25.6357 0.20 0.19 2.76 0.15 P816 # 12.5800 11.4500
-124.0540 42.8620 13.6699 29.2765 0.47 0.33 -1.26 -3.40 P820 # 3.0300 15.2400
-123.4290 43.1450 12.9299 27.4797 0.47 0.42 -2.47 -3.46 P821 # 2.1200 13.6300
-124.2050 47.2130 24.6182 28.8714 0.14 0.12 1.34 -1.67 PABH # 13.0200 14.7900
-117.8030 38.6420 6.2664 17.1160 0.17 0.13 0.37 -1.92 PACT # -4.2500 5.0200
-115.7450 36.1390 4.7593 15.5745 0.14 0.14 2.16 -1.57 PAHR # -5.3300 4.1500
-117.0320 33.3890 -18.2258 37.2162 0.37 0.39 0.09 2.10 PALG # -27.3900 25.3700
-117.1100 40.0730 6.5775 16.3316 0.20 0.18 1.21 -2.16 PALO # -4.4100 4.4600
-116.0640 31.5590 -21.4773 41.9796 0.18 0.16 -1.16 1.42 PALX # -30.2200 30.4500
-117.4190 36.2400 1.0055 20.4419 0.12 0.10 2.83 -1.54 PANA # -8.9100 8.4700
-112.6760 38.0340 7.9944 13.2559 0.21 0.20 0.63 -0.67 PARO # -2.9800 2.8600
-117.6980 41.3240 8.7734 17.2421 0.48 0.49 -1.20 -1.79 PARP # -2.4600 5.1800
-115.6920 32.6480 -12.7305 36.8570 0.20 0.18 -0.24 -0.72 PB1Y # -21.8300 25.4500
-115.8900 32.6140 -17.7117 40.0423 0.29 0.25 -1.18 -0.20 PB2Y # -26.7800 28.5700
-121.2720 35.7090 -17.5549 50.9822 0.20 0.19 -1.99 0.62 PBHR # -26.8300 37.7900
-122.4190 37.8530 -13.4688 40.2842 0.39 0.33 1.13 -2.68 PBL1 # -23.1400 26.7400
-122.4190 37.8530 -6.7288 40.6842 1.16 1.28 1.13 -2.66 PBL2 # -16.4000 27.1400
-117.9230 34.5080 -8.6350 31.6547 0.15 0.13 0.83 0.35 PBPP # -18.0100 19.5200
-122.5710 47.1720 18.7786 22.0404 0.18 0.15 -1.24 -1.98 PCOL # 6.9000 8.4500
-123.3280 44.9190 17.0784 25.3293 0.20 0.26 -1.11 -2.68 PCS2 # 5.8400 11.5100
-119.9400 38.2230 -0.3624 25.2768 0.40 0.30 1.05 -2.41 PCST # -10.4800 12.5000
-121.2830 35.6650 -17.6680 50.9056 0.20 0.20 -2.08 0.67 PDBL # -26.9300 37.7100
-118.7570 45.6660 15.2272 17.4721 0.18 0.17 -2.42 -2.18 PDTN # 3.0700 5.0700
-122.6090 45.5970 17.4359 23.1920 0.23 0.15 -1.59 -2.61 PDXA # 5.9200 9.5900
-120.7590 36.1870 -0.9795 27.8330 0.28 0.28 -0.36 -1.43 PEA1 # -10.4500 14.8000
-120.7670 36.1810 -18.5721 48.7655 0.30 0.24 -0.25 -1.43 PEA2 # -28.0400 35.7300
-117.9030 35.8550 -1.8801 24.6882 0.19 0.21 2.57 -0.55 PEAR # -11.6300 12.5600
-109.7960 35.0800 8.0431 11.6036 0.22 0.17 1.09 -0.24 PEFO # -2.3700 2.2000
-120.3800 40.0340 3.2321 22.7148 0.40 0.38 -0.23 -2.40 PENN # -7.2900 9.8000
-120.3230 39.4190 0.2333 23.9869 0.26 0.27 0.26 -2.47 PENT # -10.1400 11.0900
-122.2080 47.9820 21.0221 21.4098 0.43 0.41 -2.10 -1.87 PER1 # 8.9000 7.9300
-120.3320 39.4880 0.5897 23.6398 0.39 0.46 0.21 -2.48 PERA # -9.8000 10.7400
-116.6860 36.9020 4.9379 16.5134 0.20 0.17 1.82 -1.54 PERL # -5.2500 4.7800
-120.0000 39.7500 3.1143 21.8857 0.28 0.21 -0.08 -2.33 PETE # -7.3900 9.0900
-122.2820 47.8990 19.4308 20.6524 0.17 0.15 -1.87 -1.91 PFLD # 7.3400 7.1500
-123.4510 48.6490 19.6264 21.1763 0.16 0.13 -1.51 -1.50 PGC5 # 7.5800 7.3200
-118.0880 38.9320 6.7956 17.8378 0.24 0.22 -0.03 -1.94 PHIL # -3.7600 5.6500
-117.0340 36.9800 4.9962 17.2669 0.17 0.15 1.68 -1.78 PHIN # -5.1700 5.4200
-115.5500 32.4900 -11.1512 37.1801 0.21 0.19 0.16 0.33 PHJX # -20.2200 25.8200
-117.6940 34.9250 -2.7815 27.8408 0.15 0.13 2.67 -0.21 PHLB # -12.3000 15.7800
-117.7730 39.0830 7.2275 16.6963 0.17 0.19 -0.01 -1.74 PHON # -3.4100 4.6100
-111.4180 32.6290 6.2240 12.9856 0.22 0.20 1.43 -0.52 PICA # -3.3000 3.0200
-108.1190 34.3020 8.6501 11.1146 0.13 0.12 0.92 -0.17 PIE1 # -1.6800 2.3000
-108.1190 34.3020 8.5901 10.7946 0.35 0.30 1.06 -0.11 PIE2 # -1.7400 1.9800
-119.9970 40.8720 6.9602 20.6147 0.27 0.24 -1.17 -2.08 PILG # -3.8300 7.8200
-117.9850 38.2700 5.4633 18.4347 0.14 0.11 0.76 -2.01 PILO # -4.9300 6.2800
-111.0190 32.2280 6.6794 12.7780 0.20 0.18 1.28 -0.52 PIMA # -2.7600 2.9500
-116.4580 33.6120 -8.4473 28.7488 0.15 0.14 1.41 1.22 PIN1 # -17.7400 17.0900
-116.4580 33.6120 -8.4173 28.8488 0.16 0.14 1.42 1.36 PIN2 # -17.7100 17.1900
-118.5750 34.4520 -13.6494 34.1539 0.37 0.44 -1.67 2.03 PIN3 # -22.9300 21.8100
-119.0520 38.6450 3.0799 22.6260 0.19 0.16 0.34 -2.46 PINE # -7.2700 10.1300
-114.8820 35.3850 5.1558 15.1184 0.18 0.13 2.22 -1.48 PIUT # -4.8200 3.9800
-115.8840 32.4170 -18.5482 40.1203 0.20 0.17 -2.09 0.52 PJZX # -27.5600 28.6500
-120.5420 35.9450 -12.3147 47.7454 0.30 0.24 -0.39 -1.61 PKDB # -21.7500 34.7800
-121.5640 45.5180 16.4927 21.4023 0.26 0.20 -2.37 -2.69 PKDL # 4.8200 8.1200
-118.2330 34.0720 -15.2736 36.3744 0.22 0.19 -1.53 2.14 PKRD # -24.4900 24.1400
-121.6770 46.6000 16.5328 20.5871 0.23 0.20 -2.03 -2.27 PKWD # 4.6300 7.2700
-116.1580 31.2550 -22.6360 42.7804 0.30 0.25 -0.68 1.48 PLCX # -31.2800 31.2200
-119.7540 39.3360 2.9626 23.0082 0.17 0.14 0.21 -2.29 PLEA # -7.4700 10.2900
-119.9670 44.1320 13.9505 18.9953 0.21 0.19 -2.83 -2.52 PLNA # 2.3500 6.2100
-117.2430 32.6650 -19.9659 39.3548 0.17 0.18 -0.90 2.26 PLO5 # -28.9000 27.4400
-117.2430 32.6660 -18.9356 42.3448 0.18 0.17 -1.08 1.88 PLO6 # -27.8700 30.4300
-115.1510 31.5890 -17.7735 39.9079 0.26 0.20 0.00 2.15 PLPX # -26.6200 28.6800
-114.1140 47.6640 16.6756 13.2518 0.15 0.15 -1.97 -1.41 PLS5 # 3.3500 2.3700
-114.1140 47.6640 16.5456 13.1518 0.16 0.15 -1.99 -1.42 PLS6 # 3.2200 2.2700
-104.7260 40.1820 12.5792 8.9805 0.16 0.15 -0.37 -0.07 PLTC # 0.2000 1.3800
-115.4310 31.8160 -18.7157 40.3907 0.19 0.16 -0.90 1.82 PLTX # -27.6000 29.0700
-121.6870 43.9910 15.2742 21.3702 0.23 0.18 -3.12 -3.05 PMAR # 3.9800 8.0500
-118.1540 33.9030 -17.0014 38.1290 0.30 0.24 -1.19 2.53 PMHS # -26.1800 25.9200
-116.8600 33.3570 -16.8854 36.9302 0.15 0.14 0.56 2.28 PMOB # -26.0600 25.1400
-123.4150 48.1010 22.1042 23.1055 0.31 0.37 -1.07 -1.44 PNCL # 10.1700 9.2600
-118.7920 45.6700 15.5827 17.4432 0.33 0.32 -2.53 -2.15 PNDL # 3.4300 5.0300
-119.5940 49.5010 17.0378 17.1777 0.20 0.20 -2.13 -1.89 PNTC # 4.1300 4.5100
-119.4870 38.9190 2.7118 22.7539 0.27 0.26 0.33 -2.34 PNUT # -7.6500 10.1200
-120.8450 44.3120 14.8156 20.5998 0.18 0.15 -2.98 -2.77 PNVL # 3.3100 7.5400
-122.2790 37.7960 -11.4530 41.9015 0.45 0.37 1.52 -3.06 POAK # -21.1300 28.4000
-116.9240 33.6870 -14.1288 34.2610 0.32 0.22 0.68 2.20 POBG # -23.3900 22.4500
-116.1200 36.5800 5.1477 15.7480 0.21 0.17 2.01 -1.48 POIN # -5.0200 4.2000
-118.4720 40.3790 7.4817 17.6810 0.13 0.14 -1.42 -1.63 POKE # -3.4000 5.3700
-117.6320 46.4800 15.7748 16.1108 0.18 0.17 -2.25 -1.98 POME # 3.2500 4.0700
-120.4780 35.9200 -11.0529 45.5154 0.54 0.45 -0.40 -1.84 POMM # -20.4900 32.5700
-119.0190 39.2790 4.5403 20.6055 0.12 0.10 0.04 -2.20 PONY # -5.9800 8.1200
-119.2600 39.4550 4.4226 21.0720 0.19 0.13 0.11 -2.18 POOS # -6.1100 8.5100
-120.7430 41.5990 7.9714 21.3181 0.22 0.35 -1.75 -2.19 PORC # -2.8900 8.2900
-117.1170 32.6680 -16.3710 40.1939 0.47 0.45 -0.78 1.71 POSD # -25.3200 28.3200
-121.9350 38.2030 -1.1795 27.7763 0.36 0.27 1.74 -3.50 POTB # -11.0100 14.3800
-122.0400 44.0970 15.0920 24.1385 0.35 0.45 -3.06 -3.13 POTH # 3.8300 10.7100
-116.5910 32.6180 -19.0269 39.7024 0.16 0.13 -1.00 1.25 POTR # -28.0200 28.0000
-122.6670 47.7550 20.6914 21.6096 0.83 0.56 -1.70 -1.90 POUL # 8.7000 7.9900
-117.1820 33.8360 -13.1563 34.4650 0.14 0.12 0.42 2.54 PPBF # -22.4300 22.5700
-122.3900 37.1870 -16.6348 49.0754 0.15 0.13 -1.66 1.99 PPT5 # -26.1400 35.5400
-122.3900 37.1870 -16.1648 47.4454 0.21 0.16 -1.55 1.87 PPT6 # -25.6700 33.9100
-122.6090 47.3910 18.2508 21.1820 0.17 0.13 -1.31 -1.86 PRDY # 6.3300 7.5800
-119.7910 46.2160 16.0245 18.5299 0.17 0.16 -2.43 -2.27 PRSR # 3.9000 5.8000
-105.1940 39.9490 12.1910 8.7896 0.33 0.25 -0.30 -0.07 PRX5 # -0.0800 1.0200
-116.4940 33.8190 -6.4423 28.1506 0.15 0.13 2.03 1.91 PSAP # -15.7900 16.4800
-117.8070 34.0920 -14.1774 34.6873 0.13 0.12 -1.08 2.33 PSDM # -23.4500 22.5900
-122.3200 47.4510 19.5546 21.0040 0.34 0.25 -1.62 -1.91 PSEA # 7.5700 7.4900
-122.4900 42.7550 12.8506 24.8058 0.20 0.16 -3.04 -3.04 PSPT # 1.9800 11.2400
-104.2850 38.4350 11.6006 8.9406 0.26 0.23 -0.03 -0.01 PSRS # -0.3000 1.5000
-119.7040 34.4260 -19.3561 42.9325 0.37 0.43 -2.25 1.84 PSSB # -28.4900 30.2300
-115.8350 31.3130 -22.4553 42.1342 0.21 0.16 -0.66 1.62 PSTX # -31.1500 30.6800
-123.4940 48.1170 19.6034 21.1292 0.20 0.23 -0.80 -1.45 PTAA # 7.6800 7.2600
-124.8610 49.2560 20.2743 22.1054 0.14 0.14 -1.30 -1.05 PTAL # 8.3600 7.8300
-115.4560 32.3770 -11.8542 38.8190 0.26 0.23 0.23 0.70 PTAX # -20.9000 27.4900
-116.5210 32.2880 -19.4244 40.4495 0.19 0.17 -1.90 1.13 PTEX # -28.3300 28.7700
-112.3720 42.8700 11.5550 11.3024 0.24 0.21 -1.38 -1.11 PTIG # -0.7800 1.0100
-123.0190 37.9960 -14.2103 49.8862 0.16 0.14 -1.68 2.02 PTRB # -23.8300 36.1600
-124.4130 48.5440 20.0176 22.4231 0.19 0.18 -0.58 -0.50 PTRF # 8.1700 8.2800
-121.9440 38.2090 -3.1693 28.2691 0.21 0.25 1.93 -3.45 PTRO # -13.0000 14.8700
-124.2550 41.7830 12.3029 31.9563 0.15 0.12 0.72 -4.53 PTSG # 1.9500 17.8600
-119.6100 45.9390 15.5482 18.4128 0.17 0.16 -2.43 -2.32 PTSN # 3.4600 5.7400
-104.3450 38.2870 11.3415 9.0724 0.15 0.15 -0.02 0.00 PUB6 # -0.5100 1.6100
-110.8090 39.5990 11.5909 11.5555 0.17 0.16 -0.09 -0.42 PUC1 # -0.0300 1.8000
-110.7620 39.5940 10.9546 12.2592 0.26 0.23 -0.09 -0.42 PUC2 # -0.6700 2.5200
-118.9360 38.9060 4.1841 21.6491 0.17 0.14 -0.02 -2.43 PUMP # -6.2500 9.1900
-122.0080 47.5000 18.1395 20.1387 0.23 0.20 -1.89 -1.96 PUPU # 6.0900 6.7200
-118.4040 33.7430 -18.3158 41.0192 0.14 0.12 -1.01 2.52 PVE3 # -27.4200 28.7300
-118.4040 33.7430 -18.8758 41.9892 0.39 0.34 -0.90 2.77 PVEP # -27.9800 29.7000
-118.3720 33.7790 -17.8220 40.8290 0.14 0.11 -1.13 2.45 PVHS # -26.9400 28.5500
-118.3210 33.7740 -17.4573 40.6126 0.14 0.14 -1.12 2.40 PVRS # -26.5800 28.3500
-112.3260 44.3380 13.2565 11.3767 0.22 0.21 -1.82 -1.37 PZCG # 0.5300 1.1000
-121.1370 36.1610 -18.1073 49.3004 0.15 0.15 -0.66 -0.33 QCY2 # -27.5200 36.1500
-121.1370 36.1610 -19.5873 49.4104 0.47 0.39 -0.82 -0.34 QCYN # -29.0000 36.2600
-118.2450 34.6290 -8.9203 32.0482 0.14 0.14 1.40 0.94 QHTP # -18.2900 19.8100
-120.9660 47.7750 17.2295 18.0974 0.21 0.23 -2.27 -2.05 QMAR # 4.9400 5.0000
-115.1530 32.5490 0.9680 15.3385 0.20 0.20 2.51 -0.99 QUEX # -8.1600 4.1100
-120.9440 39.9750 2.0849 24.2406 0.16 0.13 -0.13 -2.60 QUIN # -8.3400 11.1500
-124.4430 49.3460 19.9018 21.7720 0.20 0.21 -1.53 -1.34 QUL2 # 7.8900 7.6200
-107.5910 38.6570 11.3071 10.1576 0.19 0.18 0.07 -0.12 R301 # -0.3700 1.5300
-116.9170 33.0420 -18.5916 38.5288 0.14 0.12 -0.32 1.75 RAAP # -27.6700 26.7200
-116.1510 34.6830 2.4221 18.7881 0.33 0.38 2.92 -2.88 RAGG # -7.2100 7.2300
-115.6650 38.2800 6.8614 14.8581 0.20 0.18 0.75 -1.51 RAIL # -3.8300 3.4600
-118.5510 39.3780 5.4004 19.8563 0.17 0.17 0.15 -2.41 RAIN # -5.2100 7.5200
-117.6830 35.3390 -0.4754 25.6773 0.15 0.14 2.82 -0.34 RAMT # -10.1100 13.6200
-119.5290 40.3860 6.8444 19.5472 0.24 0.16 -1.32 -1.51 RATC # -3.8900 6.9000
-118.7530 39.4900 5.2319 19.6408 0.27 0.23 0.21 -2.15 RATT # -5.3800 7.2400
-120.3790 40.7430 5.9617 21.6645 0.19 0.18 -0.96 -2.25 RAVE # -4.7400 8.7500
-119.5360 39.1880 3.5749 22.1894 0.15 0.12 0.22 -2.30 RAWE # -6.8500 9.5400
-107.8920 40.0410 11.7677 10.3543 0.34 0.29 -0.25 -0.17 RBC2 # -0.2800 1.6200
-117.1590 33.5290 -15.2205 36.9775 0.27 0.30 0.16 2.15 RBFT # -24.4100 25.0900
-111.8090 40.7810 11.5675 12.4098 0.14 0.14 -0.54 -0.65 RBUT # -0.2700 2.3100
-119.7200 34.5000 -18.4079 41.1875 0.13 0.14 -2.42 1.91 RCA2 # -27.5600 28.4800
-117.5860 33.4440 -17.5237 39.3859 0.37 0.29 -0.25 2.90 RCSC # -26.6400 27.3600
-118.9960 39.3970 4.6942 20.3782 0.29 0.39 0.06 -2.14 RDMO # -5.8600 7.9000
-116.6250 34.6440 0.3964 21.9335 0.15 0.13 0.66 -0.29 RDMT # -9.1700 10.2200
-122.3740 40.6250 1.6421 25.0005 0.30 0.32 -0.01 -2.99 RDNG # -8.7300 11.4700
-121.1480 44.2600 14.8948 20.9438 0.13 0.12 -3.08 -2.85 REDM # 3.4500 7.7900
-119.9910 39.8940 3.4424 22.2728 0.15 0.16 -0.19 -2.31 REDR # -7.1000 9.4800
-124.1080 43.7010 16.5757 28.8426 0.21 0.17 -0.39 -2.98 REED # 5.7500 14.7900
-117.3250 39.1590 6.8170 16.0314 0.23 0.23 0.45 -2.19 REES # -3.9000 4.0900
-116.5540 36.7150 4.8325 16.2603 0.23 0.17 2.03 -1.44 RELA # -5.3200 4.5700
-119.9170 39.5100 2.5945 23.0496 0.21 0.21 0.15 -2.30 RENO # -7.8600 10.2800
-116.4680 36.8400 5.4875 16.4321 0.27 0.22 1.85 -1.45 REP2 # -4.7100 4.7700
-116.4680 36.8410 5.4178 16.4421 0.16 0.13 1.86 -1.51 REP3 # -4.7800 4.7800
-116.4660 36.8490 5.3502 16.2615 0.30 0.25 1.82 -1.36 REP4 # -4.8500 4.6000
-116.4680 36.8400 4.9875 16.1221 0.17 0.13 1.86 -1.49 REPO # -5.2100 4.4600
-101.0940 49.5600 16.8985 7.0814 0.21 0.21 -1.06 -0.54 REST # 1.6300 0.8100
-120.4630 39.9820 3.3068 22.8207 0.30 0.25 -0.16 -2.42 REYN # -7.1900 9.8800
-108.0440 34.6670 8.5077 10.7781 0.15 0.15 0.88 -0.13 RG01 # -1.9400 1.9900
-107.2260 34.6320 8.8772 10.5679 0.22 0.17 0.75 -0.10 RG02 # -1.6300 2.0700
-105.1540 33.6550 8.9398 9.8652 0.19 0.17 0.59 -0.07 RG03 # -1.4300 2.1100
-105.6440 34.8240 9.4354 10.0118 0.19 0.18 0.56 -0.05 RG04 # -1.2600 2.0800
-108.3560 32.5530 8.1123 11.1683 0.18 0.14 0.98 -0.25 RG05 # -1.6600 2.2700
-107.8650 32.6350 8.1684 10.8947 0.16 0.14 0.91 -0.19 RG06 # -1.6700 2.1700
-106.8430 32.4960 8.4671 10.7314 0.16 0.14 0.81 -0.15 RG07 # -1.4100 2.3700
-104.9940 32.7280 8.8298 10.0074 0.16 0.14 0.60 -0.11 RG08 # -1.2600 2.3100
-107.0560 36.3050 9.6692 10.1074 0.14 0.14 0.51 -0.07 RG09 # -1.3600 1.6700
-106.5390 36.4510 9.9578 9.9328 0.15 0.14 0.44 -0.04 RG10 # -1.1600 1.6800
-105.7790 36.5230 10.0835 9.6703 0.14 0.13 0.36 -0.03 RG11 # -1.1200 1.6900
-104.9680 36.4590 10.2801 9.4180 0.20 0.16 0.30 -0.01 RG12 # -0.9700 1.7300
-107.9730 39.9560 11.7355 10.3530 0.23 0.15 -0.25 -0.18 RG14 # -0.2800 1.5900
-106.3490 39.8840 12.0589 9.7448 0.17 0.15 -0.28 -0.10 RG16 # -0.0900 1.5600
-105.6700 39.7620 11.7647 9.4711 0.22 0.21 -0.25 -0.07 RG17 # -0.4100 1.5300
-106.4010 39.0650 11.5359 9.6134 0.18 0.18 -0.08 -0.07 RG18 # -0.3700 1.4100
-105.5520 39.1900 11.8478 9.3587 0.20 0.18 -0.14 -0.04 RG19 # -0.1700 1.4600
-107.6960 37.8920 10.7334 10.5249 0.15 0.14 0.26 -0.10 RG20 # -0.7100 1.8600
-107.1090 37.7680 10.6507 10.0162 0.15 0.15 0.24 -0.07 RG21 # -0.8100 1.5600
-106.3420 37.7940 10.7866 9.7923 0.14 0.13 0.17 -0.04 RG22 # -0.7500 1.6100
-105.4990 37.7440 10.9741 9.5096 0.15 0.13 0.14 -0.02 RG23 # -0.6200 1.6300
-104.9670 37.9640 11.1642 9.2776 0.20 0.17 0.06 -0.01 RG24 # -0.5400 1.5900
-108.2310 33.9860 8.1939 10.8242 0.22 0.18 0.99 -0.17 RG25 # -2.0300 1.9700
-106.7890 39.9100 12.1557 9.8721 0.24 0.24 -0.26 -0.13 RG26 # 0.0400 1.5300
-104.2650 49.7990 17.8201 8.6133 1.35 2.61 -1.21 -0.66 RG92 # 2.7800 1.1800
-118.0130 34.0010 -15.6972 36.3037 0.32 0.29 -0.90 3.01 RHCG # -24.9200 24.1400
-118.0260 34.0190 -15.2538 36.7578 0.14 0.15 -1.18 2.08 RHCL # -24.4800 24.5900
-117.5750 38.4250 6.3084 17.0124 0.16 0.13 0.69 -2.14 RHIL # -4.1800 4.9900
-119.2780 46.2770 15.7106 17.7278 0.18 0.17 -2.45 -2.21 RIC2 # 3.4900 5.1600
-117.1060 39.8840 6.4281 16.2003 0.24 0.17 1.26 -2.19 RICO # -4.5100 4.3300
-115.6230 36.4930 5.7127 15.4442 0.18 0.12 1.93 -1.41 RIDG # -4.4900 4.0600
-119.4330 38.6260 1.7427 23.9068 0.19 0.14 0.54 -2.43 RISU # -8.5500 11.2900
-121.5610 37.0190 -12.1511 39.6214 0.18 0.18 2.07 -1.33 RJAB # -21.7300 26.3400
-119.4130 48.9640 16.8479 16.9105 0.19 0.19 -2.19 -1.92 RKD1 # 4.0300 4.3000
-121.1480 44.2600 15.0348 20.6738 0.16 0.14 -3.08 -2.85 RMDB # 3.5900 7.5200
-120.7920 46.7490 16.8450 19.5533 0.20 0.19 -2.27 -2.25 RMRK # 4.7600 6.5100
-117.5550 33.4860 -17.3383 38.7259 0.19 0.18 -0.28 2.51 RMVJ # -26.4700 26.7100
-120.5250 35.9000 -12.7545 46.9001 0.39 0.25 -1.08 -1.48 RNCH # -22.1800 33.9400
-119.8860 39.5380 2.9561 21.5098 0.21 0.17 0.13 -2.31 RNO1 # -7.5100 8.7500
-116.6100 33.6110 -10.2547 30.9886 0.36 0.26 1.59 2.78 ROCH # -19.5300 19.2800
-118.6760 34.2360 -15.6015 39.9962 0.14 0.13 -1.72 2.49 ROCK # -24.8100 27.6200
-122.0630 37.8160 -7.9968 34.7055 0.28 0.23 1.73 -3.25 ROCP # -17.7100 21.2700
-117.0850 36.2180 3.3805 18.7534 0.26 0.19 2.67 -1.40 ROGE # -6.5700 6.8900
-117.5460 38.5770 6.3129 16.7430 0.15 0.21 0.55 -2.05 ROJO # -4.2200 4.7300
-121.7790 36.9310 -19.0044 45.6984 0.41 0.40 0.89 0.57 ROPB # -28.5300 32.3500
-118.7130 40.8040 8.2474 17.8180 0.16 0.14 -1.46 -1.59 ROSE # -2.7100 5.4300
-118.9870 38.4030 2.4550 23.0853 0.18 0.14 0.59 -2.44 ROUG # -7.8400 10.6100
-114.6640 36.8400 6.5420 14.2358 0.18 0.17 1.46 -1.21 ROXY # -3.8700 3.1700
-117.6070 38.2630 5.9009 17.0527 0.17 0.22 0.73 -2.25 ROYS # -4.5400 5.0200
-117.5990 33.5280 -17.7315 38.9901 0.50 0.65 -0.31 2.30 RP02 # -26.8700 26.9600
-117.4130 39.3590 6.5085 16.6199 0.17 0.26 0.88 -2.16 RPAS # -4.2500 4.6500
-122.3750 47.3880 18.0809 21.1308 0.17 0.14 -1.54 -1.89 RPT5 # 6.1200 7.6000
-122.3750 47.3870 18.0207 20.8708 0.21 0.16 -1.51 -1.89 RPT6 # 6.0600 7.3400
-118.7340 48.6490 16.2480 15.6947 0.22 0.23 -2.18 -1.87 RPUB # 3.3900 3.3000
-123.3590 43.2350 13.8326 26.5586 0.25 0.20 -2.62 -3.58 RSBG # 2.9900 12.7300
-118.1930 34.8750 -5.6059 29.5915 0.13 0.12 3.63 0.19 RSTP # -15.0500 17.3700
-119.1840 34.5410 -15.0998 35.7679 0.14 0.16 -2.52 1.76 RSVY # -24.3300 23.2300
-117.3530 34.0890 -11.1048 33.0305 0.14 0.12 0.02 2.84 RTHS # -20.4300 21.0800
-115.1230 40.6170 8.6210 14.1186 0.14 0.12 -0.39 -1.30 RUBY # -2.7700 2.9000
-115.8680 36.2570 5.0878 15.8250 0.26 0.24 2.11 -1.32 RUMP # -5.0200 4.3600
-114.9780 32.9720 4.6000 15.7504 0.26 0.25 2.02 -1.19 RUNG # -4.6700 4.5800
-118.7600 39.2230 5.3112 20.3530 0.28 0.23 -0.15 -2.32 RUSS # -5.2300 7.9500
-117.4170 33.9210 -13.9096 35.9812 0.27 0.26 -0.04 2.31 RVSD # -23.1800 24.0100
-116.2620 48.2180 16.6053 14.7046 0.23 0.24 -2.09 -1.67 RYA1 # 3.4600 3.1100
-116.6500 36.3160 4.3406 16.9116 0.15 0.13 2.47 -1.61 RYAN # -5.6900 5.1900
-118.4240 40.5540 7.9236 17.3556 0.19 0.34 -1.57 -1.47 RYEP # -3.0100 5.0600
-123.7300 46.6840 18.8466 25.1599 0.25 0.17 0.52 -1.90 RYMD # 7.2800 11.2200
-121.5580 37.6670 -3.2130 27.4005 0.14 0.13 1.94 -2.97 S300 # -12.9600 14.1200
-105.2430 40.0350 12.2617 9.3973 0.25 0.23 -0.32 -0.05 SA00 # -0.0300 1.6100
-111.4210 41.9340 12.4171 11.9166 0.30 0.20 -0.95 -0.72 SA23 # 0.2200 1.9500
-109.6880 31.3680 7.7527 12.3759 0.38 0.54 0.67 -0.26 SA24 # -1.5400 3.0100
-110.9610 29.0820 7.1732 13.1580 0.21 0.17 0.47 -0.13 SA27 # -1.3000 3.3500
-111.9520 33.4470 6.1985 12.8088 0.17 0.17 1.61 -0.51 SA31 # -3.5200 2.6600
-110.9540 32.2300 6.6359 13.0656 0.16 0.16 1.06 -0.43 SA46 # -2.8100 3.2600
-111.8610 31.9180 6.1474 13.0877 0.34 0.22 1.17 -0.56 SA48 # -3.1200 2.9700
-123.4210 48.5670 19.0841 20.6973 0.35 0.36 -1.46 -1.48 SAC4 # 7.0500 6.8500
-117.8960 33.7430 -17.1957 38.2860 0.24 0.25 -0.59 2.62 SACY # -26.3600 26.1600
-120.7120 40.9120 6.2448 22.0284 0.54 0.38 -1.11 -2.31 SAID # -4.4500 9.0100
-117.8470 36.7020 1.1984 21.6602 0.70 1.06 2.18 -2.62 SALI # -8.7900 9.5500
-113.7020 33.8650 4.8551 14.4333 0.29 0.25 2.13 -0.89 SALO # -4.8100 3.6900
-122.0330 47.5400 17.8742 20.8363 0.22 0.24 -1.87 -1.97 SAMM # 5.8200 7.4100
-117.0820 38.2440 6.2535 16.7625 0.20 0.15 0.76 -2.15 SANA # -4.2500 4.9000
-118.3780 39.2750 6.2769 19.4509 0.13 0.10 -0.32 -2.88 SAND # -4.3300 7.1700
-121.4470 36.7650 -18.9714 50.0762 0.15 0.13 1.00 -0.62 SAOB # -28.5000 36.8300
-120.1460 39.5130 1.3627 22.5915 0.31 0.30 0.16 -2.38 SARD # -9.0600 9.7500
-123.5410 46.9660 21.6625 24.2833 0.41 0.35 -0.01 -1.74 SATS # 10.0000 10.4000
-117.6610 33.5530 -17.1817 38.9702 0.14 0.12 -0.33 2.57 SBCC # -26.3200 26.9200
-122.4110 37.6860 -11.5301 44.7718 0.25 0.27 0.32 -1.12 SBRB # -21.1600 31.2300
-122.4100 37.6860 -11.3200 44.0615 0.38 0.32 0.27 -1.23 SBRN # -20.9500 30.5200
-120.6600 39.5800 0.3960 23.1322 0.23 0.28 0.23 -2.57 SBUT # -9.9700 10.1300
-120.7250 46.9510 16.4025 18.9125 0.14 0.13 -2.40 -2.19 SC00 # 4.2600 5.8900
-123.0080 48.5460 19.0341 20.8829 0.15 0.12 -1.72 -1.73 SC02 # 6.9300 7.1600
-123.7040 48.9230 19.8191 21.1621 0.16 0.15 -1.65 -1.46 SC04 # 7.7600 7.2300
-122.0020 37.6520 -8.0000 36.6268 0.21 0.20 1.84 -3.04 SCCP # -17.6800 23.2100
-118.3550 41.1300 8.3916 17.2835 0.46 0.35 -1.39 -1.58 SCHO # -2.7000 5.0100
-117.3880 34.6070 -3.8036 27.4018 0.13 0.12 1.63 0.39 SCIA # -13.2700 15.4400
-118.4880 32.9140 -21.8879 45.1461 0.14 0.11 -0.30 2.29 SCIP # -30.7500 32.8300
-117.6350 33.4440 -19.4394 38.6818 0.56 0.43 0.04 2.81 SCMS # -28.5500 26.6400
-122.3370 48.4180 18.7656 20.0292 0.22 0.22 -2.16 -1.88 SCMV # 6.5700 6.5100
-117.2520 37.0610 4.7911 17.8877 0.74 0.61 1.61 -2.08 SCOT # -5.3700 5.9700
-119.9680 38.7670 0.2253 24.2756 0.35 0.29 0.67 -2.45 SCTS # -10.0300 11.4900
-116.2790 34.2550 0.3861 20.3902 0.14 0.12 3.84 0.07 SDHL # -9.1100 8.7900
-104.0140 50.1700 17.0680 7.6221 0.24 0.24 -1.21 -0.68 SDL1 # 1.9100 0.2800
-103.2260 44.0830 14.5296 8.7249 0.21 0.22 -0.90 -0.28 SDRC # 0.9100 1.6700
-122.2560 47.6870 17.9983 20.5745 0.23 0.17 -1.90 -1.85 SEAI # 5.9500 7.0800
-123.9220 45.9840 20.5768 26.5672 0.24 0.18 0.43 -2.15 SEAS # 9.2000 12.5700
-122.3090 47.6540 18.4317 20.6507 0.13 0.12 -1.73 -1.91 SEAT # 6.4000 7.1400
-122.2390 48.5040 18.5317 19.2193 0.32 0.32 -2.29 -1.86 SEDK # 6.3000 5.7300
-111.7940 34.8630 6.9039 12.3947 0.18 0.18 1.55 -0.45 SEDO # -3.2500 2.3000
-122.2240 48.5220 18.6383 19.9247 0.13 0.13 -2.11 -1.92 SEDR # 6.4000 6.4400
-112.5890 32.9370 5.5440 13.4863 0.27 0.22 1.90 -0.59 SENO # -3.9600 3.1200
-123.1140 48.0910 19.1460 21.3149 0.25 0.24 -1.29 -1.63 SEQM # 7.1600 7.5600
-118.8480 40.3070 6.7706 18.5711 0.20 0.18 -1.03 -1.91 SEVN # -4.0400 6.1400
-118.7550 34.4600 -13.5892 35.9614 0.15 0.13 -2.10 2.03 SFDM # -22.8500 23.5600
-105.5890 40.0540 11.9667 9.7420 0.31 0.20 -0.32 -0.07 SG24 # -0.3000 1.8300
-106.5060 31.7730 8.2655 10.5010 0.14 0.13 0.72 -0.17 SG33 # -1.4100 2.2600
-117.8620 34.2060 -13.2220 33.8350 0.18 0.15 -1.15 1.77 SGDM # -22.5200 21.7200
-118.1090 34.0890 -13.5841 35.5345 0.45 0.20 -1.68 2.30 SGHS # -22.8200 23.3400
-115.7260 32.6490 -13.8938 36.4182 0.51 0.50 -0.46 -0.73 SGLG # -22.9900 25.0000
-116.6960 33.9130 -7.1186 28.3267 0.20 0.21 1.89 2.55 SGPS # -16.4700 16.5900
-102.9770 49.6790 16.5532 7.9739 1.27 1.06 -1.15 -0.60 SGTN # 1.4200 1.0100
-113.5700 37.1130 7.5140 13.4588 0.17 0.15 1.16 -0.83 SGU1 # -3.1000 2.7600
-117.9300 37.2610 3.7995 21.4269 1.02 0.99 1.03 -2.98 SHAK # -6.3300 9.2900
-117.6290 40.6760 8.3552 17.2198 0.18 0.29 -1.09 -1.99 SHEP # -2.7200 5.1800
-120.2250 40.5920 5.6761 21.4363 0.13 0.11 -0.85 -2.25 SHIN # -5.0100 8.5700
-113.4560 36.5050 7.0241 13.4303 0.19 0.19 1.36 -0.86 SHIV # -3.4300 2.7700
-119.0160 41.8680 9.8146 18.2546 0.14 0.11 -1.80 -1.90 SHLD # -1.3700 5.7700
-120.3470 35.6740 -12.5413 43.8345 0.39 0.38 -2.46 -1.03 SHN5 # -21.9300 30.9300
-116.2990 35.9710 4.1168 16.5467 0.13 0.11 2.45 -1.73 SHOS # -5.8600 4.9400
-120.6710 35.2690 -16.1422 48.1256 0.27 0.27 -2.85 0.49 SHP5 # -25.3800 35.1200
-111.8620 45.0990 14.6518 12.0680 0.22 0.19 -1.43 -0.94 SHPM # 1.6700 1.9500
-121.5290 45.4640 15.1660 23.2615 0.33 0.32 -2.33 -2.71 SHRK # 3.5000 9.9900
-117.7290 39.8820 6.0141 16.9521 0.25 0.29 1.11 -1.94 SHSH # -4.8400 4.8800
-116.0160 34.6240 0.4709 18.8738 0.36 0.29 4.12 -2.79 SIBE # -9.1600 7.3600
-118.2640 34.1030 -16.0887 36.0443 0.16 0.15 -1.55 2.37 SILK # -25.3100 23.8000
-120.1940 38.6240 -1.0434 25.0465 0.41 0.28 0.88 -2.43 SILV # -11.2300 12.1900
-118.7650 34.2490 -16.6287 40.1946 0.58 0.57 -1.75 2.21 SIMI # -25.8300 27.7900
-119.9980 35.3510 -11.3726 39.0650 0.34 0.29 -1.66 0.42 SIMM # -20.7200 26.2700
-117.2500 32.8650 -19.1496 39.6671 0.25 0.22 -0.06 2.44 SIO3 # -28.1400 27.7500
-117.2500 32.8410 -19.0465 40.3671 0.14 0.12 -0.32 2.12 SIO5 # -28.0300 28.4500
-120.0350 40.2780 5.0041 21.3766 0.17 0.14 -0.59 -2.25 SKED # -5.6300 8.5700
-122.3420 48.4330 18.3280 20.4707 0.37 0.33 -2.06 -1.90 SKGT # 6.1300 6.9500
-121.8840 45.6940 16.8902 21.4907 0.31 0.23 -2.20 -2.62 SKMA # 5.2300 8.1100
-118.7080 41.0320 8.4165 17.7964 0.28 0.29 -1.45 -1.61 SKND # -2.6000 5.4100
-116.2110 36.7300 5.1383 15.7979 0.21 0.18 1.92 -1.48 SKUL # -5.0600 4.2200
-118.4790 34.4390 -12.2713 33.6832 0.14 0.14 -1.58 2.21 SKYB # -21.5600 21.3700
-122.2040 37.4170 -13.3092 43.9086 0.15 0.13 0.22 -0.55 SLAC # -22.9000 30.4300
-118.1900 39.0850 6.9323 18.7806 0.12 0.12 -0.27 -2.59 SLAT # -3.6500 6.5600
-111.9550 40.7720 11.7582 12.1699 0.29 0.18 -0.56 -0.70 SLCU # -0.0600 2.0200
-116.2540 33.1930 -13.4444 35.3220 0.26 0.23 0.44 0.35 SLHG # -22.6400 23.7300
-119.8840 39.3140 1.9686 22.4192 0.21 0.17 0.24 -2.36 SLID # -8.4400 9.6600
-115.9780 33.2920 -4.8055 28.5413 0.15 0.12 1.29 0.36 SLMS # -14.0600 17.0400
-118.5720 39.2870 5.8137 21.5130 0.22 0.14 -0.06 -2.43 SLT1 # -4.7700 9.1700
-117.9310 41.1600 8.8687 17.0273 0.22 0.24 -1.21 -1.66 SLUM # -2.2900 4.8900
-122.3450 47.5240 18.1065 20.8816 0.17 0.13 -1.62 -1.90 SMAI # 6.1100 7.3600
-112.8450 39.4260 8.5442 12.6434 0.12 0.10 0.05 -0.75 SMEL # -2.8000 2.1900
-119.2720 38.7360 2.0036 22.4358 0.35 0.34 1.18 -1.75 SMIT # -8.3400 9.8700
-119.6480 40.6210 6.2572 20.0748 0.14 0.14 -1.05 -2.03 SMOK # -4.5200 7.3900
-115.8390 32.9580 -11.8966 38.2655 0.31 0.29 0.45 -1.06 SMTN # -21.0700 26.8100
-115.5870 36.3200 5.2286 15.4123 0.24 0.18 1.91 -1.48 SMYC # -4.9300 4.0400
-120.2510 43.0030 12.4822 20.1144 0.17 0.17 -2.76 -2.39 SNDR # 1.2000 7.2400
-117.9290 33.9270 -15.3580 37.4766 0.15 0.13 -0.96 2.56 SNHS # -24.5700 25.3400
-119.5240 33.2480 -21.8679 47.2656 0.20 0.15 -0.69 1.87 SNI1 # -30.7000 34.6200
-116.8080 34.0350 -5.7469 27.1532 0.28 0.25 1.99 1.81 SNOG # -15.1200 15.3800
-121.3880 47.3910 17.1812 19.8480 0.22 0.18 -2.14 -2.10 SNOQ # 5.0500 6.6200
-120.4340 34.9120 -19.3272 49.0717 0.32 0.35 -2.75 1.03 SNTA # -28.5000 36.1400
-116.9710 32.8310 -18.4980 39.1564 0.36 0.31 -0.65 1.62 SNTE # -27.5100 27.3300
-118.0800 33.9410 -18.8520 38.2252 0.39 0.32 -1.09 2.29 SNTF # -28.0500 26.0400
-121.9260 37.1660 -12.2943 43.0036 0.18 0.18 1.04 -0.67 SODB # -21.8600 29.6100
-119.0640 34.3200 -16.0157 40.7498 0.13 0.12 -2.15 2.12 SOMT # -25.2000 28.2500
-117.7280 40.8530 8.1075 16.8318 0.33 0.36 -1.06 -1.76 SONC # -3.0000 4.7600
-117.5600 33.3810 -18.1885 39.8175 0.19 0.18 -0.34 2.42 SONG # -27.2900 27.8000
-112.1270 39.3060 8.6030 12.5887 0.18 0.13 0.07 -0.60 SPIC # -2.7900 2.3800
-115.4660 31.0460 -23.1460 40.7423 0.51 0.44 -0.24 1.53 SPIG # -31.8000 29.4100
-118.6460 34.0590 -17.1469 40.4066 0.14 0.12 -1.62 2.55 SPK1 # -26.3100 28.0400
-119.7100 39.5410 3.2717 21.6944 0.27 0.21 0.07 -2.29 SPK2 # -7.2200 8.9900
-117.5030 47.6280 16.4568 15.7091 0.14 0.15 -2.21 -1.86 SPKN # 3.6400 3.7100
-119.7120 39.5420 2.6217 21.0850 0.44 0.38 -0.02 -2.17 SPKS # -7.8700 8.3800
-117.2720 47.6770 15.9840 15.0742 0.42 0.38 -2.23 -1.79 SPKV # 3.1200 3.1500
-117.8490 33.9930 -14.6301 35.8708 0.13 0.11 -0.97 2.41 SPMS # -23.8700 23.7600
-115.4660 31.0450 -23.3163 41.9123 0.30 0.23 -0.08 0.78 SPMX # -31.9700 30.5800
-117.4240 47.5180 16.0931 15.6235 0.17 0.15 -2.27 -1.85 SPN5 # 3.2900 3.6500
-117.4230 47.5180 15.9932 15.8332 0.15 0.15 -2.26 -1.86 SPN6 # 3.1900 3.8600
-119.7760 44.8270 14.6775 19.0952 0.20 0.18 -2.67 -2.45 SPRA # 2.8800 6.3700
-117.9750 47.3100 16.5387 16.4214 0.17 0.16 -2.24 -1.95 SPRG # 3.8700 4.2700
-119.7100 39.5120 2.9543 21.0944 0.29 0.32 0.08 -2.28 SPRK # -7.5300 8.3900
-117.2570 32.8670 -19.2699 39.4693 0.25 0.20 -0.04 2.48 SPW2 # -28.2600 27.5500
-121.6500 44.1920 15.9578 22.4988 0.37 0.46 -3.04 -3.00 SQAW # 4.6100 9.1900
-123.1020 48.0820 22.6361 23.1312 0.26 0.23 -1.43 -1.63 SQIM # 10.6500 9.3800
-123.1420 49.7250 18.6030 20.0433 0.24 0.33 -2.08 -1.93 SQMS # 6.2700 6.2800
-119.5600 40.8440 6.9966 19.8370 0.35 0.27 -1.25 -1.94 SQUA # -3.8500 7.1800
-122.2670 37.8740 -10.2114 42.0079 0.18 0.19 1.71 -3.19 SRB1 # -19.9100 28.5100
-120.3370 38.9240 -0.8760 23.4113 1.03 0.32 0.69 -2.45 SRCK # -11.1200 10.5100
-122.7320 38.4480 -1.6840 48.5293 0.21 0.13 1.64 -3.56 SRO1 # -11.4600 34.8900
-112.2280 33.4510 5.7126 13.0632 0.19 0.17 1.56 -0.49 SRP1 # -3.9800 2.8200
-120.0650 34.0040 -20.0566 48.1161 0.15 0.13 -1.67 1.51 SRS1 # -29.0300 35.3000
-119.7230 39.6210 3.1405 21.0785 0.19 0.17 -0.00 -2.28 SSB2 # -7.3700 8.3700
-122.3150 47.6820 18.2369 20.3525 0.17 0.13 -1.74 -1.90 SSHO # 6.2000 6.8400
-120.4660 40.3790 4.9270 22.6417 0.42 0.40 -0.69 -2.34 SSNV # -5.6700 9.7000
-119.4660 39.3340 3.6225 21.5273 0.29 0.24 0.13 -2.26 STAG # -6.8500 8.9000
-122.8210 44.8310 17.1140 24.6063 0.18 0.13 -1.87 -2.97 STAY # 5.8100 10.9400
-106.8650 40.5130 12.1618 9.5793 0.25 0.25 -0.39 -0.15 STBT # -0.1200 1.2100
-119.8840 39.6260 2.9290 22.1392 0.19 0.18 0.01 -2.30 STEA # -7.5600 9.3800
-122.1730 37.4270 -12.7322 43.2092 0.25 0.25 0.50 -0.93 STFU # -22.3300 29.7400
-122.4680 38.5050 -2.6807 36.2491 0.10 0.14 1.83 -3.82 STHE # -12.5100 22.6900
-119.7880 39.3640 2.5651 23.2989 0.27 0.18 0.24 -2.29 STHI # -7.8700 10.5700
-122.7340 44.3960 17.2577 24.2999 0.26 0.21 -2.35 -3.20 STHM # 6.0400 10.6600
-115.9100 36.5100 5.3734 15.8089 0.14 0.18 2.01 -1.45 STIR # -4.8000 4.3300
-119.2070 40.2310 6.3304 19.2652 0.15 0.12 -0.79 -2.05 STON # -4.4100 6.7200
-103.0210 49.6710 17.2771 7.9000 0.20 0.28 -1.15 -0.62 STOU # 2.1500 0.9200
-116.3380 36.6450 5.0794 16.0695 0.20 0.16 2.05 -1.47 STRI # -5.0800 4.4500
-115.4510 36.4150 5.3311 15.4873 0.15 0.13 1.91 -1.43 STRK # -4.8700 4.1600
-122.1730 37.4270 -12.7822 42.7992 0.47 0.38 0.37 -1.04 SUAA # -22.3800 29.3300
-123.3290 42.9870 13.5592 26.6796 0.29 0.24 -2.63 -3.53 SUHS # 2.7700 12.8600
-117.6840 37.2210 4.1601 19.7176 0.74 0.41 0.99 -2.46 SULF # -5.9900 7.6600
-102.5120 34.8250 10.7056 8.3836 0.18 0.19 0.27 -0.01 SUM5 # -0.2200 1.5900
-102.5120 34.8250 10.3856 8.3436 0.28 0.20 0.33 -0.01 SUM6 # -0.5400 1.5500
-119.5910 39.0510 2.8416 23.0168 0.17 0.17 0.29 -2.29 SUNR # -7.5400 10.3500
-112.6930 36.5770 7.5781 12.8917 0.18 0.17 1.19 -0.65 SUNS # -2.9800 2.4900
-120.0690 41.6620 9.1280 20.2873 0.18 0.14 -1.84 -2.09 SUPR # -1.8500 7.4700
-122.6920 49.0740 18.5452 19.8672 0.97 2.85 -2.36 -1.84 SUR6 # 6.2700 6.2400
-122.6950 49.1750 18.1565 20.0581 0.27 0.21 -2.17 -1.90 SURR # 5.8600 6.4300
-120.5630 40.4490 4.6005 22.6020 0.13 0.13 -0.63 -2.35 SUSA # -6.0000 9.6300
-121.8210 39.2060 -0.8884 25.4313 0.14 0.14 0.83 -3.26 SUTB # -10.9900 12.0700
-115.5180 35.8060 4.5823 15.9595 0.14 0.12 2.29 -1.69 SVAL # -5.4400 4.6100
-122.5260 38.0330 -11.3786 42.8268 0.16 0.15 1.54 -2.79 SVIN # -21.0800 29.2500
-119.2010 38.5190 2.2465 23.4833 0.17 0.13 0.53 -2.44 SWEE # -8.0500 10.9400
-122.4580 37.6120 -13.7158 46.1761 0.25 0.18 -0.59 0.15 SWEP # -23.3200 32.6200
-120.0460 42.0490 9.3479 19.8201 0.37 0.40 -2.12 -2.07 SWRN # -1.7300 7.0100
-117.7440 37.4530 4.8252 19.1970 0.12 0.13 0.84 -2.70 SYLV # -5.3800 7.1200
-120.0700 34.6070 -20.6130 45.5776 0.36 0.24 -2.54 1.59 SYNG # -29.7500 32.7600
-122.5880 37.9280 -12.0643 44.0256 0.20 0.24 0.60 -1.37 T3RP # -21.7300 30.4300
-117.6780 34.3820 -9.4609 31.4057 0.14 0.14 0.21 1.25 TABL # -18.8300 19.3500
-117.6780 34.3820 -9.2109 31.1757 0.19 0.20 0.47 1.07 TABV # -18.5800 19.1200
-122.4720 47.2290 16.9986 21.3303 0.21 0.20 -1.30 -1.97 TACO # 5.0900 7.7700
-117.7120 36.3510 2.2296 20.9166 1.29 0.70 2.73 -1.62 TALC # -7.6800 8.8500
-116.5740 36.9320 5.2499 16.2068 0.21 0.17 1.79 -1.50 TATE # -4.9600 4.5100
-117.1760 46.7150 15.9202 15.7630 0.33 0.32 -2.29 -1.85 TAY1 # 3.2700 3.8700
-117.5550 33.8850 -11.2158 35.7859 0.47 0.44 -0.28 2.21 TCGC # -20.4600 23.7700
-113.4780 43.6190 12.6833 12.5477 0.19 0.18 -1.73 -1.28 TCSG # 0.2900 1.8800
-103.6090 35.0850 10.1202 8.9547 0.21 0.21 0.27 -0.04 TCUN # -0.8100 1.7600
-121.1300 45.6080 16.6251 20.9582 0.21 0.22 -2.48 -2.62 TDLS # 4.8600 7.8100
-118.4700 35.1430 -5.8660 26.7703 0.22 0.21 3.38 0.05 TEHA # -15.3500 14.4600
-120.4980 40.8630 6.4943 21.9317 0.23 0.23 -1.03 -2.25 TERM # -4.2200 8.9800
-118.3530 35.0330 -5.5918 28.0629 0.32 0.29 3.89 -0.21 THAC # -15.0600 15.7900
-121.9350 37.3510 -12.4779 40.9063 0.41 0.31 1.70 -2.43 THAL # -22.0900 27.5100
-118.4150 35.1580 -5.6051 27.1227 0.14 0.12 3.74 -0.32 THCP # -15.1000 14.8300
-119.8380 39.4020 2.7678 22.9347 0.29 0.26 0.21 -2.30 THCR # -7.6700 10.1900
-116.0770 33.6510 -3.2534 23.9738 0.17 0.15 1.82 -0.29 THMG # -12.6000 12.4400
-117.7670 33.5500 -18.0649 39.8044 0.25 0.22 -0.45 2.47 THMS # -27.1900 27.7200
-117.3750 37.9430 5.8848 17.0476 0.14 0.17 0.79 -2.28 THOM # -4.5000 5.0900
-121.6200 44.0900 16.9085 21.8596 0.42 0.36 -3.12 -3.04 THRM # 5.5800 8.5600
-114.4540 35.1830 5.0958 14.8156 0.17 0.16 2.18 -1.25 THUM # -4.8700 3.8200
-122.2880 47.1060 18.6329 20.9743 0.18 0.14 -1.44 -2.07 THUN # 6.7200 7.4700
-122.4480 37.8910 -11.0933 43.0830 0.15 0.12 1.22 -2.54 TIBB # -20.7700 29.5300
-123.8310 45.4550 18.6738 26.4501 0.30 0.18 -0.12 -2.19 TILL # 7.4000 12.4800
-118.6300 40.6470 7.8388 17.8615 0.15 0.17 -1.46 -1.57 TIRE # -3.0900 5.5000
-116.2300 36.9350 5.4027 15.7641 0.14 0.12 1.71 -1.47 TIVA # -4.8500 4.1800
-120.1330 34.4830 -18.8147 46.4374 0.15 0.15 -2.20 1.54 TJRN # -27.9100 33.6000
-117.7050 36.3530 0.6910 22.9444 0.29 0.24 2.61 -2.91 TLCC # -9.2200 10.8800
-118.7120 40.0790 6.6307 18.8077 0.32 0.27 -0.64 -1.98 TLON # -4.1400 6.4200
-116.1600 33.6410 -6.1855 26.5011 0.16 0.13 2.07 1.01 TMAP # -15.5200 14.9400
-105.2330 40.1300 11.6802 9.4237 0.36 0.33 -0.29 -0.05 TMG2 # -0.6400 1.6400
-111.9200 43.3060 12.1657 10.9379 0.27 0.26 -1.48 -1.20 TMIG # -0.3400 0.8000
-105.2330 40.1300 12.7502 8.7637 0.86 0.76 -0.34 -0.08 TMS3 # 0.4300 0.9800
-113.5470 28.9720 -24.2454 41.2310 0.33 0.26 -0.46 0.61 TNBA # -32.4600 30.5400
-106.7940 28.4510 6.7298 11.3339 0.24 0.19 0.48 -0.19 TNCU # -1.8600 2.9900
-113.6320 31.3360 5.5431 13.9097 0.24 0.20 0.91 -0.23 TNPP # -3.3800 3.1900
-118.3640 38.8090 6.1961 19.7264 0.17 0.18 -0.14 -2.41 TNUG # -4.2900 7.4500
-106.9820 38.8710 11.2262 9.7310 0.30 0.25 0.01 -0.07 TOCB # -0.5700 1.3200
-117.0490 39.5420 6.4351 16.4117 0.14 0.11 1.04 -2.23 TOIY # -4.4200 4.5600
-120.4490 39.7950 2.0913 23.0064 0.25 0.31 -0.02 -2.42 TOLA # -8.3600 10.0700
-117.2930 38.3580 6.2971 16.9110 0.12 0.14 0.76 -2.17 TONI # -4.2100 4.9800
-117.1840 38.0970 6.1108 17.0256 0.12 0.11 0.79 -2.16 TONO # -4.3400 5.1300
-111.1090 33.6470 6.5697 12.3591 0.33 0.34 1.52 -0.43 TONT # -3.2900 2.5000
-106.5610 35.1800 9.5804 10.2707 0.23 0.29 0.68 -0.07 TOP2 # -1.1500 2.0100
-106.8690 35.0210 8.7761 10.4107 0.20 0.19 0.70 -0.06 TOP4 # -1.8800 2.0400
-106.7970 35.1540 8.4927 10.1550 0.36 0.36 0.54 -0.10 TOP5 # -2.2100 1.8100
-119.5420 38.7100 1.4497 24.0313 0.23 0.21 0.50 -2.41 TOPA # -8.8500 11.3800
-116.9890 38.9280 6.9593 16.0722 0.14 0.17 0.45 -2.11 TOQU # -3.7400 4.2400
-118.3310 33.7980 -17.4818 40.4058 0.14 0.11 -1.09 2.50 TORP # -26.6100 28.1400
-118.8370 34.2480 -16.4078 41.0576 0.14 0.15 -1.87 2.32 TOST # -25.6000 28.6300
-117.7650 35.8090 -1.4057 24.3437 0.38 0.39 2.51 -0.66 TOWG # -11.1600 12.2600
-117.2360 38.9110 7.0126 16.3125 0.28 0.21 0.30 -2.06 TOYA # -3.6500 4.4000
-118.2290 34.8790 -6.0492 29.6931 0.26 0.23 3.71 0.63 TPOG # -15.4900 17.4600
-123.7680 46.2070 19.8337 25.7712 0.21 0.14 0.36 -2.17 TPW2 # 8.3800 11.8200
-119.4800 39.5320 3.8618 21.2317 0.49 0.40 0.02 -2.25 TRAC # -6.6600 8.6000
-117.7100 49.0980 16.6152 15.9160 0.25 0.28 -2.05 -1.82 TRAI # 3.4900 3.8500
-117.8030 33.6180 -17.3499 39.4360 0.13 0.11 -0.36 2.68 TRAK # -26.4900 27.3400
-114.2060 36.2760 6.4752 14.1826 0.15 0.11 1.62 -1.07 TRAM # -3.8300 3.2700
-122.6160 37.9970 -11.8309 43.8141 0.23 0.22 0.82 -1.67 TRCP # -21.5100 30.2100
-118.6360 40.2900 7.0259 18.3634 0.15 0.15 -1.15 -1.79 TRIN # -3.8100 6.0000
-124.1510 41.0540 10.3164 35.7754 0.16 0.12 2.96 -3.28 TRND # 0.1200 21.7100
-116.5310 34.8390 1.3722 20.5427 0.27 0.19 0.45 -1.74 TROY # -8.2600 8.8600
-120.2280 39.2960 1.0753 23.8572 0.23 0.20 0.36 -2.45 TRUC # -9.2800 10.9900
-114.8110 30.9340 -22.0431 39.7448 0.31 0.27 -0.04 1.24 TSFX # -30.7300 28.6300
-110.5970 43.6740 13.2010 11.0221 0.14 0.13 -1.37 -0.93 TSWY # 0.4400 1.3400
-110.9440 32.2140 7.0520 13.0021 0.37 0.27 1.28 -0.50 TUCS # -2.3900 3.2000
-120.0230 41.0180 7.4232 20.6029 0.15 0.16 -1.28 -2.05 TULE # -3.4000 7.8000
-118.7160 40.0690 5.2975 17.4090 0.96 0.70 -1.33 -1.02 TULN # -5.4700 5.0200
-122.9120 46.9840 17.6572 22.3038 0.29 0.29 -0.84 -2.00 TUMW # 5.8800 8.6100
-118.2580 40.4030 7.7977 17.2724 0.13 0.11 -1.59 -1.42 TUNG # -3.1200 5.0300
-120.4170 39.8590 2.5222 23.1164 0.36 0.35 -0.07 -2.41 TURN # -7.9500 10.1900
-120.0830 40.1030 5.2026 22.2817 0.39 0.27 -0.39 -2.30 TURT # -5.3800 9.4600
-122.9230 47.0160 17.9324 23.0072 0.16 0.14 -0.81 -1.98 TWHL # 6.1500 9.3100
-117.7260 33.9720 -14.5514 35.4712 0.16 0.15 -0.70 2.30 TWMS # -23.8000 23.4000
-122.2120 46.1980 19.1405 21.6711 0.31 0.45 -1.75 -2.44 TWRI # 7.4200 8.1900
-120.1220 48.3660 17.1349 18.1140 0.30 0.33 -2.30 -2.01 TWSP # 4.5700 5.2800
-102.5440 32.3080 9.1824 8.9853 0.23 0.17 0.42 -0.07 TXAD # -0.9400 2.1800
-103.6690 30.3800 7.8659 9.0766 0.21 0.18 0.48 -0.14 TXAL # -1.5600 1.8600
-101.8780 35.1540 10.6914 8.3406 0.12 0.12 0.22 -0.01 TXAM # -0.3800 1.7800
-106.5840 31.9820 8.5756 10.3689 0.22 0.21 0.79 -0.18 TXAT # -1.1600 2.1000
-102.8930 34.5090 9.5003 8.7232 0.26 0.20 0.34 -0.03 TXB4 # -1.3000 1.7900
-106.4460 31.7660 8.4379 10.7595 0.21 0.20 0.78 -0.16 TXBA # -1.2400 2.5400
-102.2830 33.1650 8.9943 9.1795 0.22 0.19 0.36 -0.05 TXBF # -1.4200 2.4700
-101.4760 32.2680 9.9953 7.3724 0.24 0.27 0.33 -0.06 TXBG # -0.1800 0.9600
-101.3980 35.6400 10.5652 8.4636 0.18 0.18 0.17 0.02 TXBR # -0.6900 2.0800
-102.3580 31.4230 8.5575 8.6370 0.19 0.17 0.40 -0.10 TXCE # -1.2900 1.9000
-102.3290 35.6880 10.8081 8.4764 0.17 0.16 0.23 0.01 TXCG # -0.4000 1.7500
-102.5390 36.0780 11.2348 8.9735 0.21 0.19 0.19 0.01 TXDL # -0.0800 2.1700
-102.3030 34.5300 10.7067 8.5968 0.20 0.17 0.31 -0.02 TXDM # -0.1400 1.8800
-106.2720 31.6920 8.2675 10.2072 0.15 0.14 0.71 -0.18 TXEL # -1.4000 2.0500
-106.3160 31.7490 7.8323 10.3430 0.20 0.21 0.73 -0.17 TXEO # -1.8500 2.1700
-101.4060 36.2700 11.2014 7.7566 0.28 0.26 0.10 0.01 TXGU # -0.2500 1.3700
-102.4070 34.8460 10.6993 8.6650 0.20 0.16 0.29 -0.01 TXHR # -0.2400 1.9100
-106.0420 31.9270 8.5391 10.5548 0.21 0.18 0.71 -0.16 TXHT # -1.2200 2.4800
-102.3500 33.9380 9.9563 8.7041 0.22 0.19 0.34 -0.03 TXL1 # -0.7000 1.9700
-101.9440 32.7610 9.8360 9.5049 0.20 0.19 0.34 -0.05 TXLA # -0.4700 2.9200
-101.8780 33.5200 8.9436 8.9106 0.29 0.20 0.34 -0.04 TXLB # -1.6100 2.3500
-102.3460 33.5940 10.1772 9.3026 0.24 0.20 0.35 -0.04 TXLD # -0.3700 2.5700
-102.7600 33.7380 9.8657 8.8445 0.23 0.21 0.36 -0.05 TXM1 # -0.7000 1.9600
-102.2320 31.1320 8.8204 8.9808 0.20 0.18 0.40 -0.10 TXMC # -0.9400 2.2900
-102.7540 34.2400 9.6550 8.9423 0.22 0.21 0.35 -0.03 TXML # -1.0700 2.0600
-101.1970 30.7260 9.1376 8.5794 0.18 0.22 0.34 -0.09 TXOZ # -0.5500 2.2700
-102.8180 33.1820 9.6649 9.4257 0.31 0.23 0.42 -0.06 TXP2 # -0.7200 2.5200
-104.3570 29.5590 7.6739 9.7067 0.18 0.14 0.43 -0.16 TXPE # -1.4400 2.2400
-101.7230 34.1500 10.3342 8.3235 0.23 0.20 0.28 -0.03 TXPW # -0.4300 1.8200
-101.3870 33.6720 10.2428 8.4296 0.22 0.18 0.28 -0.03 TXRA # -0.3900 2.0500
-102.6300 32.7120 9.1468 9.2368 0.23 0.24 0.41 -0.07 TXS3 # -1.1000 2.4000
-102.0620 36.3380 11.4184 8.4383 0.17 0.19 0.15 0.01 TXSF # -0.0100 1.8100
-102.4090 30.1530 8.6790 8.4758 0.15 0.14 0.34 -0.12 TXSN # -0.7500 1.7200
-101.7950 33.1810 9.8402 8.8600 0.22 0.20 0.34 -0.04 TXTO # -0.6100 2.3300
-101.7390 34.5340 10.9449 8.2694 0.18 0.15 0.26 -0.01 TXTU # 0.0600 1.7600
-102.4240 35.2440 10.5730 8.6613 0.19 0.31 0.27 0.00 TXVG # -0.4900 1.9000
-104.8560 31.0340 7.7691 10.0175 0.51 0.50 0.57 -0.17 TXVH # -1.7900 2.3700
-118.4420 34.0690 -15.8296 37.9014 0.14 0.12 -1.68 2.53 UCLP # -25.0200 25.6000
-119.8440 34.4130 -17.7573 43.0166 0.21 0.17 -2.33 1.84 UCSB # -26.8700 30.2700
-122.0600 36.9980 -16.7566 47.7646 0.66 0.52 -0.58 1.70 UCSC # -26.2600 34.3300
-122.4580 37.7630 -11.0373 43.9561 0.16 0.16 0.46 -1.34 UCSF # -20.6800 30.4000
-122.6670 47.7550 18.7014 20.7196 0.18 0.18 -1.50 -1.86 UFDA # 6.7100 7.1000
-117.1090 37.3990 5.4712 17.6913 0.12 0.12 1.10 -2.02 UFOS # -4.8000 5.8200
-118.8020 39.6270 5.9309 18.1064 0.36 0.34 -0.68 -1.05 UHOG # -4.7100 5.6900
-118.9370 45.1330 14.6714 17.6294 0.18 0.21 -2.50 -2.27 UKIA # 2.6700 5.1700
-105.2060 40.0610 12.2225 9.2039 0.27 0.27 -0.32 -0.07 UNAC # -0.0800 1.4300
-115.2430 36.2470 5.6083 15.0184 0.16 0.14 2.03 -1.45 UNR1 # -4.5700 3.7600
-114.0540 36.7730 5.6331 14.5216 0.30 0.27 1.32 -1.05 UNR2 # -4.8300 3.6600
-118.8020 39.6270 5.0709 19.3564 0.13 0.11 0.11 -2.13 UPSA # -5.5700 6.9400
-118.2850 34.0240 -15.2732 37.6711 0.18 0.16 -1.55 2.46 USC1 # -24.4700 25.4200
-118.2770 34.0200 -15.8334 37.6485 0.32 0.36 -1.40 2.10 USC2 # -25.0300 25.4000
-116.0850 33.0300 -15.0827 36.2665 0.15 0.13 0.48 0.37 USGC # -24.2500 24.7300
-120.6610 35.3120 -15.9294 48.5325 0.15 0.12 -2.87 0.44 USLO # -25.1800 35.5300
-109.6810 29.8220 7.0506 12.3634 0.16 0.13 0.81 -0.22 USMX # -1.7600 3.0000
-112.2410 41.0560 11.4625 11.9177 0.41 0.37 -0.73 -0.86 UTAI # -0.4000 1.6700
-111.8790 40.8810 12.3769 12.2038 0.14 0.15 -0.58 -0.71 UTB0 # 0.5200 2.0800
-109.4840 37.6380 8.9775 11.3446 0.42 0.39 0.63 -0.17 UTB1 # -2.2200 2.0500
-109.4790 37.6240 8.8639 11.6728 4.82 5.96 0.45 -0.25 UTBL # -2.3300 2.3800
-113.0610 37.6860 6.8031 13.8767 0.39 0.36 1.03 -0.64 UTCC # -4.0300 3.3500
-113.0870 37.7040 7.4152 12.5655 0.18 0.26 0.84 -0.78 UTCE # -3.4200 2.0300
-111.9570 40.6710 10.8303 12.5106 0.28 0.24 -0.50 -0.72 UTCR # -0.9600 2.3600
-111.3990 40.9130 12.0908 12.5590 0.32 0.33 -0.59 -0.62 UTCV # 0.1700 2.6000
-112.5790 39.3540 8.0249 12.8329 0.17 0.16 0.07 -0.75 UTDE # -3.3300 2.4700
-111.8590 40.5230 11.5509 11.9970 0.54 0.45 -0.47 -0.70 UTDR # -0.2100 1.8800
-110.4000 40.1720 11.1760 11.9538 0.22 0.19 -0.30 -0.45 UTDU # -0.6500 2.3400
-112.1040 39.9600 9.8273 12.2309 0.44 0.46 -0.22 -0.68 UTE2 # -1.7500 2.0300
-109.1350 37.8020 9.7396 11.6224 0.36 0.35 0.56 -0.14 UTEL # -1.5400 2.4500
-111.5760 37.7570 9.1862 12.5999 0.17 0.14 0.65 -0.44 UTES # -1.8300 2.5800
-112.1020 39.9590 9.4473 12.8002 0.46 0.41 -0.19 -0.70 UTEU # -2.1300 2.6000
-112.3240 38.9680 8.5663 12.6160 0.19 0.18 0.23 -0.65 UTFI # -2.7100 2.3400
-111.9070 40.9800 11.9808 12.2234 0.32 0.38 -0.65 -0.77 UTFM # 0.1000 2.0900
-113.0100 40.7620 9.8913 12.5694 0.24 0.61 -0.53 -0.91 UTGK # -1.8000 2.0600
-114.0340 38.9380 7.7297 13.6049 0.20 0.20 0.36 -1.05 UTGN # -3.3400 2.7500
-112.4870 40.6050 9.4705 12.2416 0.23 0.19 -0.46 -0.78 UTGR # -2.2400 1.9100
-110.1570 38.9960 10.8498 11.4993 0.15 0.20 0.11 -0.31 UTGV # -0.6700 1.9700
-110.7210 38.3750 10.1135 11.5350 0.20 0.22 0.39 -0.34 UTHA # -1.1700 1.8100
-111.4030 40.5070 12.2683 12.1004 0.21 0.18 -0.42 -0.62 UTHE # 0.4600 2.1400
-113.2990 37.1860 8.3750 13.8072 0.16 0.17 1.06 -0.77 UTHN # -2.2900 3.2000
-112.0330 40.5150 9.6786 12.4666 0.39 0.35 -0.44 -0.75 UTHR # -2.0600 2.2900
-111.7110 41.2600 12.0200 12.1262 0.24 0.22 -0.72 -0.72 UTHU # 0.0400 2.0600
-112.2210 38.2450 9.1746 12.4608 0.19 0.16 0.51 -0.60 UTJU # -1.9100 2.2200
-112.5280 37.0500 8.2314 12.3756 0.19 0.18 1.04 -0.62 UTKA # -2.4800 2.0300
-111.2770 40.6360 12.2482 12.1670 0.18 0.19 -0.48 -0.62 UTKM # 0.3900 2.2500
-111.8790 40.4220 10.9907 11.9238 0.50 0.36 -0.38 -0.69 UTLE # -0.7400 1.8000
-111.8370 41.7370 12.2851 12.0994 0.36 0.34 -0.91 -0.81 UTLG # 0.1900 1.9900
-111.8370 41.7370 12.6651 11.3894 0.26 0.25 -0.90 -0.81 UTLN # 0.5700 1.2800
-111.3130 41.8280 12.8309 12.3094 0.20 0.17 -0.90 -0.74 UTLT # 0.6500 2.3800
-113.0100 38.4020 7.4201 12.9094 0.41 0.40 0.57 -0.72 UTM2 # -3.6200 2.4000
-111.6360 39.2680 10.1873 12.5105 0.36 0.34 0.06 -0.58 UTMA # -1.2500 2.4700
-109.5480 38.5740 10.8318 10.6970 0.22 0.21 0.21 -0.25 UTMB # -0.6300 1.3800
-109.3060 37.2600 9.5247 10.9923 0.20 0.18 0.56 -0.18 UTMC # -1.5800 1.7600
-113.0130 38.3970 8.0684 12.6504 0.48 0.41 0.48 -0.83 UTMI # -2.9700 2.1400
-111.5960 40.1440 11.4560 12.7968 0.33 0.29 -0.29 -0.58 UTMN # -0.2300 2.7700
-111.6370 39.2640 9.3760 12.7108 0.45 0.35 0.08 -0.50 UTMT # -2.0600 2.6700
-110.1770 36.9990 9.6924 11.2563 0.23 0.27 0.75 -0.27 UTMV # -1.2500 1.7200
-111.8360 39.7110 9.3787 12.0991 0.19 0.16 -0.12 -0.62 UTNE # -2.1600 1.9900
-111.9710 41.2200 11.4389 11.8554 0.18 0.17 -0.71 -0.76 UTO1 # -0.5000 1.7000
-111.6870 40.2990 10.4287 12.3980 0.21 0.19 -0.35 -0.64 UTOC # -1.2900 2.3400
-110.7620 39.5940 10.5646 11.8292 0.44 0.37 -0.05 -0.41 UTP2 # -1.0600 2.0900
-111.4950 40.6440 11.7258 12.4220 0.22 0.21 -0.47 -0.62 UTPC # -0.1100 2.4300
-113.3330 41.8170 9.7963 12.5787 0.23 0.21 -1.08 -1.05 UTPV # -2.1400 1.9600
-111.1840 41.6650 12.8613 11.7850 0.21 0.18 -0.84 -0.70 UTRC # 0.7100 1.9000
-112.1020 38.7630 9.8137 12.1102 0.30 0.26 0.31 -0.60 UTRI # -1.4300 1.9100
-109.9950 40.2940 12.7938 12.1229 0.23 0.27 -0.34 -0.40 UTRO # 0.8900 2.6500
-112.1650 41.7880 11.0601 11.6017 0.23 0.29 -0.96 -0.88 UTRS # -1.0100 1.3800
-111.6520 40.1380 11.7480 11.6360 0.39 0.43 -0.30 -0.66 UTS2 # 0.0700 1.5900
-111.6520 40.1380 11.1380 12.3260 0.38 0.44 -0.30 -0.62 UTS3 # -0.5400 2.2800
-113.6130 37.0130 7.6808 13.6433 0.17 0.14 1.45 -0.82 UTSG # -2.9000 2.9300
-111.8880 40.7790 11.2979 11.7369 0.59 0.21 -0.53 -0.68 UTSO # -0.5300 1.6100
-112.2980 40.5320 9.8826 11.7171 0.52 0.94 -0.44 -0.77 UTT1 # -1.8300 1.4500
-110.7070 40.3520 11.8428 11.6602 0.23 0.18 -0.36 -0.50 UTTA # 0.0000 1.9400
-112.0840 37.6270 9.1843 12.4140 0.20 0.20 0.76 -0.56 UTTP # -1.7400 2.2200
-109.5260 40.4570 12.1393 11.3593 0.18 0.16 -0.38 -0.36 UTUC # 0.1400 2.0500
-111.7960 40.6890 11.6938 12.6054 0.44 0.43 -0.51 -0.72 UTWB # -0.1200 2.5100
-111.9780 40.7100 10.0786 12.2777 0.49 0.32 -0.52 -0.71 UTWV # -1.7200 2.1200
-120.5640 34.8270 -18.5269 47.8123 0.19 0.17 -2.57 1.02 VAN5 # -27.6600 34.8400
-120.5630 34.8260 -19.0770 47.8620 0.22 0.17 -2.42 1.04 VAN6 # -28.2100 34.8900
-119.4840 34.8520 -13.3223 36.3730 0.16 0.13 -2.06 1.68 VCST # -22.6000 23.7400
-122.5160 45.6180 17.1265 23.2837 0.22 0.15 -1.66 -2.67 VCWA # 5.5900 9.7100
-118.2200 34.1790 -14.6523 35.7502 0.14 0.11 -1.61 2.17 VDCY # -23.9000 23.5200
-119.2000 34.2500 -17.5618 41.3130 0.35 0.46 -1.99 1.93 VEN4 # -26.7100 28.7700
-114.5290 36.5010 6.5922 14.3207 0.21 0.21 1.62 -1.12 VFSP # -3.7400 3.3000
-117.1790 39.5580 6.4122 16.5040 0.09 0.16 1.14 -2.19 VIGU # -4.4300 4.6100
-118.5140 34.1260 -16.0424 38.9044 0.14 0.13 -1.75 2.43 VIMT # -25.2400 26.5800
-117.3630 36.9950 4.5492 18.3437 0.26 0.22 1.55 -1.92 VINE # -5.5800 6.3900
-119.6370 39.3460 3.8617 22.5213 0.27 0.20 0.20 -2.28 VIRC # -6.5900 9.8400
-119.4930 39.7310 4.3313 20.9358 0.17 0.17 -0.12 -2.23 VIRP # -6.2400 8.3000
-117.2890 40.7110 7.5407 16.2297 0.49 0.46 -0.73 -2.02 VLMY # -3.5900 4.3000
-119.2380 34.2760 -17.1493 40.5551 0.15 0.16 -2.16 1.99 VNCO # -26.3000 28.0000
-123.0980 49.2660 19.5431 18.4400 0.37 0.67 -2.06 -1.86 VNCR # 7.3000 4.6900
-118.4850 34.2930 -14.4025 36.3351 0.14 0.12 -1.94 2.27 VNCX # -23.6500 24.0200
-120.6160 34.5560 -19.3666 48.4685 0.16 0.17 -2.24 1.04 VNDP # -28.4200 35.4800
-118.1210 34.5010 -10.8208 32.9684 0.15 0.14 -0.31 1.24 VNPS # -20.1700 20.7700
-116.6230 36.5940 4.7807 16.4228 0.28 0.27 2.17 -1.36 VONS # -5.3300 4.7100
-119.9620 39.5240 2.6817 22.0237 0.68 0.60 0.07 -2.38 VRDE # -7.7700 9.2400
-119.3180 50.2000 16.9591 16.3404 1.54 1.06 -2.14 -1.78 VRN4 # 3.8500 3.7600
-119.7320 46.6370 16.0024 18.0713 0.15 0.16 -2.37 -2.19 VRNT # 3.7700 5.3600
-118.2940 33.7130 -17.9811 41.3739 0.13 0.11 -0.94 2.52 VTIS # -27.0900 29.1200
-117.1930 33.2250 -17.8607 38.6985 0.19 0.17 -0.24 2.17 VTOR # -26.9600 26.8000
-119.7800 48.1000 16.6616 17.7264 0.27 0.25 -2.28 -2.03 WABR # 4.1000 5.0000
-119.2590 39.1580 4.2256 21.4817 0.13 0.11 0.09 -2.26 WABU # -6.2300 8.9200
-119.2930 47.6120 16.5795 17.2225 0.27 0.26 -2.27 -2.05 WACC # 4.0500 4.6500
-122.9700 46.6750 17.4680 22.8814 0.29 0.23 -0.76 -2.08 WACS # 5.7700 9.1700
-117.3320 46.9540 16.1036 16.1137 0.29 0.37 -2.18 -1.94 WACX # 3.4200 4.1700
-117.5950 47.5640 16.2975 16.0288 0.28 0.28 -2.16 -1.92 WACY # 3.5100 4.0000
-120.5470 46.9840 16.7496 19.0270 0.28 0.25 -2.29 -2.19 WAEL # 4.5700 6.0600
-121.9850 47.2030 17.5269 20.9716 0.33 0.28 -1.75 -2.04 WAEN # 5.5400 7.5600
-122.2080 47.9810 18.4119 20.4698 0.23 0.20 -1.94 -1.90 WAEV # 6.2900 6.9900
-122.5550 48.8280 18.7964 20.4556 0.27 0.24 -2.12 -1.86 WAFD # 6.5500 6.8700
-123.0190 48.5330 18.7893 20.4362 0.36 0.37 -1.71 -1.69 WAFH # 6.6900 6.7100
-123.0270 48.5310 18.6474 19.2086 0.32 0.44 -1.75 -1.67 WAFR # 6.5500 5.4800
-119.5140 41.2920 8.4468 19.3225 0.15 0.17 -1.53 -1.86 WAGO # -2.5200 6.6800
-113.4130 38.6460 7.9819 12.2058 0.86 1.31 0.38 -0.95 WAHW # -3.0800 1.5600
-122.1870 47.7090 18.0852 20.0834 0.20 0.19 -1.90 -1.90 WAKI # 6.0200 6.6100
-122.8890 46.1130 17.6955 23.2969 0.35 0.36 -1.02 -2.33 WAKL # 6.1100 9.6100
-118.2580 46.0920 15.2761 17.1224 0.16 0.15 -2.33 -2.10 WALA # 2.9400 4.8800
-118.7640 38.7590 3.9689 21.5843 0.12 0.11 0.02 -2.53 WALK # -6.4500 9.1800
-119.7190 41.2480 8.0857 19.7772 0.15 0.20 -1.52 -1.93 WALL # -2.8400 7.0700
-121.2740 45.2240 16.3219 21.0428 0.19 0.17 -2.57 -2.72 WAMC # 4.6700 7.8500
-122.2740 46.5550 16.9511 22.7500 0.35 0.29 -1.52 -2.28 WAMO # 5.1600 9.2500
-123.6020 46.9780 18.9244 24.6316 0.41 0.28 0.24 -1.79 WAMS # 7.2700 10.7300
-122.3330 48.3840 18.7888 20.1680 0.34 0.33 -2.04 -1.89 WAMV # 6.6000 6.6500
-119.9320 46.7620 16.3891 18.5343 0.32 0.29 -2.33 -2.23 WAMW # 4.1600 5.7600
-122.8440 47.0460 18.3229 22.9333 0.36 0.27 -0.97 -1.98 WAOL # 6.5200 9.2600
-119.1740 46.8100 16.1923 17.6548 0.28 0.25 -2.31 -2.16 WAOT # 3.8300 5.1200
-122.8390 47.0480 16.5842 22.6317 0.43 0.27 -0.92 -2.06 WAOY # 4.7800 8.9600
-119.0800 46.2490 15.7853 17.7749 0.26 0.26 -2.33 -2.23 WAPA # 3.5400 5.2700
-122.5690 47.8030 19.2292 21.0698 0.18 0.17 -1.61 -1.84 WAPO # 7.2100 7.4800
-122.3210 47.4510 17.5944 21.2043 0.25 0.20 -1.58 -1.90 WAPS # 5.6100 7.6900
-119.8380 47.2350 16.3439 17.9147 0.29 0.25 -2.29 -2.16 WAQU # 3.9900 5.1700
-120.2430 39.1480 0.2451 24.1819 0.20 0.18 0.49 -2.47 WARD # -10.0700 11.3100
-122.1370 47.6810 18.4076 20.5881 0.36 0.25 -1.85 -1.94 WARM # 6.3400 7.1300
-118.3830 47.1210 16.0405 16.8225 0.27 0.24 -2.24 -2.00 WARZ # 3.4800 4.5400
-118.5570 35.7380 -2.8238 26.1882 0.41 0.47 2.12 -1.02 WASG # -12.4600 13.8500
-117.4210 47.6660 16.4784 15.4625 0.14 0.15 -2.23 -1.84 WASK # 3.6400 3.4900
-120.0210 46.3040 15.8581 18.6822 0.29 0.25 -2.35 -2.30 WASN # 3.7500 5.8800
-121.8260 47.5270 17.7770 20.6629 0.17 0.29 -2.00 -2.00 WASQ # 5.6900 7.3000
-118.8940 38.7300 4.0037 22.1157 0.22 0.19 0.13 -2.47 WASS # -6.3900 9.6700
-118.9700 39.0360 4.3835 21.2699 0.10 0.12 -0.10 -2.36 WASU # -6.0800 8.8000
-117.0680 47.2280 16.1389 15.5879 0.29 0.43 -2.17 -1.86 WATK # 3.3500 3.7300
-120.2850 47.4040 15.8292 17.9951 0.18 0.19 -2.31 -2.12 WAWE # 3.5100 5.1100
-118.2820 46.0820 15.1700 17.1301 0.30 0.25 -2.26 -2.11 WAWL # 2.8400 4.8800
-120.5510 46.6170 16.7244 19.5082 0.27 0.28 -2.29 -2.29 WAYA # 4.6300 6.5400
-117.9110 34.0620 -15.4781 36.0208 0.19 0.16 -1.17 2.30 WCHS # -24.7300 23.8900
-122.8700 45.1710 17.7640 24.3311 0.19 0.16 -1.58 -2.79 WDBN # 6.3900 10.6500
-122.5410 40.5800 1.5153 24.8413 0.44 0.47 0.30 -3.15 WDCB # -8.8200 11.2600
-122.5630 45.7800 17.0755 23.4980 0.30 0.23 -1.48 -2.54 WEBG # 5.5100 9.9100
-117.5690 37.8500 5.7148 17.7804 0.11 0.12 0.78 -2.36 WEEP # -4.6200 5.7600
-118.2290 35.6190 -2.5754 25.6231 1.09 0.82 2.75 -0.30 WELD # -12.2200 13.3900
-118.9840 35.0110 -9.7061 32.4444 0.14 0.12 3.18 -1.21 WGPP # -19.0900 19.9700
-121.9790 44.1630 14.6475 23.3198 0.43 0.56 -3.10 -2.96 WHBR # 3.3600 9.9100
-118.0310 33.9800 -16.2953 37.2295 0.15 0.13 -1.16 2.39 WHC1 # -25.5100 25.0600
-122.6960 48.3130 19.2690 20.9884 0.23 0.15 -1.93 -1.76 WHD5 # 7.1600 7.3600
-122.6960 48.3120 19.0288 20.7084 0.19 0.14 -1.87 -1.80 WHD6 # 6.9200 7.0800
-118.3520 35.6950 -2.4299 24.5725 0.30 0.27 2.20 -0.57 WHFG # -12.0800 12.3000
-103.3290 42.7390 14.4032 8.4726 0.14 0.14 -0.76 -0.17 WHN5 # 1.1700 1.3800
-103.3290 42.7390 14.1132 8.3226 0.15 0.15 -0.76 -0.18 WHN6 # 0.8800 1.2300
-112.5140 33.6110 6.0018 13.4308 0.25 0.23 1.83 -0.56 WHTA # -3.7100 3.0900
-117.6430 33.6740 -16.6255 38.6343 0.14 0.13 -0.24 2.71 WHYT # -25.8000 26.5900
-116.3920 33.9350 -4.1177 25.3072 0.16 0.15 2.78 1.75 WIDC # -13.5100 13.6700
-117.8780 40.5580 8.1003 16.8202 0.13 0.24 -1.42 -1.42 WILC # -2.9100 4.7000
-118.4680 40.0250 6.4405 18.4297 0.24 0.27 -0.58 -1.92 WILD # -4.3500 6.1200
-122.1410 37.6530 -11.5697 41.4894 0.16 0.14 1.66 -2.89 WIN2 # -21.2300 28.0300
-122.1410 37.6530 -11.1797 41.2094 0.15 0.15 1.66 -2.95 WINT # -20.8400 27.7500
-119.8240 39.9620 3.5337 20.8903 0.61 0.43 -0.24 -2.29 WINV # -7.0500 8.1500
-118.7420 34.5680 -12.3778 33.6373 0.15 0.12 -1.85 1.81 WKPK # -21.6700 21.2400
-121.0040 35.9730 -16.9390 49.2792 0.21 0.20 -1.09 -0.35 WLHL # -26.3200 36.1700
-118.0560 34.2260 -14.2395 33.3275 0.20 0.14 -1.47 1.91 WLSN # -23.5200 21.1500
-118.4140 34.2590 -14.5034 36.2824 0.14 0.14 -1.80 2.38 WMAP # -23.7500 23.9900
-115.5820 33.0380 -5.2055 21.3206 0.43 0.26 1.09 -1.45 WMDG # -14.4300 9.9500
-121.5970 45.1310 16.1072 21.1625 0.21 0.22 -2.52 -2.81 WMSG # 4.5300 7.8700
-118.0590 34.0430 -14.9710 37.0885 0.14 0.17 -1.32 2.25 WNRA # -24.2000 24.9100
-120.1730 48.4630 17.3682 17.4200 0.29 0.26 -2.37 -1.99 WNTH # 4.7900 4.5700
-117.8830 37.6080 5.3491 19.3918 0.19 0.10 0.82 -2.70 WOLF # -4.8800 7.2700
-116.9320 34.6690 -0.8524 24.0437 0.15 0.12 0.31 0.77 WOMT # -10.3900 12.2300
-118.0810 39.3810 4.6750 18.0655 0.14 0.15 1.66 -2.61 WOND # -6.0000 5.8800
-118.2420 35.6960 -2.0759 25.0073 0.35 0.30 1.48 -0.28 WORG # -11.7400 12.7700
-112.7480 44.6290 14.5685 12.1104 0.30 0.28 -1.63 -1.20 WPRG # 1.8200 1.6900
-118.4280 33.9580 -16.8588 40.0169 0.15 0.12 -1.45 2.59 WRHS # -26.0200 27.7200
-120.4050 41.5570 8.2917 21.1326 0.16 0.12 -1.77 -2.16 WRNR # -2.6100 8.2100
-122.9210 50.1270 18.2187 19.1366 0.15 0.14 -2.18 -1.91 WSLB # 5.7600 5.4400
-106.3500 32.4070 8.8474 10.0252 0.24 0.20 0.59 -0.17 WSMN # -1.0400 1.8400
-111.3370 35.5120 7.6707 12.3377 0.18 0.13 1.26 -0.38 WUPA # -2.7200 2.4000
-123.2510 49.3520 19.1236 20.1361 1.16 0.77 -2.19 -1.76 WVN3 # 6.8900 6.3400
-119.8260 39.9440 3.4588 21.0209 0.24 0.25 -0.28 -2.22 WVRT # -7.1200 8.2800
-115.5790 33.2790 1.1745 15.1997 0.30 0.32 1.48 -1.34 WWFG # -8.1200 3.8300
-116.6540 33.9550 -6.0619 27.3930 0.17 0.16 2.07 2.36 WWMT # -15.4300 15.6700
-119.7030 39.5200 3.5373 21.9621 0.33 0.29 0.06 -2.20 WWRF # -6.9500 9.2600
-103.8340 49.6600 16.7172 9.6767 0.55 0.49 -1.21 -0.66 WYBN # 1.6700 2.4000
-110.7640 43.4780 13.2892 11.5799 0.53 0.47 -1.37 -1.05 WYJA # 0.6000 1.8400
-110.8490 43.5010 12.5354 11.1293 0.38 0.33 -1.33 -1.03 WYJK # -0.1500 1.3600
-110.5370 41.7810 12.8765 11.6113 0.20 0.21 -0.88 -0.64 WYKE # 0.6200 1.9500
-104.7750 41.1050 13.1222 9.2282 0.13 0.12 -0.52 -0.11 WYLC # 0.4800 1.6100
-106.3270 42.8310 13.5076 10.1169 0.21 0.25 -0.88 -0.28 WYRF # 0.5200 1.9400
-109.2080 41.5810 12.3968 10.6980 0.19 0.14 -0.72 -0.41 WYRS # 0.0500 1.5000
-108.7640 41.0580 12.7176 10.5721 0.44 0.41 -0.55 -0.33 WYS1 # 0.4700 1.5300
-107.0100 44.8000 14.8379 8.8610 0.23 0.28 -1.20 -0.51 WYSH # 1.3800 0.4400
-120.3660 47.4450 16.2752 17.6904 0.50 0.26 -2.31 -2.09 XANE # 3.9600 4.7800
-114.4970 46.1180 16.0626 14.1800 0.55 0.62 -1.98 -2.22 XLHO # 3.1700 3.1700
-120.5050 46.6050 17.0192 18.9138 0.15 0.13 -2.34 -2.28 YAKI # 4.9200 5.9600
-122.7110 41.7320 9.2095 25.3829 0.16 0.13 -1.37 -2.94 YBHB # -1.3800 11.7500
-122.6060 46.9490 18.1727 22.4111 0.18 0.13 -1.17 -2.13 YELM # 6.3500 8.8100
-119.1620 38.9920 4.4157 22.0109 0.19 0.17 0.12 -2.33 YER1 # -6.0100 9.4800
-117.5170 38.9500 7.2161 16.6836 0.23 0.28 0.10 -1.97 YOMB # -3.4200 4.6800
-123.2980 43.6340 15.7661 26.8603 0.21 0.19 -2.40 -3.49 YONC # 4.8200 13.0500
-116.9700 34.0060 -7.3037 27.6260 0.35 0.32 1.30 1.94 YUCI # -16.6500 15.8000
-115.9220 32.6480 -17.2053 39.2928 0.28 0.28 -1.01 -0.14 YUHG # -26.2800 27.8100
-115.1990 32.0280 -16.6393 38.3638 0.21 0.20 0.52 0.82 YUMX # -25.6100 27.1200
-106.5670 35.1740 9.2980 10.5328 0.15 0.16 0.65 -0.07 ZAB1 # -1.4300 2.2700
-106.5670 35.1740 9.1180 10.3728 0.14 0.13 0.64 -0.09 ZAB2 # -1.6100 2.1100
-105.1270 40.1870 12.2260 9.2154 0.14 0.14 -0.33 -0.07 ZDV1 # -0.1200 1.4700
-113.1250 37.3560 8.0926 12.8084 0.22 0.19 0.96 -0.72 ZION # -2.6400 2.2600
-118.0840 34.6040 -8.2777 31.6165 0.15 0.15 1.56 0.33 ZLA1 # -17.6600 19.4300
-111.9520 40.7860 11.4824 12.0288 0.23 0.14 -0.52 -0.71 ZLC1 # -0.3400 1.8800
-122.0160 37.5430 -11.8800 41.4611 0.15 0.13 1.80 -2.83 ZOA1 # -21.5300 28.0400
-122.0160 37.5430 -11.7500 41.5011 0.16 0.14 1.81 -2.88 ZOA2 # -21.4000 28.0800
-119.7530 39.4220 3.1550 21.3879 0.20 0.21 0.14 -2.29 ZOLE # -7.3000 8.6700
-122.1880 47.2870 17.8108 21.4837 0.17 0.15 -1.61 -2.00 ZSE1 # 5.8400 8.0100
-117.4900 37.5580 5.2961 17.9549 0.13 0.16 0.85 -2.46 ZUMA # -4.9700 5.9600
-123.0340 39.1880 -6.9441 36.5107 0.74 0.92 1.58 -4.03 0102 $ -16.8600 22.7800
-122.9130 39.0160 -7.9387 34.9541 2.77 2.12 1.35 -4.16 01CH $ -17.8300 21.2600
-123.1900 39.0970 -9.7804 42.8678 6.23 7.75 1.44 -3.74 01CG $ -19.6500 29.0900
-122.6150 39.0090 -4.8357 30.4738 0.70 1.44 1.28 -3.98 01CK $ -14.7700 16.8700
-123.4560 39.5420 -14.7610 40.8978 5.58 5.51 1.81 -3.69 01FF $ -24.7000 27.0400
-123.3470 39.6250 -13.4838 32.7250 2.83 3.08 1.74 -3.73 01GF $ -23.4600 18.9000
-124.2560 40.5890 11.1280 43.2366 1.75 4.18 1.92 -2.77 01PA $ 1.0600 29.1400
-123.6230 40.9440 4.4045 29.7378 0.66 0.32 1.66 -3.76 01RE $ -5.8500 15.8300
-121.0410 40.3030 3.7932 23.4007 1.91 0.90 -0.67 -2.51 02FS $ -6.7000 10.2800
-122.6700 39.6670 -1.0300 25.2505 0.31 0.88 1.12 -3.58 0301 $ -11.1200 11.6300
-123.3850 39.5880 -10.5188 33.6864 3.59 1.03 1.80 -3.65 0407 $ -20.4800 19.8500
-122.4790 38.3030 -7.8233 38.2725 0.33 1.20 2.09 -3.68 04LF $ -17.6000 24.7100
-119.6060 34.4200 -18.2055 40.8115 0.54 0.52 -2.46 2.05 0501 $ -27.3500 28.1400
-119.8380 35.0030 -13.7361 40.0847 2.01 0.90 -2.67 2.13 0504 $ -23.0100 27.3400
-123.2400 39.0600 -9.5371 42.0028 5.97 5.39 1.30 -3.60 1089 $ -19.3900 28.2100
-123.3450 39.6690 -11.9527 32.3044 1.56 1.38 1.75 -3.74 1144 $ -21.9400 18.4800
-121.3450 35.7950 -18.8220 50.2148 0.85 1.76 -2.01 0.76 1315 $ -28.1100 37.0000
-122.8130 38.0870 -12.9370 45.6839 2.38 1.50 0.08 -0.20 1395 $ -22.6100 32.0200
-117.4240 36.3400 1.0624 18.3735 1.13 0.78 2.90 -1.95 13DD $ -8.8800 6.4000
-122.8200 39.1120 -6.8907 31.5960 2.90 10.92 1.34 -4.10 1529 $ -16.8200 17.9300
-122.9830 38.9870 -8.1465 36.4553 1.72 4.70 1.32 -4.17 175L $ -18.0200 22.7400
-119.6570 42.0930 10.4769 18.8476 0.48 1.05 -2.27 -2.01 1JUN $ -0.6700 6.1600
-122.7060 39.0210 -6.1664 30.5314 4.27 6.52 1.27 -4.07 2589 $ -16.0900 16.9000
-119.1670 37.9300 -1.0741 24.1525 8.57 5.80 0.75 -2.27 2DOR $ -11.2200 11.6200
-123.2420 39.2710 -9.9351 35.8134 4.06 8.65 1.71 -3.66 3384 $ -19.8400 22.0200
-120.4650 35.9430 -3.9950 35.5914 6.77 4.64 -0.16 -2.07 33JD $ -13.4400 22.6500
-123.2930 39.3000 -11.9757 39.2088 1.09 1.22 1.73 -3.72 3743 $ -21.8800 25.4000
-122.5330 38.9900 -5.6283 30.0589 0.48 10.04 1.27 -3.87 3751 $ -15.5700 16.4800
-121.9520 37.8060 -5.4434 31.7715 0.04 1.49 1.94 -3.56 3814 $ -15.1700 18.3700
-122.8660 39.4000 -3.0960 28.0599 3.16 7.10 1.49 -4.49 3CRS $ -13.0900 14.3800
-123.0570 38.9070 -10.4075 44.9676 5.09 4.13 1.02 -3.92 6300 $ -20.2500 31.2300
-117.6100 38.8820 6.9358 16.8437 0.71 1.06 0.00 -1.80 6683 $ -3.6700 4.8100
-118.2940 37.2330 0.9450 21.9539 1.14 0.85 0.72 -2.20 7114 $ -9.1300 9.7000
-110.3520 42.9970 14.0878 12.0871 1.16 1.51 -1.18 -0.72 7ADL $ 1.4800 2.4900
-120.6890 43.1690 12.4350 20.7912 1.44 1.89 -3.16 -2.57 7MIR $ 1.1800 7.7800
-122.5410 41.4400 7.8156 24.6713 1.01 3.44 -1.34 -2.97 9070 $ -2.7300 11.0900
-121.1750 43.3130 13.5838 21.3522 0.37 0.47 -3.30 -2.70 A074 $ 2.3700 8.1900
-120.1870 42.5740 11.2866 20.0143 1.57 0.62 -2.56 -2.23 ABRT $ 0.1000 7.1600
-122.5270 38.2360 -8.0273 40.8471 0.68 0.68 2.06 -3.66 ADOO $ -17.7800 27.2700
-122.4560 38.2230 -6.7602 38.1055 3.78 4.85 2.02 -3.72 AIRR $ -16.5200 24.5500
-120.0190 41.5510 9.1377 20.3216 2.09 1.97 -1.92 -2.04 ALKA $ -1.8200 7.5200
-119.6570 41.8390 9.9934 19.6876 1.66 1.73 -1.94 -1.97 ALOP $ -1.0900 7.0000
-120.1700 35.6510 -8.7143 37.4990 2.71 1.62 -0.01 -2.15 ANET $ -18.1200 24.6500
-122.5610 45.9560 16.7960 23.0674 1.64 2.33 -1.37 -2.52 ARIL $ 5.1900 9.4800
-123.1810 39.2840 -9.6326 35.9451 1.86 0.57 1.66 -3.70 ARZN $ -19.5500 22.1700
-118.1190 36.6030 -0.3029 22.5478 0.69 0.54 1.62 -0.77 BAMA $ -10.2300 10.3500
-122.6640 39.3470 -1.8087 27.7687 0.95 1.23 1.26 -3.75 BGSP $ -11.8200 14.1500
-120.8320 35.3590 -16.8793 50.4057 2.15 3.54 -3.13 0.39 BHRM $ -26.1200 37.3500
-120.4750 35.1610 -15.6155 47.1245 6.82 1.30 -2.79 0.91 BIDD $ -24.8500 34.1800
-122.1960 46.1450 17.4712 22.6362 0.94 2.11 -1.78 -2.47 BIVO $ 5.7600 9.1600
-123.3390 39.3370 -14.3636 41.0626 8.85 0.23 1.76 -3.53 BKHK $ -24.2700 27.2400
-122.6210 39.4100 -0.4165 26.7056 3.22 1.09 1.21 -3.79 BLDI $ -10.4500 13.1000
-121.8910 41.3460 7.8937 22.7728 6.48 5.86 -1.55 -2.69 BLKF $ -2.7300 9.3900
-122.8570 39.4870 -0.7630 26.6072 0.55 0.81 1.39 -3.75 BLRO $ -10.7800 12.9300
-122.1530 37.2900 -13.5345 44.3530 1.01 1.81 -0.28 0.21 BM1R $ -23.1000 30.8900
-120.5690 34.9340 -17.3887 48.8238 3.87 4.65 -2.31 0.97 BR82 $ -26.5500 35.8500
-120.4620 35.8880 -11.6293 47.4104 4.61 3.96 -0.45 -1.83 BREK $ -21.0600 34.4700
-121.7730 36.5900 -18.7422 48.6066 1.08 1.22 -0.34 1.61 BRU2 $ -28.1800 35.2600
-118.5890 46.9730 15.6533 16.4684 1.08 0.97 -2.43 -2.00 C253 $ 3.1600 4.1200
-119.7740 35.3340 -7.7683 35.9545 4.27 11.29 1.06 -1.46 C824 $ -17.1400 23.2300
-121.7830 37.1860 -10.7290 39.8997 0.64 0.75 1.97 -1.93 CAAA $ -20.3200 26.5500
-119.8510 35.3580 -10.4717 35.7188 0.34 0.28 0.43 -0.95 CAUV $ -19.8400 22.9700
-119.5490 45.3440 15.7967 18.7235 1.72 3.36 -2.74 -2.39 CBL1 $ 3.8400 6.0700
-120.5840 35.9700 -15.5237 47.6585 1.35 1.70 -0.19 -1.38 CHEC $ -24.9600 34.6800
-123.2330 39.1170 -10.9519 40.4107 1.71 3.04 1.49 -3.69 CLEL $ -20.8200 26.6200
-121.1530 43.8000 14.2543 21.0654 0.60 0.94 -3.19 -2.82 CMPY $ 2.9200 7.9100
-120.8710 41.4300 8.2601 21.5279 2.57 1.36 -1.41 -2.27 CNBY $ -2.5400 8.4600
-121.7380 37.2190 -11.4541 40.4858 6.60 5.41 2.27 -2.12 COYY $ -21.0600 27.1500
-121.5180 36.8230 -21.3561 50.7281 2.32 2.03 1.68 -0.33 CROS $ -30.8900 37.4600
-119.8480 35.2500 -11.0905 37.9478 0.98 2.85 -1.07 0.60 CRZO $ -20.4300 25.2000
-119.4730 41.9040 10.2668 19.1395 1.48 0.52 -2.13 -1.95 CTNP $ -0.8600 6.5100
-119.2320 37.5180 -2.8820 26.3332 5.68 3.94 0.71 -2.24 CTR1 $ -12.9100 13.7800
-120.2220 35.7880 -6.6144 35.9053 3.88 2.39 0.40 -3.03 CTWD $ -16.0500 23.0400
-122.0240 44.1910 13.9068 23.4436 1.22 2.99 -3.21 -3.14 CUPO $ 2.6200 10.0200
-123.2480 39.7710 -5.6426 30.9152 0.21 1.11 1.04 -3.69 CVR3 $ -15.6700 17.1200
-124.0950 41.1920 8.1984 31.6887 2.76 2.15 2.38 -3.77 CW07 $ -2.0400 17.6400
-115.0820 39.4150 8.0227 14.1650 5.53 1.19 0.20 -1.24 D280 $ -3.0500 2.9600
-119.9140 35.3420 -11.7842 37.3886 2.45 4.32 -0.56 -0.01 D559 $ -21.1400 24.6200
-118.9320 43.9600 13.9172 18.1178 2.51 1.62 -2.61 -2.21 D706 $ 2.2000 5.6600
-109.0080 43.2290 14.3007 10.7178 1.17 3.13 -1.12 -0.50 DDAM $ 1.4800 1.5900
-118.5080 35.0860 -6.6864 27.8325 0.72 1.09 3.96 -0.39 DEER $ -16.1500 15.5100
-115.3310 41.0540 8.5905 14.4076 1.34 0.54 -0.80 -1.28 DEET $ -2.8900 3.1200
-120.5420 34.7260 -19.0113 49.0554 5.07 1.13 -2.25 1.25 DMAV $ -28.1200 36.0900
-116.0580 37.8940 6.1074 14.6476 0.59 3.97 0.90 -1.35 DRYY $ -4.4300 3.1200
-114.6580 39.0330 6.5007 13.9438 10.65 2.84 0.32 -1.26 E220 $ -4.5200 2.8800
-115.1300 38.8900 7.2139 13.9409 3.50 1.47 0.41 -1.44 E300 $ -3.7100 2.7200
-120.9960 43.6670 14.1873 20.7867 1.81 1.37 -3.22 -2.74 EABU $ 2.8600 7.6800
-122.1950 37.1470 -16.0173 47.3859 0.81 1.15 -1.23 1.57 EAUN $ -25.5400 33.9100
-123.2180 39.3130 -8.4811 36.5162 7.61 0.78 1.71 -3.73 ESRD $ -18.4000 22.7300
-120.5370 43.3850 13.8311 20.4738 1.42 0.49 -2.98 -2.42 F091 $ 2.5000 7.5100
-113.6300 39.0810 7.8870 12.7890 1.59 3.50 0.23 -0.77 F200 $ -3.2700 2.0700
-116.8620 36.8580 4.8741 17.1008 0.91 0.65 2.10 -1.80 F23X $ -5.2800 5.3100
-113.6670 38.7950 7.3636 13.3515 2.09 1.60 0.40 -0.77 F300 $ -3.7100 2.6200
-122.6820 39.5200 -2.5083 26.7241 1.94 3.62 1.37 -3.75 FELK $ -12.5600 13.1000
-119.2030 39.9440 5.7571 19.7740 2.59 2.86 -0.69 -2.11 FLRN $ -4.9100 7.2300
-118.4290 37.7110 4.3357 22.1872 1.34 1.44 0.89 -2.22 FLS2 $ -5.8500 9.8900
-121.3570 36.9260 -5.2769 26.0085 3.18 1.93 2.27 -1.18 FV30 $ -14.8600 12.7900
-123.0100 39.3210 -5.9374 33.9335 0.84 0.81 1.54 -3.88 GART $ -15.8900 20.2100
-120.3500 35.8310 -4.6897 39.4754 7.20 0.44 -0.08 -2.21 GO42 $ -14.1200 26.5700
-120.1070 35.5570 -10.1813 38.5593 1.84 0.79 -0.14 -1.26 GO57 $ -19.5700 25.7300
-122.1150 38.3310 -3.9030 27.9814 1.55 3.16 1.88 -3.60 GORR $ -13.7400 14.5300
-121.9240 36.9820 -17.6716 46.2229 1.61 2.24 0.54 1.73 GREG $ -27.1900 32.8300
-123.9780 40.3060 -3.7860 40.0539 0.02 1.86 3.84 -3.54 GRSH $ -13.8300 26.0400
-122.9660 39.4490 -5.3090 32.0102 2.44 2.56 1.50 -3.77 GRVW $ -15.3000 18.3000
-118.7900 34.6880 -15.3107 34.9626 0.31 2.43 2.75 -0.01 GS03 $ -24.6300 22.5500
-121.6880 43.6820 14.0106 22.4705 1.09 1.95 -3.27 -3.00 GS08 $ 2.7900 9.1500
-117.0530 36.3570 2.6728 17.8430 3.19 0.38 2.73 -1.53 GS0B $ -7.3200 5.9900
-120.4530 35.5520 -14.2078 46.6576 2.57 3.18 -3.08 -0.04 GS0D $ -23.5500 33.7200
-120.0850 35.1850 -13.7186 42.7723 1.52 1.49 -2.63 1.67 GS0E $ -23.0100 29.9500
-120.5010 41.5100 8.6757 20.5626 1.25 1.31 -1.83 -2.16 GS0G $ -2.2000 7.6100
-120.7560 35.1710 -16.4695 50.2721 1.57 2.03 -2.94 0.72 GS0R $ -25.6700 37.2400
-121.8940 46.2830 15.6238 21.5937 0.42 0.41 -2.10 -2.44 GS0S $ 3.8300 8.2100
-117.2360 43.9830 13.3733 16.4725 2.47 3.34 -2.28 -1.83 GS0V $ 1.4000 4.5600
-122.3090 41.2220 6.0986 23.5507 1.47 2.46 -1.21 -2.89 GS1L $ -4.4300 10.0400
-123.9600 45.8620 19.7728 26.5685 8.14 1.97 0.32 -2.08 GS1Y $ 8.4300 12.5600
-122.9110 39.4650 -3.8067 27.2935 2.13 0.65 1.45 -3.85 GS1Z $ -13.8100 13.6000
-120.5080 34.7940 -22.5485 47.0348 15.40 1.22 -2.44 1.14 GS2F $ -31.6800 34.0800
-120.2650 35.7560 -7.6686 38.1788 2.61 0.80 -0.26 -2.65 GS2H $ -17.0900 25.3000
-117.2380 37.7430 5.9983 17.4532 4.20 2.18 0.80 -2.03 GS2O $ -4.3500 5.5400
-122.5950 38.1860 -9.8199 42.8077 0.38 0.46 1.88 -3.34 GS2Q $ -19.5500 29.2100
-122.6200 42.1480 10.1843 24.3053 5.55 0.97 -2.56 -3.05 GS3I $ -0.5200 10.7000
-121.9380 37.0470 -16.4667 46.2372 8.17 7.70 0.83 1.18 GS3L $ -26.0000 32.8400
-122.1230 37.3630 -11.7515 43.6239 2.85 3.65 0.50 -0.89 GS3O $ -21.3400 30.1700
-122.1750 38.3510 -3.7367 28.9298 0.94 1.77 1.89 -3.72 GS3Y $ -13.5700 15.4600
-122.9400 39.5240 -3.0065 26.9123 0.41 0.47 1.36 -3.72 GS4V $ -13.0200 13.2100
-120.7210 38.3400 -1.5209 24.4312 3.65 5.20 1.12 -2.63 GS5C $ -11.5600 11.4100
-120.2570 34.7990 -18.5149 46.5363 0.84 1.04 -2.58 1.51 GS5G $ -27.6800 33.6600
-120.3000 34.9600 -17.8670 45.1597 1.91 0.35 -2.66 1.43 GS5I $ -27.0700 32.2700
-122.2030 38.3130 -4.9404 31.6983 0.39 1.88 1.97 -3.72 GS5O $ -14.7600 18.2200
-113.3560 48.3170 17.2096 12.4465 0.71 0.90 -1.93 -1.30 GS5Q $ 3.6200 1.8200
-121.5420 46.0000 16.0979 21.7555 2.12 0.59 -2.32 -2.50 GS5R $ 4.3100 8.4800
-119.7350 41.7290 9.6643 19.4722 1.15 0.60 -1.90 -1.97 GS5W $ -1.3800 6.7600
-121.5560 37.4770 -4.4917 28.1698 2.79 3.04 2.10 -2.87 GS6D $ -14.1900 14.8900
-120.7080 35.9490 -15.1258 49.8272 2.40 3.80 -0.88 -0.85 GS6G $ -24.5400 36.8100
-121.4940 36.8410 -9.3481 40.2507 4.55 1.76 1.39 -0.63 GS6K $ -18.8900 26.9900
-121.7990 36.7490 -19.8744 52.0246 3.22 14.18 -0.05 1.83 GS6O $ -29.3500 38.6700
-122.5330 41.1840 6.3645 23.8289 6.85 3.51 -0.90 -3.00 GS6P $ -4.1200 10.2500
-120.0320 35.3880 -11.7370 39.8957 1.28 0.83 -1.47 0.45 GS6Q $ -21.0900 27.0900
-119.9590 35.5030 -8.6466 36.5628 3.58 1.23 0.81 -2.15 GS6R $ -18.0400 23.7800
-122.7140 39.1940 -5.4943 28.9739 2.75 0.82 1.32 -3.97 GS6X $ -15.4600 15.3400
-121.2530 43.6430 14.8508 21.5763 2.62 0.96 -3.23 -2.91 GS6Y $ 3.5700 8.3900
-117.6410 36.3070 0.6264 20.4737 1.36 0.83 2.92 -1.65 GS75 $ -9.2800 8.4300
-119.9230 39.1110 0.8307 23.8614 1.38 2.88 0.17 -2.32 GS76 $ -9.5200 11.0900
-121.2880 37.0080 -5.1360 25.5971 3.69 3.65 2.22 -1.80 GS7B $ -14.7500 12.4000
-121.7690 46.3080 16.0406 20.7254 2.23 1.31 -2.25 -2.50 GS7F $ 4.2200 7.3800
-117.1740 36.2940 1.2106 19.3324 0.64 0.61 2.91 -1.42 GS7G $ -8.7500 7.4400
-119.4320 34.9600 -11.7663 33.7165 0.28 1.02 -0.64 0.42 GS7I $ -21.0800 21.1000
-122.1670 37.3240 -13.4778 44.7773 0.30 1.29 -0.18 -0.01 GS7J $ -23.0500 31.3100
-121.9820 41.2600 6.8486 23.7307 5.90 2.09 -1.14 -2.58 GS7M $ -3.7400 10.3200
-122.3720 42.1180 10.4164 23.7299 2.01 8.23 -2.08 -2.86 GS7N $ -0.3200 10.2000
-122.7620 39.1470 -5.8533 29.5484 2.41 2.09 1.52 -4.04 GS7O $ -15.8000 15.9000
-122.8910 39.2280 -6.7325 32.6975 1.01 2.45 1.45 -3.92 GS7R $ -16.6800 19.0100
-121.5430 40.9830 5.7175 22.6558 1.44 7.89 -0.92 -2.58 GS7S $ -4.8700 9.3800
-120.0700 42.2120 10.4048 19.9976 0.56 1.16 -2.47 -2.12 GS84 $ -0.7100 7.1800
-121.4620 36.9090 -9.9459 36.5409 9.92 7.56 1.73 -1.00 GS8A $ -19.5100 23.2900
-117.2080 34.9750 -3.0594 25.2934 1.30 0.51 1.36 0.05 GS8B $ -12.6500 13.3900
-118.7030 39.9950 6.7702 18.8848 1.55 0.97 -0.91 -1.96 GS8C $ -3.9800 6.5000
-121.8210 45.9350 17.0263 21.0613 3.45 0.96 -2.12 -2.60 GS8F $ 5.3000 7.7000
-123.3420 39.4610 -10.1135 35.2635 0.43 0.64 1.82 -3.68 GS8G $ -20.0500 21.4400
-117.2390 46.0450 15.9395 15.7935 3.52 0.30 -2.38 -1.88 GS8J $ 3.4600 3.8800
-120.0390 39.7910 3.0192 21.7379 2.43 2.50 -0.39 -2.27 GS8K $ -7.4900 8.9300
-119.7130 34.8230 -15.5791 41.2453 7.38 4.69 -3.94 2.36 GS8M $ -24.8200 28.5400
-121.8700 37.5410 -7.2297 36.3564 2.72 0.23 2.03 -3.24 GS8V $ -16.9000 22.9800
-121.0610 43.1250 13.4163 22.1369 1.27 0.62 -3.28 -2.65 GS8Y $ 2.2300 9.0100
-123.2740 39.1960 -9.8086 41.1531 5.27 0.91 1.61 -3.30 GS9B $ -19.6900 27.3500
-123.1410 47.2370 18.7033 23.2230 29.62 49.22 -0.86 -1.72 GS9E $ 6.9100 9.4600
-123.8100 46.6630 18.2978 26.6238 1.44 2.43 0.70 -1.72 GS9F $ 6.7500 12.6600
-122.9750 39.4330 -6.1943 32.8829 1.58 3.41 1.51 -3.85 GS9G $ -16.1800 19.1700
-119.0630 45.0040 14.7209 18.2195 3.00 3.69 -2.72 -2.25 GS9L $ 2.7700 5.7200
-119.3100 42.6880 11.4466 18.5179 0.82 0.18 -2.31 -2.04 GS9P $ 0.1000 5.9400
-120.8670 43.1340 13.3888 21.3066 0.55 2.00 -3.18 -2.57 GS9S $ 2.1700 8.2400
-119.0660 43.5850 13.2449 17.0705 0.74 3.14 -2.69 -1.91 GS9V $ 1.6400 4.5700
-121.1380 43.5430 14.0950 21.3407 1.31 0.71 -3.22 -2.76 GS9Y $ 2.8200 8.1900
-123.4760 41.4000 8.5377 29.3838 0.85 1.29 0.28 -3.79 H110 $ -1.8500 15.5200
-119.0780 38.1600 1.0086 24.3343 1.17 0.64 0.67 -2.40 H130 $ -9.2100 11.8300
-111.1110 38.8330 9.9322 12.2898 3.81 2.29 0.17 -0.38 H200 $ -1.4400 2.4300
-122.5470 39.3520 -1.3498 27.6631 2.29 2.67 0.99 -3.78 H301 $ -11.3800 14.0800
-122.3590 37.2280 -16.3098 48.3959 0.80 1.01 -1.49 1.82 HALM $ -25.8300 34.8700
-122.3910 38.7720 -2.6920 32.1657 0.50 1.50 1.43 -3.79 HC04 $ -12.6000 18.6300
-122.3550 38.7760 -1.6956 29.4047 1.79 1.65 1.38 -3.75 HC05 $ -11.6100 15.8800
-122.4220 38.7570 -2.6203 32.5551 1.01 1.21 1.46 -3.79 HC06 $ -12.5200 19.0100
-122.2380 38.7970 -1.9131 27.1190 1.90 1.95 1.27 -3.64 HC12 $ -11.8500 13.6300
-122.2320 41.6280 8.5897 23.9572 1.48 1.17 -1.83 -2.81 HERD $ -2.0500 10.4700
-121.7400 40.8750 4.2508 22.3965 4.10 2.19 -0.68 -2.69 HHTT $ -6.2800 9.0600
-122.8080 39.2080 -5.5850 29.5823 2.56 0.87 1.38 -3.98 HIGL $ -15.5400 15.9200
-121.2740 41.4780 7.5709 22.3828 0.88 1.06 -1.63 -2.41 HLNB $ -3.1800 9.1900
-120.0040 42.6750 11.2692 19.9869 1.54 1.89 -2.56 -2.20 HOGB $ 0.0300 7.1900
-120.6950 41.4920 7.8420 21.6031 1.11 1.23 -1.55 -2.23 HOTC $ -3.0000 8.5900
-122.4520 39.0280 -1.6467 27.4142 4.00 1.04 1.23 -3.83 HP11 $ -11.6100 13.8600
-124.1580 41.9330 11.7043 30.6175 2.48 2.58 0.32 -4.45 HP13 $ 1.3000 16.5500
-123.2010 39.7950 -4.5895 27.5111 1.52 0.52 1.15 -3.65 HP14 $ -14.6300 13.7300
-123.5230 40.4600 1.1331 28.4479 0.96 2.87 0.72 -3.65 HP16 $ -9.0200 14.5700
-124.1170 40.9750 10.2929 35.1653 1.47 1.46 2.81 -2.94 HP19 $ 0.1100 21.1100
-123.1930 41.8420 8.7592 26.9387 3.04 3.08 -1.36 -3.43 HP21 $ -1.7800 13.1600
-122.0310 46.2520 18.2436 22.3557 3.98 1.44 -1.91 -2.39 HPAD $ 6.4800 8.9300
-120.9300 44.2560 15.4987 20.6562 4.63 0.19 -3.19 -2.75 HSTN $ 4.0200 7.5700
-120.2360 35.1820 -15.4089 43.9597 0.38 1.48 -2.61 1.43 HTH2 $ -24.6800 31.0900
-119.2640 34.5650 -15.6732 35.9233 0.16 0.83 -2.96 2.01 HTMN $ -24.9000 23.3600
-120.1780 35.6860 -8.0959 38.4115 1.94 2.55 0.15 -2.38 HTR1 $ -17.5100 25.5600
-120.5030 40.6300 5.9549 22.8132 2.37 1.91 -0.91 -2.27 HUSG $ -4.7000 9.8600
-120.2310 35.6440 -11.0941 41.9981 0.44 2.04 -0.58 -1.38 HUSP $ -20.4900 29.1300
-122.4960 42.1540 10.8254 24.4376 0.18 2.35 -2.44 -2.85 HYAT $ 0.1000 10.8700
-117.5400 36.5320 1.2906 18.4310 1.94 2.08 2.69 -1.96 JASS $ -8.6900 6.4200
-117.9960 35.3360 -4.3144 28.4182 0.23 1.11 3.16 0.04 JBON $ -13.9100 16.2600
-116.4160 36.3040 3.8055 15.9051 1.34 2.23 2.42 -1.39 JCTN $ -6.2500 4.2600
-120.5400 35.9570 -15.6613 47.6448 0.87 2.84 -0.14 -1.45 JD84 $ -25.1000 34.6800
-122.2430 42.1370 10.2214 23.7705 1.14 2.94 -2.69 -2.74 JHNS $ -0.5400 10.2800
-119.4690 38.3620 -0.0613 24.5382 1.53 1.18 0.67 -2.14 JNCT $ -10.2800 11.9100
-120.4350 35.9090 -4.8601 37.4620 1.54 3.48 0.00 -1.98 JOAQ $ -14.3000 24.5300
-121.7920 37.9220 -3.7108 27.9324 2.52 0.81 1.88 -3.53 JOBE $ -13.4900 14.5800
-121.0670 43.8910 14.5897 21.2487 0.55 1.24 -3.27 -2.78 JUNP $ 3.2200 8.1200
-114.4210 40.9850 9.6982 12.9246 0.66 0.34 -0.75 -1.06 KEGG $ -1.8800 1.9400
-113.8030 48.2080 17.6310 13.0873 3.86 1.89 -1.99 -1.35 KNCK $ 4.1300 2.3100
-123.9750 40.7270 7.1461 34.5130 0.85 1.94 2.27 -3.39 KNEE $ -3.0000 20.5000
-120.3470 35.9140 -3.8272 37.6945 6.76 9.89 0.32 -2.60 KNGR $ -13.2800 24.7900
-120.6400 43.2890 13.5418 20.1460 0.07 2.79 -3.06 -2.56 L091 $ 2.2500 7.1500
-122.6240 38.9510 -5.6416 33.5965 4.57 6.58 1.30 -4.03 L298 $ -15.5600 19.9900
-116.5880 34.5420 -1.0981 23.1414 0.63 0.73 -0.61 2.43 LAW1 $ -10.6400 11.4400
-116.6240 34.5270 -4.1365 21.6631 5.04 1.53 0.56 1.42 LAW2 $ -13.6700 9.9500
-116.6690 34.5020 -3.8588 22.5479 2.51 1.51 0.10 2.30 LAW3 $ -13.3800 10.8200
-116.6650 34.4540 -2.5219 22.4765 1.26 1.13 0.87 3.08 LAW4 $ -12.0300 10.7500
-123.5540 40.3340 -1.9224 29.2872 1.69 1.28 0.66 -3.73 LASS $ -12.0400 15.4000
-122.1850 38.5140 -3.9768 28.1828 2.43 4.74 1.73 -3.61 LB08 $ -13.8500 14.7100
-122.0960 38.5130 -5.1640 26.4656 5.49 1.57 1.68 -3.58 LB11 $ -15.0500 13.0200
-118.2270 38.5320 5.1411 18.8624 1.10 1.58 0.51 -2.15 LIZZ $ -5.2900 6.6300
-123.3050 39.1590 -11.5025 42.4124 4.49 2.01 1.56 -3.52 LGAP $ -21.3700 28.6000
-119.7600 35.0360 -14.3472 37.4201 4.48 4.32 -2.44 2.09 LGO7 $ -23.6400 24.7000
-119.3540 41.9970 10.1276 18.9118 0.72 2.11 -1.80 -1.92 LOPE $ -1.0400 6.3200
-121.8450 37.1100 -14.1173 42.7987 1.00 1.15 1.49 -0.67 LP1X $ -23.6800 29.4300
-121.9090 37.1040 -14.1179 43.2883 1.53 2.37 0.87 0.10 LP2X $ -23.6700 29.9000
-121.8390 37.0500 -15.8820 44.6669 1.93 0.69 1.24 0.02 LP4X $ -25.4300 31.3000
-120.0410 35.3520 -12.5479 39.6985 3.15 4.54 -1.75 0.79 LS37 $ -21.8900 26.8900
-122.8920 39.5810 -3.1750 26.5878 2.12 8.46 1.38 -3.74 LTBR $ -13.2100 12.9000
-118.8030 34.8010 -11.6012 31.8467 4.92 4.55 1.91 -0.24 LTEJ $ -20.9500 19.4300
-122.0910 46.1640 17.3333 21.8741 1.04 1.37 -2.02 -2.46 LVCY $ 5.6000 8.4300
-120.0670 35.0760 -15.7057 42.6767 0.95 0.10 -2.62 1.88 MA80 $ -24.9700 29.8600
-121.7880 37.1370 -13.7923 41.4312 0.79 0.86 1.90 -1.35 MAZZ $ -23.3700 28.0800
-119.7640 35.2910 -9.9186 37.7214 0.85 6.76 0.43 -1.04 MCKT $ -19.2800 25.0000
-122.9120 39.3190 -6.2731 32.5438 1.94 8.26 1.56 -3.95 MCLE $ -16.2400 18.8500
-116.6170 34.2580 -0.4218 28.1709 2.29 8.50 2.42 3.81 MEEK $ -9.8800 16.4600
-121.7140 37.2290 -13.1681 40.1685 3.01 2.27 2.70 -2.35 METC $ -22.7800 26.8400
-120.4980 35.9500 -12.9676 40.9817 4.75 5.19 -0.03 -1.68 MIDE $ -22.4100 28.0300
-120.0890 35.6060 -8.9058 36.5036 0.69 1.92 0.63 -2.09 MILX $ -18.3100 23.6800
-120.5960 36.0790 -0.1463 30.4422 3.38 1.56 0.25 -1.58 MITH $ -9.6100 17.4600
-120.0600 35.4830 -9.3550 39.0445 3.63 2.46 -0.62 -0.76 MKIM $ -18.7300 26.2300
-119.9540 35.2600 -14.0114 39.4112 2.00 5.81 -1.84 1.25 MLFL $ -23.3400 26.6300
-120.4350 35.9690 0.2359 34.1820 6.59 1.91 0.25 -2.14 MNMT $ -9.2200 21.2500
-116.9290 36.7920 4.3977 17.1127 0.39 1.60 2.24 -1.91 MO93 $ -5.7300 5.3000
-122.0310 45.8000 16.5100 23.8657 2.24 1.21 -2.28 -2.58 MOWI $ 4.8500 10.4400
-122.1510 37.7110 -10.9263 41.3224 1.17 2.18 1.73 -2.54 MSLL $ -20.6000 27.8600
-123.0920 39.5170 -8.3814 31.1382 1.88 2.07 1.76 -3.78 MTSH $ -18.3700 17.3900
-122.3660 37.8100 -11.0320 42.4580 1.28 1.85 1.23 -2.72 NAVY $ -20.7000 28.9300
-122.7370 38.0930 -11.3143 44.7908 1.15 1.73 0.54 -1.35 NICC $ -21.0000 31.1500
-120.0440 35.4440 -11.4035 40.1995 0.40 0.34 -0.74 -0.20 NOHW $ -20.7700 27.3900
-122.9340 39.4980 -3.3120 26.6805 6.75 4.49 1.46 -3.84 NOVU $ -13.3200 12.9800
-121.8090 37.0690 -14.2029 42.9677 1.27 0.74 1.54 -0.50 NDDD $ -23.7600 29.6100
-123.9660 45.1340 19.4378 26.2403 1.62 1.79 -0.01 -1.96 NESK $ 8.2600 12.2300
-122.1280 46.1110 18.2549 22.0154 2.71 3.45 -1.92 -2.49 NMAR $ 6.5400 8.5600
-121.1720 41.1030 6.9735 21.6012 11.43 3.91 -1.54 -2.41 NUBI $ -3.7000 8.4400
-121.1940 43.7280 14.4805 21.2581 0.34 2.09 -3.23 -2.82 NW05 $ 3.1700 8.0900
-121.2060 43.7360 14.4705 21.7018 0.89 0.52 -3.26 -2.80 NW07 $ 3.1600 8.5300
-121.1900 43.6560 14.2339 21.3468 1.94 0.94 -3.33 -2.82 NW09 $ 2.9400 8.1800
-119.0880 37.2910 -0.5333 24.7574 4.39 2.41 0.40 -2.23 OBSE $ -10.5200 12.2500
-116.6980 34.3910 -1.4735 22.5273 0.86 1.04 1.13 3.53 OLDD $ -10.9600 10.7900
-116.7520 34.3890 -3.4903 23.2850 1.96 2.54 1.06 3.51 OLDW $ -12.9700 11.5300
-121.0600 37.0800 -2.8857 26.0965 1.73 1.25 2.16 -2.13 ONIE $ -12.5500 12.9700
-120.4420 35.8850 -14.0175 45.8842 8.44 4.20 -0.24 -1.79 OQUI $ -23.4500 32.9500
-123.2430 39.1780 -10.4183 43.0637 3.93 0.77 1.59 -3.73 ORRE $ -20.3000 29.2700
-123.3260 39.2170 -11.4113 41.6587 3.29 0.74 1.66 -3.35 ORRW $ -21.2900 27.8400
-121.3750 37.5080 -3.2382 27.2340 1.98 3.33 2.06 -2.39 OSR1 $ -12.9700 14.0100
-118.2840 37.2320 2.7460 22.5807 1.38 1.70 0.66 -2.13 OVRO $ -7.3300 10.3300
-121.2810 41.7050 8.7257 21.8150 0.81 0.73 -2.01 -2.39 OVRP $ -2.0800 8.6200
-116.7460 36.8280 4.5001 16.9730 1.97 1.34 2.15 -1.90 P16X $ -5.6600 5.2200
-118.6830 37.3670 1.8903 23.8784 1.52 2.40 0.53 -1.82 PINU $ -8.1700 11.5000
-117.9740 38.3430 5.0842 19.0811 2.18 0.50 0.81 -2.11 PIPK $ -5.3300 6.9300
-120.7210 42.2620 10.6184 21.3712 2.23 0.94 -2.50 -2.23 PL20 $ -0.4100 8.3500
-119.8080 35.1540 -12.1714 38.2652 2.65 3.44 -1.51 1.40 PNTD $ -21.4900 25.5300
-123.0310 39.7290 -3.2096 26.8198 0.75 0.61 1.18 -3.67 POIR $ -13.2600 13.0900
-122.8690 38.0800 -13.2670 48.1808 1.64 1.39 -0.54 0.53 PRH2 $ -22.9300 34.5000
-122.9370 38.1040 -12.4310 47.8014 8.01 3.14 -1.33 0.48 PRNC $ -22.0900 34.1000
-109.1510 44.8380 15.0863 11.3580 1.72 0.50 -1.35 -0.53 Q84X $ 1.8500 2.1800
-120.1160 43.4840 13.5803 20.0521 1.36 2.34 -3.03 -2.47 R090 $ 2.1600 7.2200
-120.0520 34.5350 -18.7403 45.0120 1.77 0.40 -2.27 1.85 REFU $ -27.8600 32.2000
-120.2610 35.6050 -13.4885 41.4175 3.18 3.15 -1.38 -0.64 RH32 $ -22.8700 28.5400
-121.2660 43.1100 13.1705 22.7103 2.15 2.27 -3.19 -2.68 RODM $ 2.0200 9.5200
-121.4620 41.4270 7.2796 22.6609 2.30 1.82 -1.42 -2.45 ROUN $ -3.4300 9.4100
-121.8100 37.5940 -5.0576 30.6980 2.09 2.41 2.06 -3.36 SARE $ -14.7500 17.3400
-122.4820 39.0680 -3.8611 28.1734 3.05 2.95 0.99 -3.63 SERP $ -13.8300 14.6100
-123.4280 39.4940 -12.9685 38.6594 1.21 1.00 1.83 -3.65 SHCR $ -22.9000 24.8100
-120.6820 36.0300 -16.6908 49.5191 0.62 2.27 -0.15 -1.01 SHR2 $ -26.1300 36.5100
-124.2020 40.7150 9.0669 39.1906 2.91 0.09 2.68 -2.59 SIS3 $ -1.0400 25.1100
-122.8290 39.4470 -4.0987 27.3587 3.02 3.85 1.48 -3.82 SKEL $ -14.1100 13.6900
-121.4770 43.0790 12.6898 22.8255 2.65 3.62 -3.38 -2.70 SL20 $ 1.5800 9.5700
-122.1840 37.6910 -11.3262 41.6525 2.70 1.46 1.57 -2.83 SLBB $ -20.9900 28.1800
-123.0170 39.4260 -6.3025 33.4156 2.21 0.24 1.69 -3.88 SLDE $ -16.2800 19.6900
-120.1460 35.3870 -13.4120 41.2715 0.56 0.48 -2.07 0.89 SLO5 $ -22.7500 28.4300
-119.9020 35.1330 -14.3291 39.8348 2.12 1.64 -2.23 2.05 SLTS $ -23.6300 27.0700
-120.4580 34.8990 -18.7338 46.6992 1.08 0.82 -2.43 1.29 SMX1 $ -27.9000 33.7600
-120.1370 35.4390 -12.8769 41.1787 1.78 2.39 -1.76 0.55 SNDY $ -22.2300 28.3400
-120.1600 35.5660 -11.6858 39.9459 3.80 0.73 -0.83 -1.06 SNLU $ -21.0700 27.1000
-119.3430 34.2980 -17.8962 41.8384 3.32 0.78 -2.42 2.24 SOLI $ -27.0400 29.2500
-120.5250 34.6090 -20.2006 47.7801 0.77 1.85 -2.23 1.33 SOVF $ -29.2800 34.8200
-121.3480 43.5230 14.4069 21.7557 0.53 1.17 -3.38 -2.82 SPBU $ 3.1700 8.5400
-122.1860 38.2090 -4.2044 31.2531 1.84 2.20 1.97 -3.58 SPRR $ -14.0000 17.7800
-117.1470 36.6060 2.9597 18.4136 4.26 2.75 2.69 -1.98 STOV $ -7.0900 6.5300
-121.3470 43.8140 14.8767 21.6154 1.06 1.32 -3.27 -2.90 SUGR $ 3.5700 8.4000
-123.3880 39.3530 -13.4172 40.1673 4.69 0.92 1.77 -3.48 SULL $ -23.3200 26.3300
-122.7360 39.6160 -1.4826 26.3105 1.12 3.02 1.26 -3.67 SUSP $ -11.5500 12.6700
-119.9990 35.1260 -13.7834 41.1553 5.49 5.88 -2.51 1.90 SYCA $ -23.0700 28.3600
-117.5830 36.2320 0.0930 20.7749 0.74 0.32 3.04 -1.65 T19S $ -9.8000 8.7500
-120.6980 35.3860 -15.2644 48.0540 2.67 2.25 -3.09 0.45 TESS $ -24.5300 35.0400
-117.5000 36.8650 2.9165 18.5681 1.62 2.50 2.09 -2.36 TINP $ -7.1600 6.5700
-121.2960 41.6290 8.2447 22.1496 0.33 0.64 -1.81 -2.37 TMBR $ -2.5400 8.9500
-120.2030 35.6160 -11.7480 40.4594 1.05 0.77 -0.63 -1.22 TNLS $ -21.1400 27.6000
-120.0180 35.4880 -9.8083 37.7313 1.15 0.75 0.10 -1.08 TWIS $ -19.1900 24.9300
-120.0180 35.4880 -11.3683 38.1913 1.13 0.94 0.09 -1.08 TWR2 $ -20.7500 25.3900
-123.2140 39.4710 -9.4114 33.4250 1.05 0.78 1.74 -3.71 TWVL $ -19.3700 19.6400
-118.5280 37.3690 2.2811 23.8189 1.95 1.07 0.62 -2.05 TUNS $ -7.8000 11.4900
-121.2990 36.9000 -3.1257 27.2605 2.83 5.62 2.21 -1.00 TURK $ -12.7100 14.0600
-122.3460 39.0660 -1.5813 26.7020 1.23 1.98 1.19 -3.73 U107 $ -11.5700 13.1800
-121.7030 37.6220 -3.4251 28.9651 3.71 1.10 2.02 -2.94 USG7 $ -13.1400 15.6400
-120.3250 39.3180 0.7671 23.9176 5.54 1.39 0.12 -2.32 UU83 $ -9.5800 11.0200
-122.1030 38.3980 -3.4242 26.9378 1.87 0.80 1.82 -3.62 VAC3 $ -13.2800 13.4900
-122.1520 46.4100 17.9690 22.7327 0.67 0.89 -1.76 -2.32 VANS $ 6.1900 9.2700
-122.5710 44.1460 16.2364 24.0504 3.33 2.43 -2.84 -3.21 VIDA $ 5.0500 10.4600
-120.7740 43.0110 12.4934 21.1277 1.98 2.38 -2.98 -2.48 W072 $ 1.2900 8.0900
-122.0120 42.1410 10.5188 24.0899 2.62 0.98 -2.52 -2.60 W784 $ -0.2800 10.6700
-120.3060 43.4280 13.5773 19.7516 3.16 3.04 -3.07 -2.50 Y090 $ 2.2000 6.8600
-122.3180 46.0260 17.5833 22.5534 2.02 2.62 -1.80 -2.42 YALE $ 5.9200 9.0400
-120.0380 35.5330 -10.2887 37.4276 0.75 2.38 0.26 -1.73 YEGU $ -19.6800 24.6200
-119.4750 34.7540 -15.6579 37.1501 0.74 0.44 -2.77 2.17 YMR2 $ -24.9100 24.5200
-113.8520 44.2040 13.7660 13.3937 1.58 0.82 -1.93 -1.29 X51X $ 1.2700 2.6000
-123.2380 39.4550 -9.2690 34.6222 1.08 0.78 1.67 -3.70 X959 $ -19.2200 20.8300
-113.3350 41.5650 9.6886 12.9594 3.77 2.54 -0.97 -0.91 X95X $ -2.1800 2.3400
-119.8440 35.3330 -10.3376 36.2066 0.92 2.23 -0.06 -0.57 Z558 $ -19.7000 23.4600
-121.5480 36.9210 -11.1748 38.8074 4.88 4.28 2.28 -0.59 0028 % -20.7300 25.5300
-121.7500 36.7630 -20.4040 47.0695 4.24 1.15 0.34 1.69 0513 % -29.8900 33.7300
-121.6680 36.7910 -21.7153 49.1943 3.99 1.24 0.72 0.98 05YC % -31.2200 35.8800
-121.3250 36.7930 -4.2572 29.8686 2.97 2.79 1.67 -0.74 05YF % -13.8100 16.6600
-118.9630 34.0530 -14.1271 41.8277 11.32 9.53 -1.17 2.80 0703 % -23.2500 29.3600
-115.8880 33.1770 -7.0587 30.8316 6.05 3.29 1.27 0.87 1110 % -16.2900 19.3600
-115.9640 33.6770 -2.6134 20.2367 2.19 2.67 2.72 0.83 1113 % -11.9800 8.7400
-115.2430 33.6810 1.3272 14.7984 0.94 4.39 2.70 0.34 1114 % -8.1200 3.5400
-116.6470 34.3700 -1.4035 26.1707 3.83 3.20 0.50 6.59 6056 % -10.8900 14.4500
-117.6750 36.1500 -1.3909 19.7247 4.26 6.11 2.52 -1.08 6813 % -11.2500 7.6700
-116.7160 34.6760 -1.4852 22.0432 1.56 3.21 -2.23 -0.16 7000 % -11.0500 10.3000
-116.9740 34.2810 -8.1065 25.3673 6.79 3.60 1.71 1.81 7211 % -17.5300 13.5400
-115.2460 32.6290 -0.2384 21.4094 2.82 2.31 0.93 0.14 ASA1 % -9.3800 10.1500
-116.1750 33.8100 -1.1589 22.0560 9.77 7.72 4.05 0.33 BERD % -10.5400 10.4900
-115.9340 33.9250 2.8610 17.2168 3.36 1.48 3.33 -0.29 BLOY % -6.5800 5.7300
-118.5190 32.9270 -24.5079 47.3060 4.80 2.02 0.08 2.76 BLU1 % -33.3700 34.9800
-116.3220 31.3610 -21.9623 43.6943 2.28 1.40 -0.08 1.02 CADG % -30.6200 32.0800
-116.2740 33.6390 -5.4289 25.9785 5.68 6.80 2.37 0.91 CAHU % -14.7500 14.3800
-117.4510 34.3470 -8.0439 28.2522 2.79 1.29 -0.25 1.39 CAJO % -17.4300 16.2700
-119.7530 33.9950 -17.7502 45.1679 6.41 34.71 -1.59 2.09 CENT % -26.7600 32.4500
-118.2880 36.9790 0.4573 22.9020 5.77 2.14 1.08 -1.38 CG0A % -9.5500 10.6500
-115.7200 33.6640 3.2500 13.6462 2.56 1.81 3.35 -0.86 CG0O % -6.1400 2.2300
-117.7660 34.2220 -15.3961 32.0741 9.40 2.84 -0.85 2.43 CG1H % -24.7100 19.9900
-116.2120 31.1010 -23.2168 43.2682 1.50 1.22 -0.08 0.98 CG1X % -31.8100 31.6900
-116.1690 32.4670 -19.0844 40.2041 1.11 0.76 -1.56 0.56 CG2A % -28.0800 28.6400
-116.4660 35.2180 3.7964 18.3015 6.24 1.85 2.20 -2.36 CG2E % -5.9500 6.6400
-117.5610 36.5190 3.2544 18.9078 3.88 4.20 2.73 -2.22 CG2L % -6.7200 6.8900
-117.4790 36.5720 2.5891 18.5113 3.49 4.56 2.51 -2.09 CG3V % -7.4100 6.5200
-117.0170 34.8240 -0.5890 24.5513 1.71 0.51 0.74 0.02 CG2M % -10.1600 12.7100
-115.9380 31.5520 -20.6061 42.1281 1.02 0.88 0.01 0.92 CG4F % -29.3600 30.6400
-117.3090 33.8370 -14.0307 35.7962 2.04 1.64 0.36 2.69 CG4O % -23.2900 23.8600
-116.3040 31.4630 -22.2806 43.0584 3.28 0.93 -0.07 1.09 CG4V % -30.9700 31.4500
-116.8280 34.1780 -5.5987 26.7698 2.42 2.71 2.07 2.07 CG5B % -15.0100 14.9900
-115.7390 30.9800 -22.7634 42.4425 0.52 0.61 -0.05 0.80 CG5C % -31.3700 31.0200
-116.7030 35.4610 4.7065 19.7390 1.86 4.42 2.47 -1.81 CG5I % -5.0800 8.0000
-117.7060 34.7430 -7.8836 27.2947 2.97 4.79 2.34 -0.25 CG5M % -17.3500 15.2300
-115.0750 32.5590 4.0592 17.0926 1.64 0.98 2.90 -1.24 CG5O % -5.0800 5.8900
-121.4940 36.8410 -10.0881 40.6607 1.77 1.73 1.73 -0.33 CG5Q % -19.6300 27.4000
-121.7990 36.7490 -21.0444 48.2246 6.44 6.77 0.39 1.97 CG5T % -30.5200 34.8700
-116.6950 35.3950 3.9290 18.5263 2.96 0.90 2.40 -1.58 CG5W % -5.8400 6.7900
-118.2940 37.2330 1.4250 23.1139 1.07 0.72 0.88 -2.13 CG6F % -8.6500 10.8600
-113.5190 31.3540 5.1995 13.1216 2.69 1.80 0.61 -0.24 CG6T % -3.7400 2.4400
-116.2230 31.1910 -23.5816 42.9718 0.82 2.11 -0.08 1.05 CG7J % -32.2000 31.3900
-115.3870 31.7720 -17.5940 39.1961 0.73 0.56 0.07 0.74 CG7K % -26.4700 27.8900
-117.7380 33.9140 -14.5591 36.0350 4.39 3.67 -0.37 2.30 CG8C % -23.7900 23.9600
-118.7270 36.1850 -3.9238 26.2125 1.06 1.77 2.05 -1.65 CG8F % -13.6600 13.8200
-117.3280 35.8130 1.0590 21.1024 3.27 2.35 2.97 -1.00 CG8N % -8.7500 9.1600
-116.5580 32.2450 -20.2509 42.1016 6.77 16.02 -0.07 1.59 CG8T % -29.1400 30.4100
-116.5640 34.1500 -1.1163 23.6235 3.38 8.80 3.38 1.69 CHPA % -10.5500 11.9300
-116.4550 35.5150 4.0509 18.1779 1.28 1.30 2.41 -2.09 CJCK % -5.7800 6.5200
-117.3800 34.0040 -12.2019 34.4092 1.05 2.33 0.11 2.42 CLSA % -21.5000 22.4500
-116.7900 34.2340 -6.4385 24.2074 8.60 3.95 2.05 1.88 DEAD % -15.8700 12.4400
-115.4000 33.7150 2.6398 15.3304 1.29 2.28 3.13 -0.94 DESO % -6.8000 4.0200
-116.9690 34.0780 -4.2533 32.1957 3.17 4.64 1.52 1.98 DIVD % -13.6200 20.3700
-116.5340 35.5220 3.8336 17.8337 4.06 0.80 2.48 -1.90 DRIN % -5.9900 6.1500
-116.2100 31.8450 -19.8493 41.6975 1.20 1.09 -0.03 0.97 ELAL % -28.6600 30.1200
-115.0540 31.4920 -20.1322 39.1057 1.49 0.80 0.19 2.39 ELCH % -28.9600 27.9100
-115.7600 31.4930 -20.7047 42.3794 4.99 1.10 0.03 0.87 ELJA % -29.4600 30.9500
-116.9910 32.2740 -20.4099 41.1629 2.03 1.33 -0.07 1.87 ELMO % -29.2600 29.3300
-115.8620 33.1790 -2.8053 29.6331 0.57 0.95 1.28 -0.51 EXTR % -12.0400 18.1700
-117.1610 33.9640 -11.4077 32.3982 3.67 3.12 0.48 2.64 FATL % -20.7200 20.5100
-115.9990 33.9740 2.2077 16.8582 1.77 0.92 3.74 -0.58 F726 % -7.2400 5.3500
-116.4430 31.7210 -20.3003 41.5539 1.27 1.85 -0.09 1.18 FILO % -29.0500 29.9000
-115.9320 34.1360 4.4415 14.1661 3.84 4.65 5.11 -0.73 GODW % -5.0600 2.6800
-115.6470 33.3600 -1.8596 16.8821 3.89 1.92 1.95 0.15 FRIN % -11.1700 5.4900
-116.3790 34.5550 -0.2403 23.4330 3.60 1.70 1.84 0.75 GAYS % -9.8100 11.8000
-115.7730 32.1670 -20.3391 40.6137 1.84 0.99 -1.93 1.11 GCYN % -29.2900 29.1800
-121.6160 36.9800 -14.2889 40.7983 4.12 1.83 2.14 -0.61 GILR % -23.8500 27.5000
-116.5960 35.4530 4.3269 19.3640 0.79 1.62 2.38 -1.81 GRLZ % -5.4700 7.6600
-116.4850 35.4190 3.3705 17.9477 3.82 0.21 2.22 -2.21 GRV1 % -6.4300 6.2800
-118.0820 35.2250 -4.3256 24.6859 3.51 3.90 3.31 -0.23 GS01 % -13.8800 12.5000
-118.1000 35.4940 -3.9537 24.6216 2.96 1.92 3.61 -0.17 GS02 % -13.5800 12.4300
-118.0350 35.6680 -1.3079 24.4207 2.60 2.70 2.55 -0.09 CG03 % -10.9900 12.2500
-117.1790 36.0350 2.4485 20.2040 3.79 3.89 3.27 -1.35 GS07 % -7.4400 8.3100
-117.8980 35.1150 -5.2435 26.3266 4.42 3.65 3.21 0.17 GS09 % -14.7900 14.2000
-117.5850 35.4290 0.4315 25.7256 2.43 1.84 2.97 -0.22 GS11 % -9.2400 13.7000
-117.3330 35.4340 0.9434 25.1540 3.19 3.25 2.75 -0.26 GS12 % -8.7600 13.2100
-117.1490 35.5220 1.5701 22.1843 1.85 2.54 2.60 -0.79 GS13 % -8.1800 10.3000
-117.7060 35.4700 -0.6119 27.0447 4.13 4.14 3.07 -0.32 GS16 % -10.2800 14.9800
-117.5570 35.5690 -3.7464 23.4865 2.54 2.14 2.62 -0.52 GS17 % -13.4600 11.4700
-117.8700 35.5840 -2.8406 23.6876 3.41 2.96 2.67 -0.20 GS18 % -12.5200 11.5700
-117.7400 35.6600 -0.6137 25.5357 2.61 2.13 2.78 -0.40 GS19 % -10.3300 13.4600
-117.4010 35.7690 0.5179 22.5660 1.56 2.18 2.95 -0.80 GS20 % -9.2700 10.6000
-117.7470 35.8230 -3.9796 24.8779 2.50 1.19 2.83 -0.58 GS21 % -13.7400 12.8000
-117.9690 35.8450 0.7289 27.1295 3.97 4.83 2.88 -0.23 GS22 % -9.0100 14.9800
-117.4820 35.9250 -1.4489 20.2223 4.11 4.30 2.85 -1.09 GS24 % -11.2700 8.2300
-117.2890 35.9130 1.3814 20.0497 2.13 2.50 3.05 -1.31 GS25 % -8.4600 8.1200
-117.5420 35.7400 1.7727 21.6117 4.80 4.01 2.54 -1.14 GS26 % -7.9900 9.6000
-117.4540 36.0530 -2.3402 20.9932 5.88 4.32 3.09 -1.22 GS27 % -12.2000 9.0100
-117.5460 36.0670 -0.3777 18.7930 10.88 8.77 2.22 -1.10 GS43 % -10.2300 6.7800
-117.4590 35.5840 0.2397 21.8548 5.95 3.07 1.77 -0.31 GS48 % -9.4900 9.8700
-117.2200 34.2860 -8.2338 27.9073 6.41 3.26 1.33 1.10 GVWP % -17.6300 16.0000
-116.7770 33.7940 -6.9916 33.5231 3.52 11.54 1.89 2.74 INDO % -16.3000 21.7600
-118.6600 35.0890 -7.4144 27.0611 0.66 2.01 3.44 -0.66 JAC1 % -16.8600 14.6900
-116.0340 34.0740 3.6423 17.9597 2.23 1.90 3.98 -0.16 JT01 % -5.8300 6.4400
-116.0780 34.0250 1.4334 18.3342 1.83 2.68 3.76 -0.45 JT02 % -8.0200 6.8000
-116.1330 34.0260 1.2475 19.1622 2.84 2.67 3.68 -0.03 JT03 % -8.2000 7.6100
-116.1640 33.9730 1.1889 20.6124 2.90 2.73 3.36 0.28 JT04 % -8.2400 9.0500
-116.1820 34.0250 1.7517 19.8083 1.20 2.00 3.62 0.49 JT05 % -7.6900 8.2400
-116.3290 33.9160 -1.9260 23.3066 2.60 1.63 2.92 0.95 JT06 % -11.3200 11.6900
-116.2570 34.0880 2.8111 21.1430 1.24 1.41 3.79 0.89 JT07 % -6.6400 9.5500
-116.1490 34.1080 2.7490 17.8475 2.83 1.80 4.02 -0.03 JT08 % -6.7200 6.2900
-116.3060 34.0110 -0.1164 20.8790 1.65 1.96 3.32 0.94 JT09 % -9.5400 9.2700
-116.3490 34.0290 0.4439 20.6331 2.82 2.99 3.32 1.50 JT10 % -8.9800 9.0100
-115.6760 33.8740 5.3151 16.8217 1.76 0.64 3.12 -2.06 JT12 % -4.1400 5.4200
-116.5280 35.9190 2.4450 15.7218 3.97 1.33 2.50 -2.13 JUBI % -7.4900 4.0400
-117.4430 34.0320 -11.4614 34.4596 5.95 7.31 0.14 3.60 JURU % -20.7600 22.4800
-117.0500 34.1960 -6.8593 29.5221 2.67 5.50 1.20 2.89 KELL % -16.2500 17.6700
-116.6040 35.1830 3.0604 19.1766 2.46 1.88 1.68 -2.11 LANF % -6.6600 7.4700
-116.5140 34.3440 -1.1656 23.7972 3.59 2.27 2.53 4.01 LAZY % -10.6600 12.1200
-117.6120 36.4970 0.3520 20.2543 7.71 4.80 4.15 -2.19 LEEF % -9.6100 8.2200
-115.2430 31.9870 -18.0560 39.6384 2.54 1.05 -0.01 1.06 MAY3 % -27.0100 28.3800
-115.2430 31.9880 -16.2857 38.7684 1.64 2.77 0.28 0.43 MAYO % -25.2400 27.5100
-117.3550 33.6200 -16.3273 36.7111 12.51 12.58 -1.15 2.78 ML01 % -25.5200 24.7600
-115.8480 33.9060 3.0252 17.0084 1.51 1.02 3.31 -1.18 PB15 % -6.4200 5.5500
-115.8050 32.4470 -20.4210 40.7143 5.98 2.02 -2.49 0.35 PCDA % -29.4500 29.2700
-116.2230 34.8910 1.7427 18.1218 1.46 0.97 0.23 -6.54 PK02 % -7.9400 6.5400
-115.9580 35.0210 3.6300 16.9447 1.91 0.88 2.23 -5.94 PK04 % -6.1200 5.4500
-115.9530 32.5600 -19.4241 39.8030 4.05 1.97 -1.50 -0.08 PLPR % -28.4700 28.3100
-116.9260 34.1610 -5.8148 26.4517 4.08 1.80 1.87 2.19 PT82 % -15.2100 14.6400
-116.2990 33.7140 -6.6502 25.5167 2.30 0.93 2.99 0.92 PTHP % -15.9900 13.9100
-115.3440 32.1620 -18.2552 40.1119 2.18 1.69 -0.06 0.90 PUAS % -27.2500 28.8200
-116.1680 34.3140 2.0555 18.5437 2.10 0.57 6.86 1.44 PUET % -7.4700 6.9800
-116.6320 32.1180 -19.8656 41.6058 1.50 0.94 -0.11 1.49 RLOV % -28.7100 29.8900
-115.9580 31.9730 -20.2952 41.7447 1.16 1.31 -1.51 1.14 RAYO % -29.1700 30.2500
-116.8480 33.6300 -13.0263 35.4363 3.62 3.28 1.27 3.64 R293 % -22.2800 23.6500
-116.1860 34.3480 2.0731 20.2296 1.66 1.77 6.55 6.88 SCP4 % -7.4600 8.6600
-116.5710 32.9140 -21.1697 39.0558 2.10 4.97 0.33 2.15 SD35 % -30.2500 27.3600
-116.7030 33.3820 -15.1205 36.9390 1.14 4.62 0.79 2.65 SDG6 % -24.3200 25.2000
-116.6790 33.8150 -8.8545 28.3911 8.86 10.39 1.73 1.90 SJPK % -18.1800 16.6600
-120.1060 33.9510 -18.9562 47.5189 7.62 7.71 -2.34 1.75 SNRI % -27.9100 34.6900
-117.6890 34.2160 -13.4687 34.6492 6.10 10.43 -0.52 1.99 SUNP % -22.7900 22.5900
-117.5460 36.7590 3.2419 19.4330 0.81 1.16 2.38 -2.29 TKTJ % -6.8000 7.4200
-117.8640 34.9850 -4.4354 26.8657 2.42 2.37 3.01 0.04 TTAP % -13.9500 14.7500
-119.4790 33.2320 -25.2669 46.0814 8.30 5.17 -0.41 2.27 TWI1 % -34.1000 33.4500
-119.1000 34.6410 -13.6519 33.0713 7.09 8.31 -2.93 1.84 TWST % -22.9200 20.5600
-117.0150 34.3510 -5.4916 24.0507 2.47 2.40 1.29 1.62 WHMT % -14.9300 12.2100
-116.4070 34.0550 -0.4253 22.4521 2.61 1.55 3.27 1.51 WRPK % -9.8500 10.8100
